Business Name,Address,City,State,Phone,Website,ICP Category,Tags,Source,Source Location
Carabin Shaw,"875 E Ashby Pl #1100, San Antonio, TX 78212, USA",San Antonio,TX,+12102222288,https://www.carabinshaw.com/,Legal Services,"AI Automation ICP, Legal Services",Google Places,San Antonio TX
Gamez Law Firm,"2943 Mossrock, San Antonio, TX 78230, USA",San Antonio,TX,+12107364040,https://www.joegamezlaw.com/?utm_source=google&utm_medium=organic&utm_campaign=gmb_local_growthlab,Legal Services,"AI Automation ICP, Legal Services",Google Places,San Antonio TX
Dunham & Jones,"112 E Pecan St Ste 555, San Antonio, TX 78205, USA",San Antonio,TX,+12107777777,https://www.dunhamlaw.com/tx/san-antonio-criminal-attorneys/,Legal Services,"AI Automation ICP, Legal Services",Google Places,San Antonio TX
"Barton & Associates, Attorneys at Law","115 Camaron St, San Antonio, TX 78205, USA",San Antonio,TX,+12105000000,https://www.bartonlawoffice.com/,Legal Services,"AI Automation ICP, Legal Services",Google Places,San Antonio TX
"The Aguirre Law Firm, PLLC","3015 Napier Pk, San Antonio, TX 78231, USA",San Antonio,TX,+12109220808,https://www.aguirrelawpllc.com/?utm_source=google&utm_medium=organic&utm_campaign=gmb-listing,Legal Services,"AI Automation ICP, Legal Services",Google Places,San Antonio TX
"Ruiz & Associates, PLLC","1120 Buena Vista St, San Antonio, TX 78207, USA",San Antonio,TX,+12108994853,https://www.gcrlawoffice.com/?npcmp=dir:local:5090664:78207,Legal Services,"AI Automation ICP, Legal Services",Google Places,San Antonio TX
Trey Porter Law,"816 Camaron St Ste 124, San Antonio, TX 78212, USA",San Antonio,TX,+12106731180,https://www.treyporterlaw.com/san-antonio-dwi-lawyers/,Legal Services,"AI Automation ICP, Legal Services",Google Places,San Antonio TX
Soyars & Morgan Law,"924 McCullough Ave, San Antonio, TX 78215, USA",San Antonio,TX,+12103900000,https://www.soyarsmorganlaw.com/,Legal Services,"AI Automation ICP, Legal Services",Google Places,San Antonio TX
Sean Henricksen Law Firm,"106 S St Mary's St #445, San Antonio, TX 78205, USA",San Antonio,TX,+12109668425,https://www.seanhenricksen.com/,Legal Services,"AI Automation ICP, Legal Services",Google Places,San Antonio TX
"Bergmann Law Firm, PLLC","6812 Bandera Rd Ste 203, San Antonio, TX 78238, USA",San Antonio,TX,+12107594336,https://www.wbergmannlaw.com/,Legal Services,"AI Automation ICP, Legal Services",Google Places,San Antonio TX
"Law Offices of Rebecca Gonzalez, P.C.","6243 I-10 Ste 602, San Antonio, TX 78201, USA",San Antonio,TX,+12103682608,https://www.rebeccagonzalezlaw.com/?npcmp=dir:local:4581976:78201,Legal Services,"AI Automation ICP, Legal Services",Google Places,San Antonio TX
The Barrera Firm,"424 E Nueva St, San Antonio, TX 78205, USA",San Antonio,TX,+12106930910,https://www.thebarrerafirm.com/?npcmp=dir:local:3601529:78205,Legal Services,"AI Automation ICP, Legal Services",Google Places,San Antonio TX
Paul A. Torres - Torres Law Firm,"Historic Teagarden House, 408 Dwyer Ave, San Antonio, TX 78204, USA",San Antonio,TX,+12107372672,http://www.paultorreslaw.com/contact.html,Legal Services,"AI Automation ICP, Legal Services",Google Places,San Antonio TX
Michael & Associates Criminal Defense Attorneys,"321 S Flores St Ste A, San Antonio, TX 78204, USA",San Antonio,TX,+12107917356,https://zealousadvocate.com/criminal-defense/texas/san-antonio/?utm_source=google&utm_medium=GoogleMyBusiness&utm_campaign=gmb,Legal Services,"AI Automation ICP, Legal Services",Google Places,San Antonio TX
The Law Office of Guillermo Lara Jr.,"110 Broadway #490, San Antonio, TX 78205, USA",San Antonio,TX,+12102017599,https://www.sacriminalatty.com/,Legal Services,"AI Automation ICP, Legal Services",Google Places,San Antonio TX
Felix Gonzalez Accident and Injury Law Firm,"626 E Quincy St, San Antonio, TX 78215, USA",San Antonio,TX,+12107962846,https://felixgonzalezlaw.com/?utm_source=GBP&utm_medium=GBP&utm_campaign=GBP_San_Antonio&utm_id=GBP_San_Antonio,Legal Services,"AI Automation ICP, Legal Services",Google Places,San Antonio TX
"Cabañas Law Firm, PLLC","122 Lewis St, San Antonio, TX 78212, USA",San Antonio,TX,+12104464090,https://www.cabanaslaw.com/,Legal Services,"AI Automation ICP, Legal Services",Google Places,San Antonio TX
Law Office of Israel Garcia - San Antonio Accident Lawyer,"926 Chulie Dr, San Antonio, TX 78216, USA",San Antonio,TX,+12105299999,https://www.israelgarcialaw.com/,Legal Services,"AI Automation ICP, Legal Services",Google Places,San Antonio TX
Law Offices of Rudy Vasquez PC,"1430 S Flores St, San Antonio, TX 78204, USA",San Antonio,TX,+12102252828,http://www.rudyvasquez.com/,Legal Services,"AI Automation ICP, Legal Services",Google Places,San Antonio TX
"The Law Office Of Muñoz & Paltz, PLLC","454 Soledad St Ste 203B, San Antonio, TX 78205, USA",San Antonio,TX,+12105875170,http://www.munozpaltzlaw.com/,Legal Services,"AI Automation ICP, Legal Services",Google Places,San Antonio TX
Texas MedClinic Urgent Care - Wurzbach,"9885 I-10, San Antonio, TX 78230, USA",San Antonio,TX,+12106965599,https://www.texasmedclinic.com/location/ih-10-w-wurzbach/,Medical / Healthcare,"AI Automation ICP, Medical / Healthcare",Google Places,San Antonio TX
Texas MedClinic Urgent Care - Culebra,"6530 W Loop 1604 N, San Antonio, TX 78254, USA",San Antonio,TX,+12104765577,https://www.texasmedclinic.com/location/loop-1604-n-culebra/,Medical / Healthcare,"AI Automation ICP, Medical / Healthcare",Google Places,San Antonio TX
HealthTexas Primary Care Doctors (San Pedro Clinic),"530 San Pedro Ave, San Antonio, TX 78212, USA",San Antonio,TX,+12102254511,https://healthtexas.org/primary-care/sa/san-pedro/,Medical / Healthcare,"AI Automation ICP, Medical / Healthcare",Google Places,San Antonio TX
CommuniCare Health Centers - Northwest Clinic,"8210 Callaghan Rd, San Antonio, TX 78230, USA",San Antonio,TX,+12102337000,https://communicaresa.org/locations/san-antonio-locations/northwest-campus/,Medical / Healthcare,"AI Automation ICP, Medical / Healthcare",Google Places,San Antonio TX
Harbor Health (formerly Village Medical) - Bandera Main,"7579 N Loop 1604 W #200, San Antonio, TX 78249, USA",San Antonio,TX,+12106951900,https://harborhealth.com/locations/bandera-main-clinic?utm_source=gmb&utm_medium=profile&utm_campaign=villagemedical_organic-search_location,Medical / Healthcare,"AI Automation ICP, Medical / Healthcare",Google Places,San Antonio TX
Sheriff Employee Health Clinic,"200 N Comal St B114, San Antonio, TX 78207, USA",San Antonio,TX,+12103355320,,Medical / Healthcare,"AI Automation ICP, Medical / Healthcare",Google Places,San Antonio TX
HealthTexas Primary Care Doctors (Wurzbach Clinic),"8542 Wurzbach Rd, San Antonio, TX 78240, USA",San Antonio,TX,+12106167300,https://healthtexas.org/primary-care/sa/wurzbach/,Medical / Healthcare,"AI Automation ICP, Medical / Healthcare",Google Places,San Antonio TX
Sanitas Medical Center,"303 E Quincy St #102, San Antonio, TX 78215, USA",San Antonio,TX,+12106640605,https://www.mysanitas.com/en/tx/sanitas-downtown,Medical / Healthcare,"AI Automation ICP, Medical / Healthcare",Google Places,San Antonio TX
HealthTexas Primary Care Doctors (Westover Hills Clinic),"10307 TX-151, San Antonio, TX 78251, USA",San Antonio,TX,+12102374983,https://healthtexas.org/primary-care/sa/westover-hills/,Medical / Healthcare,"AI Automation ICP, Medical / Healthcare",Google Places,San Antonio TX
Urgent Care ExpressMed - University Health Medical Center Pavilion,"4647 Medical Dr, San Antonio, TX 78229, USA",San Antonio,TX,+12103588145,https://www.universityhealth.com/services/urgent-care?utm_source=Yext&utm_medium=online_listings_location&utm_campaign=UH_digital&utm_content=ExpressMed,Medical / Healthcare,"AI Automation ICP, Medical / Healthcare",Google Places,San Antonio TX
CommuniCare Health Centers - West Clinic,"1102 Barclay St, San Antonio, TX 78207, USA",San Antonio,TX,+12102337000,https://communicaresa.org/locations/san-antonio-locations/west-campus/,Medical / Healthcare,"AI Automation ICP, Medical / Healthcare",Google Places,San Antonio TX
University Health Robert B. Green Campus,"903 W Martin St, San Antonio, TX 78207, USA",San Antonio,TX,+12103583400,https://www.universityhealth.com/locations/robert-b-green-campus?utm_source=Yext&utm_medium=online_listings_location&utm_campaign=UH_digital&utm_content=Robert_B_Green_Campus,Medical / Healthcare,"AI Automation ICP, Medical / Healthcare",Google Places,San Antonio TX
HealthTexas Primary Care Doctors (Stone Oak Clinic),"20821 US-281 Ste 122, San Antonio, TX 78258, USA",San Antonio,TX,+12105461600,https://healthtexas.org/primary-care/sa/stone-oak/,Medical / Healthcare,"AI Automation ICP, Medical / Healthcare",Google Places,San Antonio TX
H-E-B Wellness Primary Care,"1222 N Main Ave #115, San Antonio, TX 78212, USA",San Antonio,TX,+18558039355,https://www.heb.com/wellness/primary-care?utm_source=google&utm_medium=organic&utm_campaign=gmb_wellness,Medical / Healthcare,"AI Automation ICP, Medical / Healthcare",Google Places,San Antonio TX
HealthTexas Primary Care Doctors (Blanco Clinic),"615 Northwest Loop 410 Suite 210, San Antonio, TX 78216, USA",San Antonio,TX,+12103848282,https://healthtexas.org/primary-care/sa/blanco/,Medical / Healthcare,"AI Automation ICP, Medical / Healthcare",Google Places,San Antonio TX
Texas MedClinic Urgent Care - Stone Oak,"323 N Loop 1604 W, San Antonio, TX 78232, USA",San Antonio,TX,+12105495893,https://www.texasmedclinic.com/location/loop-1604-stone-oak-pkwy/,Medical / Healthcare,"AI Automation ICP, Medical / Healthcare",Google Places,San Antonio TX
University Health Medical Center Pavilion,"4647 Medical Dr, San Antonio, TX 78229, USA",San Antonio,TX,+12103588145,https://www.universityhealth.com/locations/medical-center-pavilion?utm_source=Yext&utm_medium=online_listings_location&utm_campaign=UH_digital&utm_content=Medical_Center_Pavilion,Medical / Healthcare,"AI Automation ICP, Medical / Healthcare",Google Places,San Antonio TX
Texas MedClinic Urgent Care - Ingram,"6570 Ingram Rd, San Antonio, TX 78238, USA",San Antonio,TX,+12105205588,https://www.texasmedclinic.com/location/ingram-loop-410/,Medical / Healthcare,"AI Automation ICP, Medical / Healthcare",Google Places,San Antonio TX
MedFirst Primary Care - The Skinner Clinic,"124 Dallas St, San Antonio, TX 78205, USA",San Antonio,TX,+12102241771,https://www.baptisthealthsystem.com/locations/detail/medfirst-primary-care---skinner-clinic,Medical / Healthcare,"AI Automation ICP, Medical / Healthcare",Google Places,San Antonio TX
Urgent Care ExpressMed - University Health Robert B. Green Campus,"903 W Martin St 1st Floor, San Antonio, TX 78207, USA",San Antonio,TX,+12103583611,http://www.universityhealth.com/services/urgent-care?utm_source=Yext&utm_medium=online_listings_location&utm_campaign=UH_digital&utm_content=RBG_ExpressMed,Medical / Healthcare,"AI Automation ICP, Medical / Healthcare",Google Places,San Antonio TX
Z Dentist San Antonio,"7010 W Loop 1604 N Ste 205, San Antonio, TX 78254, USA",San Antonio,TX,+12108029999,https://www.z-dentist.com/,Dental,"AI Automation ICP, Dental",Google Places,San Antonio TX
South Park Family Dental,"2310 SW Military Dr #406, San Antonio, TX 78224, USA",San Antonio,TX,+12109271400,https://safamilydentalcare.com/?utm_source=Maps&utm_medium=GBM,Dental,"AI Automation ICP, Dental",Google Places,San Antonio TX
Local Dental,"4419 E Evans Rd Ste 105, San Antonio, TX 78259, USA",San Antonio,TX,+12106861486,https://localdentalsa.com/,Dental,"AI Automation ICP, Dental",Google Places,San Antonio TX
Villa Dental,"1546 Babcock Rd #105, San Antonio, TX 78229, USA",San Antonio,TX,+12109208481,http://www.villadentaltexas.com/,Dental,"AI Automation ICP, Dental",Google Places,San Antonio TX
Emergency Dental Care USA,"4819 Fredericksburg Rd, San Antonio, TX 78229, USA",San Antonio,TX,+12107751224,https://www.emergencydental.com/sanantonio,Dental,"AI Automation ICP, Dental",Google Places,San Antonio TX
The Dental Space,"3207 SE Military Dr #101, San Antonio, TX 78223, USA",San Antonio,TX,+12108908000,https://www.dentalspacesa.com/,Dental,"AI Automation ICP, Dental",Google Places,San Antonio TX
Rio Dental Emergency Dentist San Antonio,"2811 Hillcrest Dr, San Antonio, TX 78201, USA",San Antonio,TX,+12107858526,https://www.riodentaltx.com/?utm_source=google&utm_medium=gmb,Dental,"AI Automation ICP, Dental",Google Places,San Antonio TX
Texas Dental,"6206 FM78, San Antonio, TX 78244, USA",San Antonio,TX,+12106614211,https://www.texas-dental.com/,Dental,"AI Automation ICP, Dental",Google Places,San Antonio TX
San Antonio Dental Center,"8373 Culebra Rd #102a, San Antonio, TX 78251, USA",San Antonio,TX,+12108009691,http://www.sadentalcenter.com/,Dental,"AI Automation ICP, Dental",Google Places,San Antonio TX
New Heights Dental & Braces,"7700 Broadway #102, San Antonio, TX 78209, USA",San Antonio,TX,+12108285300,https://newheightsdental.com/,Dental,"AI Automation ICP, Dental",Google Places,San Antonio TX
All Smiles Dental Center,"7910 Teak Ln #207, San Antonio, TX 78209, USA",San Antonio,TX,+12107147429,https://www.allsmilesdentalcenter.com/?utm_source=GMB&utm_medium=organic&utm_campaign=DevOptimization&utm_content=Website,Dental,"AI Automation ICP, Dental",Google Places,San Antonio TX
Dental Defenders,"690 SW Military Dr, San Antonio, TX 78221, USA",San Antonio,TX,+12109222000,https://www.dentaldefenderssa.com/,Dental,"AI Automation ICP, Dental",Google Places,San Antonio TX
Comfort Dental West Avenue - San Antonio,"4812 West Ave, San Antonio, TX 78213, USA",San Antonio,TX,+12109770321,https://comfortdental.com/office/tx-west-avenue/?utm_source=google&utm_medium=organic&utm_campaign=Yext,Dental,"AI Automation ICP, Dental",Google Places,San Antonio TX
Galaxia Dental,"3031 W Woodlawn Ave #101, San Antonio, TX 78228, USA",San Antonio,TX,+12108868080,http://galaxiadentalsa.com/,Dental,"AI Automation ICP, Dental",Google Places,San Antonio TX
Inspire Dental of San Antonio,"14801 San Pedro Ave, San Antonio, TX 78232, USA",San Antonio,TX,+12109720768,https://inspiredentalsa.com/#,Dental,"AI Automation ICP, Dental",Google Places,San Antonio TX
Hildebrand Family Dental Care,"1001 W Hildebrand Ave, San Antonio, TX 78201, USA",San Antonio,TX,+12107339477,https://www.hildebrandfamilydental.com/,Dental,"AI Automation ICP, Dental",Google Places,San Antonio TX
Thousand Oaks Dental,"2235 Thousand Oaks Dr #120, San Antonio, TX 78232, USA",San Antonio,TX,+12104990975,https://www.yoursanantoniodentists.com/,Dental,"AI Automation ICP, Dental",Google Places,San Antonio TX
Hernandez Dental Center,"1347 Fair Ave, San Antonio, TX 78223, USA",San Antonio,TX,+12105338191,http://www.southsanantoniodentist.com/,Dental,"AI Automation ICP, Dental",Google Places,San Antonio TX
Texas Smiles dental center,"202 N General McMullen Dr, San Antonio, TX 78237, USA",San Antonio,TX,+12104320909,http://www.texassmilesusa.com/,Dental,"AI Automation ICP, Dental",Google Places,San Antonio TX
Celebrate Dental & Braces - San Antonio San Pedro,"6868 San Pedro Ave, San Antonio, TX 78216, USA",San Antonio,TX,+12106860674,https://celebratedental.com/location/texas/san-pedro-san-antonio/?utm_source=google&utm_medium=organic&utm_campaign=gbp-san-pedro,Dental,"AI Automation ICP, Dental",Google Places,San Antonio TX
Team Kristen Schramme - Group of Keller Williams,"1102 E Sonterra Blvd suite 106, San Antonio, TX 78258, USA",San Antonio,TX,+12104829094,http://www.sahomeguide.net/,Real Estate,"AI Automation ICP, Real Estate",Google Places,San Antonio TX
The Hesles Agency Mario Hesles Best San Antonio Realtors,"20770 US-281, San Antonio, TX 78258, USA",San Antonio,TX,+12109086567,http://www.heslesagency.com/,Real Estate,"AI Automation ICP, Real Estate",Google Places,San Antonio TX
KW Heritage,"1717 N Loop 1604 E, San Antonio, TX 78232, USA",San Antonio,TX,+12104933030,https://www.kwsanantonio.com/,Real Estate,"AI Automation ICP, Real Estate",Google Places,San Antonio TX
Neal & Neal Team,"4618 De Zavala Rd, San Antonio, TX 78249, USA",San Antonio,TX,+12109559573,https://www.mysanantoniohomesearch.com/,Real Estate,"AI Automation ICP, Real Estate",Google Places,San Antonio TX
JBGoodwin Realtors,"607 E Sonterra Blvd Ste 108, San Antonio, TX 78258, USA",San Antonio,TX,+12108024394,https://jbgoodwin.com/?utm_source=gbp&utm_medium=organic,Real Estate,"AI Automation ICP, Real Estate",Google Places,San Antonio TX
The Schrader Group - Brokered by eXp Realty,"300 E Sonterra Blvd #310, San Antonio, TX 78258, USA",San Antonio,TX,+12107296099,https://theschradergroup.com/,Real Estate,"AI Automation ICP, Real Estate",Google Places,San Antonio TX
Levi Rodgers Real Estate Group,"3128 Napier Pk, San Antonio, TX 78231, USA",San Antonio,TX,+12106100760,http://www.lrgrealty.com/,Real Estate,"AI Automation ICP, Real Estate",Google Places,San Antonio TX
Alexis Weigand Real Estate,"2 Spencer Rd Suite 104, Boerne, TX 78006, USA",San Antonio,TX,+12109878801,https://weigandrealestate.com/?utm_source=gbp&utm_medium=organic,Real Estate,"AI Automation ICP, Real Estate",Google Places,San Antonio TX
"Exquisite Properties, LLC","1354 N Loop 1604 E Ste 110, San Antonio, TX 78232, USA",San Antonio,TX,+12104941695,https://exquisitesa.com/,Real Estate,"AI Automation ICP, Real Estate",Google Places,San Antonio TX
Gilley International Group - Real Broker,"1419 S Presa St, San Antonio, TX 78210, USA",San Antonio,TX,+12104451384,https://gilleyinternationalgroup.com/,Real Estate,"AI Automation ICP, Real Estate",Google Places,San Antonio TX
M. Stagers Realty Partners,"5711 Northwest Pkwy Ste 101, San Antonio, TX 78249, USA",San Antonio,TX,+12103055665,https://mstagersrealtypartners.com/?utm_source=gbp&utm_medium=organic,Real Estate,"AI Automation ICP, Real Estate",Google Places,San Antonio TX
Xsellence Realty,"12415 Bandera Rd Suite 108, Helotes, TX 78023, USA",San Antonio,TX,+12105924285,https://www.xsellencerealtysa.com/?utm_source=Google+Business+Profile,Real Estate,"AI Automation ICP, Real Estate",Google Places,San Antonio TX
RE/MAX North - San Antonio,"8131 W Hausman Rd, San Antonio, TX 78249, USA",San Antonio,TX,+12106954850,http://rmnsa.com/,Real Estate,"AI Automation ICP, Real Estate",Google Places,San Antonio TX
Malouff International Group,"1717 N Loop 1604 E, San Antonio, TX 78232, USA",San Antonio,TX,+12109879900,https://malouffinternationalgroup.com/,Real Estate,"AI Automation ICP, Real Estate",Google Places,San Antonio TX
Zest Realty,"11950 Starcrest Dr Ste 207B, San Antonio, TX 78247, USA",San Antonio,TX,+12103928088,https://zestrealtygroup.com/,Real Estate,"AI Automation ICP, Real Estate",Google Places,San Antonio TX
"Century 21 Scott Myers, Realtors","11830 Wurzbach Rd, San Antonio, TX 78230, USA",San Antonio,TX,+12104791222,http://www.century21scottmyers.com/,Real Estate,"AI Automation ICP, Real Estate",Google Places,San Antonio TX
Keller Williams City View,"15510 Vance Jackson Rd, San Antonio, TX 78249, USA",San Antonio,TX,+12106969996,http://www.kwcityview.com/,Real Estate,"AI Automation ICP, Real Estate",Google Places,San Antonio TX
Miguel Herrera Luxury Lifestyle-The Agency,"22211 I-10 Ste 1206, San Antonio, TX 78256, USA",San Antonio,TX,+12105633660,https://miguelherrera.com/?utm_source=gbp&utm_medium=organic,Real Estate,"AI Automation ICP, Real Estate",Google Places,San Antonio TX
Keller Williams Legacy,"1102 E Sonterra Blvd suite 106, San Antonio, TX 78258, USA",San Antonio,TX,+12104823200,http://kellerwilliamssa.com/,Real Estate,"AI Automation ICP, Real Estate",Google Places,San Antonio TX
Æ Realty Group,"7701 Broadway, San Antonio, TX 78209, USA",San Antonio,TX,,https://www.mysatx.com/,Real Estate,"AI Automation ICP, Real Estate",Google Places,San Antonio TX
Richard J Garcia CPA,"2208 San Pedro Ave, San Antonio, TX 78212, USA",San Antonio,TX,+12103491040,http://richardjgarciacpa.com/,Accounting / Finance,"AI Automation ICP, Accounting / Finance",Google Places,San Antonio TX
Mission Accounting & Advisory,"7550 I-10 Ste 854, San Antonio, TX 78229, USA",San Antonio,TX,+12102016965,https://missionaccounting.io/,Accounting / Finance,"AI Automation ICP, Accounting / Finance",Google Places,San Antonio TX
Rodriguez Reiffert - San Antonio CPA & Tax Preparation,"40 NE Interstate 410 Loop Ste 410, San Antonio, TX 78216, USA",San Antonio,TX,+12108229950,https://cpasat.com/,Accounting / Finance,"AI Automation ICP, Accounting / Finance",Google Places,San Antonio TX
Carl Muniz CPA LLC,"112 E Pecan St #175, San Antonio, TX 78205, USA",San Antonio,TX,+12109759158,https://muniz.cpa/,Accounting / Finance,"AI Automation ICP, Accounting / Finance",Google Places,San Antonio TX
Badger CPA Firm,"18402 U.S. Hwy 281 N Ste 281, San Antonio, TX 78259, USA",San Antonio,TX,+12109515577,http://www.badgercpa.com/,Accounting / Finance,"AI Automation ICP, Accounting / Finance",Google Places,San Antonio TX
CJ CPAs,"18911 Hardy Oak Blvd, San Antonio, TX 78258, USA",San Antonio,TX,+12103317161,https://cjtxaudit.com/,Accounting / Finance,"AI Automation ICP, Accounting / Finance",Google Places,San Antonio TX
"Adam Dickreiter, CPA, PLLC","4602 De Zavala Rd Suite 101, San Antonio, TX 78249, USA",San Antonio,TX,+12104134019,,Accounting / Finance,"AI Automation ICP, Accounting / Finance",Google Places,San Antonio TX
"Flint CPA, PC","12120 N North Loop Rd, San Antonio, TX 78216, USA",San Antonio,TX,+12104961444,http://www.flint-cpa.com/,Accounting / Finance,"AI Automation ICP, Accounting / Finance",Google Places,San Antonio TX
Calvetti Ferguson,"250 W Nottingham Dr #100, San Antonio, TX 78209, USA",San Antonio,TX,+12105363200,https://calvettiferguson.com/,Accounting / Finance,"AI Automation ICP, Accounting / Finance",Google Places,San Antonio TX
"Minerva G. Cuellar, CPA PLLC","11208 West Ave, San Antonio, TX 78213, USA",San Antonio,TX,+12104551560,http://cuellarcpa.com/,Accounting / Finance,"AI Automation ICP, Accounting / Finance",Google Places,San Antonio TX
"Laborde & Associates PC, CPAs","1518 S Flores St, San Antonio, TX 78204, USA",San Antonio,TX,+12102272800,http://www.labordecpa.com/,Accounting / Finance,"AI Automation ICP, Accounting / Finance",Google Places,San Antonio TX
Valadez CPA PLLC,"110 Broadway Ste 355, San Antonio, TX 78205, USA",San Antonio,TX,+12103460036,https://valadezcpa.com/,Accounting / Finance,"AI Automation ICP, Accounting / Finance",Google Places,San Antonio TX
Diana Martinez Attorney - CPA PLLC,"7801 Broadway Ste 220, San Antonio, TX 78209, USA",San Antonio,TX,+12109737337,http://www.martinezlawcpa.com/,Accounting / Finance,"AI Automation ICP, Accounting / Finance",Google Places,San Antonio TX
ADKF | with you all the way,"9601 McAllister Fwy Ste 800, San Antonio, TX 78216, USA",San Antonio,TX,+12108291300,https://www.adkf.com/,Accounting / Finance,"AI Automation ICP, Accounting / Finance",Google Places,San Antonio TX
Almanza CPA Firm,"1175 W W Bitters Rd #2203, San Antonio, TX 78216, USA",San Antonio,TX,+12102729793,http://almanzacpafirm.com/,Accounting / Finance,"AI Automation ICP, Accounting / Finance",Google Places,San Antonio TX
Mark Wood CPA,"1600 NE Interstate 410 Loop #100, San Antonio, TX 78209, USA",San Antonio,TX,+12108245611,http://markwoodcpa.com/,Accounting / Finance,"AI Automation ICP, Accounting / Finance",Google Places,San Antonio TX
"JMS CPA, PLLC","282 W Wildwood Dr, San Antonio, TX 78212, USA",San Antonio,TX,+12105269747,https://jms-cpas.com/,Accounting / Finance,"AI Automation ICP, Accounting / Finance",Google Places,San Antonio TX
MFCPA P.C.,"734 Sprucewood Ln, San Antonio, TX 78216, USA",San Antonio,TX,+12102455678,http://www.marcoflores.cpa/,Accounting / Finance,"AI Automation ICP, Accounting / Finance",Google Places,San Antonio TX
"Sol Schwartz & Associates, PC","8000 I-10 Suite 1100, San Antonio, TX 78230, USA",San Antonio,TX,+12103848000,http://www.ssacpa.com/,Accounting / Finance,"AI Automation ICP, Accounting / Finance",Google Places,San Antonio TX
The Gonzales Group CPA's,"7800 Frontage Rd Ste 505, San Antonio, TX 78230, USA",San Antonio,TX,+12103669430,https://www.gonzalesgroupcpa.com/,Accounting / Finance,"AI Automation ICP, Accounting / Finance",Google Places,San Antonio TX
Ellis Insurance Agency,"15335 San Pedro Ave, San Antonio, TX 78232, USA",San Antonio,TX,+12109799000,http://www.ellisinsure.com/,Insurance,"AI Automation ICP, Insurance",Google Places,San Antonio TX
Farmers Insurance - Jennifer Hickman,"14526 Jones Maltsberger Rd #102, San Antonio, TX 78247, USA",San Antonio,TX,+12105451414,https://agents.farmers.com/tx/san-antonio/jennifer-hickman?SourceID=AMPALFGMAG&utm_source=GMB&utm_medium=Local&y_source=1_MTU1MTY5NS03MTUtbG9jYXRpb24ud2Vic2l0ZQ==,Insurance,"AI Automation ICP, Insurance",Google Places,San Antonio TX
My Insurance Group,"18587 Sigma Rd Ste 210, San Antonio, TX 78258, USA",San Antonio,TX,+12107083203,https://www.myinsurancegroup.com/,Insurance,"AI Automation ICP, Insurance",Google Places,San Antonio TX
Prime SR22 insurance San Antonio,"121 N Flores St, San Antonio, TX 78205, USA",San Antonio,TX,+17262555636,http://sr22insurancesanantonio.site/,Insurance,"AI Automation ICP, Insurance",Google Places,San Antonio TX
Freeway Insurance,"2626 W Commerce St, San Antonio, TX 78207, USA",San Antonio,TX,+12109077571,https://locations.freeway.com/auto-insurance-1596-san-antonio-w-commerce,Insurance,"AI Automation ICP, Insurance",Google Places,San Antonio TX
Insurance Select,"114 N Ellison Dr #409, San Antonio, TX 78251, USA",San Antonio,TX,+12102639498,https://insuranceselectsa.com/,Insurance,"AI Automation ICP, Insurance",Google Places,San Antonio TX
La Familia Auto Insurance,"11503 Perrin Beitel, San Antonio, TX 78217, USA",San Antonio,TX,+12102020828,https://lafamiliainsurance.com/stores/san-antonio-perrin-beitel/,Insurance,"AI Automation ICP, Insurance",Google Places,San Antonio TX
Shannon Miller Insurance Agency,"18410 U.S. Hwy 281 N Ste. 109, San Antonio, TX 78259, USA",San Antonio,TX,+12109550500,https://www.shannonmiller.net/,Insurance,"AI Automation ICP, Insurance",Google Places,San Antonio TX
"Affordable Health Insurance Agency, LLC","3502 Paesanos Pkwy Ste 102, San Antonio, TX 78231, USA",San Antonio,TX,+12107383537,http://ahiabenefits.com/,Insurance,"AI Automation ICP, Insurance",Google Places,San Antonio TX
Reyes Insurance Agency,"7310 Somerset Rd, San Antonio, TX 78211, USA",San Antonio,TX,+12109210949,http://www.reyesinsuranceagency.com/,Insurance,"AI Automation ICP, Insurance",Google Places,San Antonio TX
Reyes Insurance Agency,"1130 W Hildebrand Ave, San Antonio, TX 78201, USA",San Antonio,TX,+12107319229,https://www.reyesinsuranceagency.com/,Insurance,"AI Automation ICP, Insurance",Google Places,San Antonio TX
"Leal Insurance Services, LLC","118 Broadway #532, San Antonio, TX 78205, USA",San Antonio,TX,+12102777544,https://lealinsurance.com/,Insurance,"AI Automation ICP, Insurance",Google Places,San Antonio TX
Cavender Insurance Agency,"17811 San Pedro Ave Ste 200, San Antonio, TX 78232, USA",San Antonio,TX,+12105809915,https://www.cavenderins.com/,Insurance,"AI Automation ICP, Insurance",Google Places,San Antonio TX
Cheap Car Insurance Agency San Antonio,"112 E Pecan St #1711, San Antonio, TX 78205, USA",San Antonio,TX,+16674076455,,Insurance,"AI Automation ICP, Insurance",Google Places,San Antonio TX
HD Insurance Agency,"6827 Camp Bullis Rd Ste 302, San Antonio, TX 78256, USA",San Antonio,TX,+12107508900,https://www.hd-ins.com/,Insurance,"AI Automation ICP, Insurance",Google Places,San Antonio TX
Progressive Insurance - Claims Office,"3800 Horizon Hill Blvd Ste 105, San Antonio, TX 78229, USA",San Antonio,TX,+18002744499,https://www.progressive.com/claims/?utm_source=G&utm_medium=local&utm_campaign=progressivedirectclaimcenters,Insurance,"AI Automation ICP, Insurance",Google Places,San Antonio TX
A & A Insurance Agency,"1317 Castroville Rd, San Antonio, TX 78237, USA",San Antonio,TX,+12104342311,,Insurance,"AI Automation ICP, Insurance",Google Places,San Antonio TX
Jubilee Insurance Agency,"12054 Starcrest Dr Apt 205, San Antonio, TX 78247, USA",San Antonio,TX,+12102310713,http://www.jubileeinsurance.org/,Insurance,"AI Automation ICP, Insurance",Google Places,San Antonio TX
"Goosehead Insurance - Phil Delgado, San Antonio, TX","18503 Sigma Rd, San Antonio, TX 78258, USA",San Antonio,TX,+12108993800,https://www.goosehead.com/agents/tx/san-antonio/phil-delgado?utm_source=google&utm_medium=organic_search&utm_campaign=yext,Insurance,"AI Automation ICP, Insurance",Google Places,San Antonio TX
Better Choice Insurance Group,"106 S St Mary's St Ste 265, San Antonio, TX 78205, USA",San Antonio,TX,+18479085665,https://www.betterchoiceins.com/,Insurance,"AI Automation ICP, Insurance",Google Places,San Antonio TX
Wela Financial Advisory,"366 W Sunset Rd Bldg 4, San Antonio, TX 78209, USA",San Antonio,TX,+12105309599,https://www.welafa.com/,Financial Advisory,"AI Automation ICP, Financial Advisory",Google Places,San Antonio TX
Financial Life Advisors,"2338 N Loop 1604 W Ste 311, San Antonio, TX 78248, USA",San Antonio,TX,+12109188998,http://www.fladvisors.com/,Financial Advisory,"AI Automation ICP, Financial Advisory",Google Places,San Antonio TX
Secure Financial Management,"4630 De Zavala Rd, San Antonio, TX 78249, USA",San Antonio,TX,+12104286250,http://www.sfmplanning.com/,Financial Advisory,"AI Automation ICP, Financial Advisory",Google Places,San Antonio TX
"Stone Oak Wealth Management, LLC","19026 Ridgewood Pkwy Ste 134, San Antonio, TX 78259, USA",San Antonio,TX,+12103392707,https://stoneoakwealth.com/,Financial Advisory,"AI Automation ICP, Financial Advisory",Google Places,San Antonio TX
"PAX Financial Group, LLC","270 N Loop 1604 E STE. 200, San Antonio, TX 78232, USA",San Antonio,TX,+12108815700,https://paxfinancialgroup.com/,Financial Advisory,"AI Automation ICP, Financial Advisory",Google Places,San Antonio TX
Avid Wealth Partners,"23119 I-10 Bldg 20, San Antonio, TX 78257, USA",San Antonio,TX,+12108643333,http://www.avidwp.com/,Financial Advisory,"AI Automation ICP, Financial Advisory",Google Places,San Antonio TX
Genesis Wealth Management,"17806 I-10 suite 120, San Antonio, TX 78257, USA",San Antonio,TX,+12106869000,https://www.genesiswealthtx.com/financial-advisor-san-antonio-tx,Financial Advisory,"AI Automation ICP, Financial Advisory",Google Places,San Antonio TX
1900 Wealth,"1900 Broadway Ste 900, San Antonio, TX 78215, USA",San Antonio,TX,+12107367770,https://1900wealth.com/,Financial Advisory,"AI Automation ICP, Financial Advisory",Google Places,San Antonio TX
CAPTRUST,"700 N St Mary's St #100, San Antonio, TX 78205, USA",San Antonio,TX,+12108248916,https://www.captrust.com/locations/texas/san-antonio-tx/?utm_source=gmb&utm_medium=organic,Financial Advisory,"AI Automation ICP, Financial Advisory",Google Places,San Antonio TX
Morgan Stanley Financial Advisors,"7600 Broadway Apt 100, San Antonio, TX 78209, USA",San Antonio,TX,+12102774400,https://advisor.morganstanley.com/san-antonio-market?y_source=1_MjQ1MjE4Mi03MTUtbG9jYXRpb24ud2Vic2l0ZQ%3D%3D,Financial Advisory,"AI Automation ICP, Financial Advisory",Google Places,San Antonio TX
"Mission Financial Planners, LLC","601 Northwest Loop 410, San Antonio, TX 78216, USA",San Antonio,TX,+18883390093,https://www.missionfinancialplanners.com/,Financial Advisory,"AI Automation ICP, Financial Advisory",Google Places,San Antonio TX
First Command Financial Advisor - David Conrady,"6243 I-10 Ste 250, San Antonio, TX 78201, USA",San Antonio,TX,+12107350653,https://advisor.firstcommand.com/us/tx/san-antonio/drconrady?y_source=1_MTAwNzUzMTY0Mi03MTUtbG9jYXRpb24ud2Vic2l0ZQ%3D%3D,Financial Advisory,"AI Automation ICP, Financial Advisory",Google Places,San Antonio TX
First Command Financial Advisor - Nate Quinlan,"3133 General Hudnell Dr Suite 301, San Antonio, TX 78226, USA",San Antonio,TX,+12104639900,https://advisor.firstcommand.com/us/tx/san-antonio/nmquinlan?y_source=1_MTA3NzQ5OTAxNi03MTUtbG9jYXRpb24ud2Vic2l0ZQ%3D%3D,Financial Advisory,"AI Automation ICP, Financial Advisory",Google Places,San Antonio TX
First Command Financial Advisor - Mark Swindell,"6243 I-10 Ste 250, San Antonio, TX 78201, USA",San Antonio,TX,+12107350653,https://advisor.firstcommand.com/us/tx/san-antonio/mpswindell?y_source=1_MjA5NjE5MzktNzE1LWxvY2F0aW9uLndlYnNpdGU%3D,Financial Advisory,"AI Automation ICP, Financial Advisory",Google Places,San Antonio TX
Merrill Lynch Wealth Management,"1803 Broadway, San Antonio, TX 78215, USA",San Antonio,TX,+12108052922,https://advisor.ml.com/sites/tx/san-antonio,Financial Advisory,"AI Automation ICP, Financial Advisory",Google Places,San Antonio TX
Merrill Lynch Financial Advisor David Kiolbassa,"1803 Broadway, San Antonio, TX 78215, USA",San Antonio,TX,+12108052977,https://advisor.ml.com/sites/tx/san-antonio-tx/ki.associates,Financial Advisory,"AI Automation ICP, Financial Advisory",Google Places,San Antonio TX
Ingenuity Financial Services,"711 Broadway Ste 126, San Antonio, TX 78215, USA",San Antonio,TX,+12103486090,http://ingenuityfinancial.com/,Financial Advisory,"AI Automation ICP, Financial Advisory",Google Places,San Antonio TX
Edward Jones - Financial Advisor: Christina M Garza,"1344 S Flores St Ste 205, San Antonio, TX 78204, USA",San Antonio,TX,+12103469961,https://www.edwardjones.com/us-en/financial-advisor/christina-garza?y_source=1_MzA2NTE2ODQtNzE1LWxvY2F0aW9uLndlYnNpdGU%3D,Financial Advisory,"AI Automation ICP, Financial Advisory",Google Places,San Antonio TX
Merrill Lynch Financial Advisor Shelby Bracho,"1803 Broadway, San Antonio, TX 78215, USA",San Antonio,TX,+12108052905,https://advisor.ml.com/sites/tx/san-antonio-tx/shelby.bracho,Financial Advisory,"AI Automation ICP, Financial Advisory",Google Places,San Antonio TX
"Edward Jones - Financial Advisor: Chris Berry, CRPS™","4040 Broadway Ste 512, San Antonio, TX 78209, USA",San Antonio,TX,+12108285711,https://www.edwardjones.com/us-en/financial-advisor/chris-berry?y_source=1_OTY0NjI4LTcxNS1sb2NhdGlvbi53ZWJzaXRl,Financial Advisory,"AI Automation ICP, Financial Advisory",Google Places,San Antonio TX
San Antonio Mortgage LLC,"8000 I-10 Ste 664, San Antonio, TX 78230, USA",San Antonio,TX,+18006741474,https://sanantoniomtg.com/,Mortgage,"AI Automation ICP, Mortgage",Google Places,San Antonio TX
GFS Home Loans Corporate,"2822 N Loop 1604 W Ste. 101, San Antonio, TX 78248, USA",San Antonio,TX,+12103661070,https://www.gfshomeloans.com/,Mortgage,"AI Automation ICP, Mortgage",Google Places,San Antonio TX
Cornerstone Home Lending,"3239 N Loop 1604 W Ste 300, San Antonio, TX 78257, USA",San Antonio,TX,+12103404994,https://www.houseloan.com/texas,Mortgage,"AI Automation ICP, Mortgage",Google Places,San Antonio TX
USA Mortgage,"211 N Loop 1604 E #250, San Antonio, TX 78232, USA",San Antonio,TX,+12103990401,https://www.usamortgage.com/branch/san-antonio/?utm_source=G&utm_medium=LPM&utm_campaign=USAMortgageLPM,Mortgage,"AI Automation ICP, Mortgage",Google Places,San Antonio TX
"New Horizon Mortgage, Inc.","11106 West Ave, San Antonio, TX 78213, USA",San Antonio,TX,+12103415626,https://www.newhorizonmortgage.com/,Mortgage,"AI Automation ICP, Mortgage",Google Places,San Antonio TX
Brady Team Loans - Synergy One Lending Inc,"2111 South Interstate 35 South Frontage Road Suite 1104, New Braunfels, TX 78130, USA",San Antonio,TX,+12106012866,https://bradyteamloans.com/,Mortgage,"AI Automation ICP, Mortgage",Google Places,San Antonio TX
"Lennar Mortgage, LLC San Antonio","100 NE Interstate 410 Loop Ste 625, San Antonio, TX 78216, USA",San Antonio,TX,+12104036240,https://lennarmortgage.com/sanantonio,Mortgage,"AI Automation ICP, Mortgage",Google Places,San Antonio TX
South Texas Lending,"1846 N Loop 1604 W Ste 205, San Antonio, TX 78248, USA",San Antonio,TX,+12107506164,https://stxlending.com/,Mortgage,"AI Automation ICP, Mortgage",Google Places,San Antonio TX
Sente Mortgage Company San Antonio,"14701 San Pedro Ave #230, San Antonio, TX 78232, USA",San Antonio,TX,+17262681967,https://www.sentemortgage.com/location/san-antonio/,Mortgage,"AI Automation ICP, Mortgage",Google Places,San Antonio TX
"PrimeLending, A PlainsCapital Company - San Antonio Central","270 N Loop 1604 E #310, San Antonio, TX 78232, USA",San Antonio,TX,+12104942660,https://lo.primelending.com/sanantoniocentral/?utm_source=gmb&utm_medium=organic&utm_campaign=sanantoniocentral,Mortgage,"AI Automation ICP, Mortgage",Google Places,San Antonio TX
RNC Mortgage B Lenders For Construction & Land,"303 E Quincy St #101, San Antonio, TX 78215, USA",San Antonio,TX,+17262012010,,Mortgage,"AI Automation ICP, Mortgage",Google Places,San Antonio TX
Mortgage of Texas & Financial LLC,"6609 Blanco Rd #320, San Antonio, TX 78216, USA",San Antonio,TX,+12108582425,http://www.txloanguy.com/,Mortgage,"AI Automation ICP, Mortgage",Google Places,San Antonio TX
Velocio Mortgage LLC,"4372 N Loop 1604 W Ste 308, San Antonio, TX 78249, USA",San Antonio,TX,+12109716105,https://www.houseloan.com/velociomortgage/,Mortgage,"AI Automation ICP, Mortgage",Google Places,San Antonio TX
Orange Mortgage,"10010 San Pedro Ave Ste 825, San Antonio, TX 78216, USA",San Antonio,TX,+12106409515,http://www.orangemortgage.com/,Mortgage,"AI Automation ICP, Mortgage",Google Places,San Antonio TX
Clarity Mortgage,"2929 Mossrock #118, San Antonio, TX 78230, USA",San Antonio,TX,+12103621244,http://www.claritymortgagetx.com/,Mortgage,"AI Automation ICP, Mortgage",Google Places,San Antonio TX
Guild Mortgage - Chuck Espinoza,"1149 E Commerce St Suite 210, San Antonio, TX 78205, USA",San Antonio,TX,+12103936405,https://branches.guildmortgage.com/tx/sanantonio/chuck-espinoza-872-aples.html,Mortgage,"AI Automation ICP, Mortgage",Google Places,San Antonio TX
Guild Mortgage Company,"1149 E Commerce St Suite 210, San Antonio, TX 78205, USA",San Antonio,TX,+12105727358,https://branches.guildmortgage.com/tx/sanantonio/san-antonio-e.-commerce-872.html,Mortgage,"AI Automation ICP, Mortgage",Google Places,San Antonio TX
Rev Mortgage,"5590 Summit Pkwy, San Antonio, TX 78229, USA",San Antonio,TX,+12109698020,http://www.gorevmortgage.com/,Mortgage,"AI Automation ICP, Mortgage",Google Places,San Antonio TX
Guild Mortgage - Jennifer Schroen,"1149 E Commerce St Suite 210, San Antonio, TX 78205, USA",San Antonio,TX,+12102193021,https://branches.guildmortgage.com/tx/sanantonio/jennifer-schroen-872-apjwo.html,Mortgage,"AI Automation ICP, Mortgage",Google Places,San Antonio TX
Rodsan Mortgage LLC - Matthew Sanchez,"5282 Medical Dr Ste 106, San Antonio, TX 78229, USA",San Antonio,TX,+12107362638,http://www.rodsanmortgage.com/,Mortgage,"AI Automation ICP, Mortgage",Google Places,San Antonio TX
Funnel Boost Media,"3201 Cherry Ridge Dr #200, San Antonio, TX 78230, USA",San Antonio,TX,+12108801902,https://www.funnelboostmedia.net/,Marketing Agency,"AI Automation ICP, Marketing Agency",Google Places,San Antonio TX
The CE Group Inc.,"200 E Grayson St #114, San Antonio, TX 78215, USA",San Antonio,TX,+12108225001,https://www.cegroupinc.net/,Marketing Agency,"AI Automation ICP, Marketing Agency",Google Places,San Antonio TX
Boss Creative | Branding & Marketing Agency,"18911 Hardy Oak Blvd #128, San Antonio, TX 78258, USA",San Antonio,TX,+12105689677,https://bosscreative.com/,Marketing Agency,"AI Automation ICP, Marketing Agency",Google Places,San Antonio TX
Sharkmatic Advertising,"437 McCarty Rd Ste c, San Antonio, TX 78216, USA",San Antonio,TX,+12103750000,https://www.sharkmatic.com/,Marketing Agency,"AI Automation ICP, Marketing Agency",Google Places,San Antonio TX
The Creative Mango,"1203 Buena Vista St Ste.101, San Antonio, TX 78207, USA",San Antonio,TX,+12107302964,http://thecreativemango.com/,Marketing Agency,"AI Automation ICP, Marketing Agency",Google Places,San Antonio TX
FOG Digital Marketing,"2822 N Loop 1604 W Ste 109, San Antonio, TX 78248, USA",San Antonio,TX,+17262244920,https://www.fogdigitalmarketing.com/,Marketing Agency,"AI Automation ICP, Marketing Agency",Google Places,San Antonio TX
"Parallel, A Brand Agency","915 Dallas St, San Antonio, TX 78215, USA",San Antonio,TX,+12102553809,https://parallelbrandagency.com/,Marketing Agency,"AI Automation ICP, Marketing Agency",Google Places,San Antonio TX
Tribu Creative,"420 Milam, San Antonio, TX 78202, USA",San Antonio,TX,+12102099209,https://wearetribu.com/,Marketing Agency,"AI Automation ICP, Marketing Agency",Google Places,San Antonio TX
Texas Creative,"110 E Houston St Ste 209, San Antonio, TX 78205, USA",San Antonio,TX,+12108288003,https://texascreative.com/,Marketing Agency,"AI Automation ICP, Marketing Agency",Google Places,San Antonio TX
2ten Marketing - Digital Marketing Agency,"18402 U.S. Hwy 281 N #257, San Antonio, TX 78259, USA",San Antonio,TX,+12102687595,http://www.2tenmarketing.com/,Marketing Agency,"AI Automation ICP, Marketing Agency",Google Places,San Antonio TX
Heartfire Media,"300 Arbor Pl 2nd floor, San Antonio, TX 78207, USA",San Antonio,TX,+12104678244,https://heartfiremedia.net/,Marketing Agency,"AI Automation ICP, Marketing Agency",Google Places,San Antonio TX
Love.Marketing LLC,"925 W Russell Pl, San Antonio, TX 78212, USA",San Antonio,TX,+12107616097,https://love.marketing/,Marketing Agency,"AI Automation ICP, Marketing Agency",Google Places,San Antonio TX
Gray Digital Group | Digital Marketing Agency,"816 Camaron St Suite #1.23, San Antonio, TX 78212, USA",San Antonio,TX,+12107504443,http://www.graydigitalgroup.com/,Marketing Agency,"AI Automation ICP, Marketing Agency",Google Places,San Antonio TX
Thrive Internet Marketing Agency,"9901 I-10 Ste 800, San Antonio, TX 78230, USA",San Antonio,TX,+12108809020,https://thriveagency.com/san-antonio-digital-marketing-agency/?utm_source=GMBlisting&utm_medium=organic,Marketing Agency,"AI Automation ICP, Marketing Agency",Google Places,San Antonio TX
Chamoy Creative,"147 E Mistletoe, San Antonio, TX 78212, USA",San Antonio,TX,+12109510222,https://www.chamoycreative.com/,Marketing Agency,"AI Automation ICP, Marketing Agency",Google Places,San Antonio TX
IMAGEHOUSE MEDIA,"1200 Avenue B #523, San Antonio, TX 78215, USA",San Antonio,TX,+19565347741,http://imagehousemedia.com/?utm_source=google&utm_medium=organic&utm_campaign=gmb-listing,Marketing Agency,"AI Automation ICP, Marketing Agency",Google Places,San Antonio TX
Beast Creative Agency,"122 Lewis St, San Antonio, TX 78212, USA",San Antonio,TX,+12106100772,https://beastcreativeagency.com/,Marketing Agency,"AI Automation ICP, Marketing Agency",Google Places,San Antonio TX
Klip a Media Company,"802 San Fernando St, San Antonio, TX 78207, USA",San Antonio,TX,+12108422607,http://www.klip.media/,Marketing Agency,"AI Automation ICP, Marketing Agency",Google Places,San Antonio TX
Robot Creative,"1114 S St Mary's St Ste 200, San Antonio, TX 78210, USA",San Antonio,TX,+12104768801,http://www.robotcreative.com/,Marketing Agency,"AI Automation ICP, Marketing Agency",Google Places,San Antonio TX
Sammis|Ochoa Public Relations and Digital Marketing,"719 S St Mary's St, San Antonio, TX 78205, USA",San Antonio,TX,+12103904284,http://www.sammisochoa.com/,Marketing Agency,"AI Automation ICP, Marketing Agency",Google Places,San Antonio TX
Staff Force Personnel Services,"4951 Northwest Loop 410, San Antonio, TX 78229, USA",San Antonio,TX,+12108286220,http://www.staff-force.com/,Staffing / HR,"AI Automation ICP, Staffing / HR",Google Places,San Antonio TX
PrideStaff,"3201 Cherry Ridge Dr Bldg C, Suite 317, San Antonio, TX 78230, USA",San Antonio,TX,+12108076206,https://www.pridestaff.com/sanantonion,Staffing / HR,"AI Automation ICP, Staffing / HR",Google Places,San Antonio TX
Onin Staffing,"16111 San Pedro Ave #103, San Antonio, TX 78232, USA",San Antonio,TX,+12108889395,https://www.oninstaffing.com/,Staffing / HR,"AI Automation ICP, Staffing / HR",Google Places,San Antonio TX
Allegiance Staffing,"3740 Colony Dr #130, San Antonio, TX 78230, USA",San Antonio,TX,+12107353636,http://www.allegiancestaffing.com/,Staffing / HR,"AI Automation ICP, Staffing / HR",Google Places,San Antonio TX
Choice Staffing,"9033 Aero St Ste 101, San Antonio, TX 78217, USA",San Antonio,TX,+12108050800,https://www.choicestaffingusa.com/,Staffing / HR,"AI Automation ICP, Staffing / HR",Google Places,San Antonio TX
FirstOption Workforce Solutions,"11467 Huebner Rd Ste 115, San Antonio, TX 78230, USA",San Antonio,TX,+12107333700,https://firstoptionws.com/,Staffing / HR,"AI Automation ICP, Staffing / HR",Google Places,San Antonio TX
Reliable Staffing,"2135 Bandera Rd Suite 101, San Antonio, TX 78228, USA",San Antonio,TX,+12104329675,https://reliablestaffing.com/sanantonio,Staffing / HR,"AI Automation ICP, Staffing / HR",Google Places,San Antonio TX
Aerotek,"70 NE Interstate 410 Loop Ste 1104, San Antonio, TX 78216, USA",San Antonio,TX,+12103211150,https://www.aerotek.com/en/locations/united-states/texas/san-antonio?ecid=ls_aero_bizlist_091222_seo7123178,Staffing / HR,"AI Automation ICP, Staffing / HR",Google Places,San Antonio TX
Adecco Staffing,"45 NE Interstate 410 Loop, San Antonio, TX 78216, USA",San Antonio,TX,+12105455850,https://www.adecco.com/en-us/locations/texas/san-antonio/adecco-staffing-san-antonio-tx-adus_025333,Staffing / HR,"AI Automation ICP, Staffing / HR",Google Places,San Antonio TX
Elwood Staffing,"6739 Northwest Loop 410 #102, San Antonio, TX 78238, USA",San Antonio,TX,+12109495110,https://www.elwoodstaffing.com/contact-us-and-locations/TX/San-Antonio,Staffing / HR,"AI Automation ICP, Staffing / HR",Google Places,San Antonio TX
Express Employment Professionals,"9055 Marbach Rd Ste 101, San Antonio, TX 78245, USA",San Antonio,TX,+12106743300,https://www.expresspros.com/us-texas-san-antonio-southwest,Staffing / HR,"AI Automation ICP, Staffing / HR",Google Places,San Antonio TX
Reliable Staffing,"7303 Blanco Rd, San Antonio, TX 78216, USA",San Antonio,TX,+12104329675,https://reliablestaffing.com/blanco-san-antonio/,Staffing / HR,"AI Automation ICP, Staffing / HR",Google Places,San Antonio TX
Express Employment Professionals,"403 S WW White Rd Ste 222 B, San Antonio, TX 78219, USA",San Antonio,TX,+12109231774,https://www.expresspros.com/us-texas-san-antonio-southeast,Staffing / HR,"AI Automation ICP, Staffing / HR",Google Places,San Antonio TX
Trinity Staffing Services,"Comerica Bank Building, 13750 San Pedro Ave #540, San Antonio, TX 78232, USA",San Antonio,TX,+12108059920,https://trinitystaffing.com/san-antonio-temp-agency-office/?utm_source=google&utm_medium=organic&utm_campaign=Googlelocal&utm_id=Googlelocal,Staffing / HR,"AI Automation ICP, Staffing / HR",Google Places,San Antonio TX
Luxor Staffing,"167 SW Military Dr Ste 167, San Antonio, TX 78221, USA",San Antonio,TX,+12108588040,https://luxorstaffing.com/,Staffing / HR,"AI Automation ICP, Staffing / HR",Google Places,San Antonio TX
Tri-Starr Talent,"1000 Central Pkwy N #100, San Antonio, TX 78232, USA",San Antonio,TX,+12103089911,https://tristarrtalent.com/,Staffing / HR,"AI Automation ICP, Staffing / HR",Google Places,San Antonio TX
Snelling Staffing Service,"842 Northwest Loop 410 Ste 113, San Antonio, TX 78216, USA",San Antonio,TX,+12105238000,https://sanantonio.snelling.com/,Staffing / HR,"AI Automation ICP, Staffing / HR",Google Places,San Antonio TX
Luxor Staffing,"5460 Walzem Rd Ste 101, San Antonio, TX 78218, USA",San Antonio,TX,+12108585465,https://luxorstaffing.com/locations/?location=san-antonio-north-office-san-antonio-texas,Staffing / HR,"AI Automation ICP, Staffing / HR",Google Places,San Antonio TX
Renhill Staffing Services of Texas,"102 Rilla Vista Dr, San Antonio, TX 78216, USA",San Antonio,TX,+12108280508,http://renhillmgmt.com/,Staffing / HR,"AI Automation ICP, Staffing / HR",Google Places,San Antonio TX
VIP Staffing,"6425 Blanco Rd, San Antonio, TX 78216, USA",San Antonio,TX,+12106642680,https://www.vip-staffing.com/,Staffing / HR,"AI Automation ICP, Staffing / HR",Google Places,San Antonio TX
Herbert H. Construction,"5301 Bandera Rd, San Antonio, TX 78238, USA",San Antonio,TX,+12103381824,https://www.herberthconstructionsa.com/,Construction / Contractor,"AI Automation ICP, Construction / Contractor",Google Places,San Antonio TX
"M Construction & Remodeling Group, LLC","141 Danube Dr Ste 202, San Antonio, TX 78213, USA",San Antonio,TX,+12103894562,https://www.mcr-groupllc.com/,Construction / Contractor,"AI Automation ICP, Construction / Contractor",Google Places,San Antonio TX
Premium Construction San Antonio,"711 Broadway Ste 350, San Antonio, TX 78215, USA",San Antonio,TX,+12106105003,https://sites.google.com/view/premiumconstructionsanantonio/home,Construction / Contractor,"AI Automation ICP, Construction / Contractor",Google Places,San Antonio TX
San Antonio Constructors & Consulting,"1902 W Ashby Pl, San Antonio, TX 78201, USA",San Antonio,TX,+17262461132,http://www.sa-construct.com/,Construction / Contractor,"AI Automation ICP, Construction / Contractor",Google Places,San Antonio TX
Cordero General Contractors,"430 Delmar St, San Antonio, TX 78210, USA",San Antonio,TX,+12109802992,,Construction / Contractor,"AI Automation ICP, Construction / Contractor",Google Places,San Antonio TX
HomeNovate Inc.,"321 S Flores St, San Antonio, TX 78204, USA",San Antonio,TX,+12107906837,https://www.homenovate.com/,Construction / Contractor,"AI Automation ICP, Construction / Contractor",Google Places,San Antonio TX
BP Construction Company,"700 N St Mary's St Ste 1400, San Antonio, TX 78205, USA",San Antonio,TX,+15129059431,http://www.bpconstructionco.com/,Construction / Contractor,"AI Automation ICP, Construction / Contractor",Google Places,San Antonio TX
Ibarras General Remodeling Inc General Construction,"1644 Perez St, San Antonio, TX 78207, USA",San Antonio,TX,+12102553190,http://www.judysbook.com/Ibarras-General-Remodeling--Inc-Bathroom-Planning-and-Remodeling-Contractors-sanantonio-tx-r30086274.htm,Construction / Contractor,"AI Automation ICP, Construction / Contractor",Google Places,San Antonio TX
Evenflow Home & Commercial Services,"1547 W Poplar St, San Antonio, TX 78207, USA",San Antonio,TX,+12109854955,https://www.evenflowhomeservices.com/?utm_source=gbp&utm_medium=organic&utm_campaign=webite&utm_content=web-cta&utm_term=san-antonio-tx,Construction / Contractor,"AI Automation ICP, Construction / Contractor",Google Places,San Antonio TX
Tejas Premier Building Contractor Inc.,"1811 S Laredo St, San Antonio, TX 78207, USA",San Antonio,TX,+12108215858,http://www.dreamongroup.com/,Construction / Contractor,"AI Automation ICP, Construction / Contractor",Google Places,San Antonio TX
Troy Jessee Construction,"312 W Josephine St, San Antonio, TX 78212, USA",San Antonio,TX,+12107373434,http://www.troyjesseeconstruction.com/,Construction / Contractor,"AI Automation ICP, Construction / Contractor",Google Places,San Antonio TX
Texas Auto Dealer LLC,"6970 Interstate 35 Access Rd, San Antonio, TX 78224, USA",San Antonio,TX,+12109999532,https://www.txautodealer.com/,Auto Dealership,"AI Automation ICP, Auto Dealership",Google Places,San Antonio TX
CarMax,"3611 Fountainhead Dr, San Antonio, TX 78229, USA",San Antonio,TX,+12103424662,https://www.carmax.com/stores/7152?utm_source=SEO_Local&utm_medium=SEO_Local_Snack_Pack&utm_campaign=SEO_TX&utm_content=SEO_San_Antonio&utm_term=SEO_7152,Auto Dealership,"AI Automation ICP, Auto Dealership",Google Places,San Antonio TX
EchoPark Automotive San Antonio,"5611 N Loop 1604 W, San Antonio, TX 78257, USA",San Antonio,TX,+12103842299,https://www.echopark.com/dealerships/tx/san-antonio/echopark-san-antonio?utm_source=google&utm_campaign=GoogleLocalListingSanAntonio&utm_medium=organic,Auto Dealership,"AI Automation ICP, Auto Dealership",Google Places,San Antonio TX
Southpoint Automotive LLC,"6915 Interstate 35 Access Rd, San Antonio, TX 78224, USA",San Antonio,TX,+12105319666,http://www.southpointautomotive.com/,Auto Dealership,"AI Automation ICP, Auto Dealership",Google Places,San Antonio TX
Luna Car Center - Pre-Owned Cars San Antonio Texas,"3904 San Pedro Ave, San Antonio, TX 78212, USA",San Antonio,TX,+12107318510,http://www.lunacarcenter.com/,Auto Dealership,"AI Automation ICP, Auto Dealership",Google Places,San Antonio TX
Oso Grande Auto Sales,"5407 Interstate 35 Access Rd, San Antonio, TX 78211, USA",San Antonio,TX,+12109245455,https://www.osograndeautos.com/,Auto Dealership,"AI Automation ICP, Auto Dealership",Google Places,San Antonio TX
AutoNation USA San Antonio,"15423 I-10, San Antonio, TX 78249, USA",San Antonio,TX,+12105986915,https://www.autonationusa.com/dealers/usa-san-antonio-tx-78249?&utm_source=local&utm_medium=organic&utm_campaign=*000012247*GMB,Auto Dealership,"AI Automation ICP, Auto Dealership",Google Places,San Antonio TX
Northside Chevrolet,"9400 San Pedro Ave, San Antonio, TX 78216, USA",San Antonio,TX,+12102656130,https://www.mynschevy.com/?utm_source=google&utm_medium=organic&utm_campaign=googlemybusiness,Auto Dealership,"AI Automation ICP, Auto Dealership",Google Places,San Antonio TX
Spotless Auto LLC,"5415 San Pedro Ave, San Antonio, TX 78212, USA",San Antonio,TX,+12103611233,https://spotlessautousa.com/?utm_source=google&utm_medium=organic&utm_campaign=gbp,Auto Dealership,"AI Automation ICP, Auto Dealership",Google Places,San Antonio TX
IKENNA AUTO SALES,"5505 San Pedro Ave, San Antonio, TX 78212, USA",San Antonio,TX,+12109559991,https://www.ikennaauto.com/,Auto Dealership,"AI Automation ICP, Auto Dealership",Google Places,San Antonio TX
A Affordable Autos,"4941 Rigsby Ave, San Antonio, TX 78222, USA",San Antonio,TX,+12106480456,https://www.autotrader.com/car-dealers/san-antonio-tx-78205/8398757/a-affordable-autos,Auto Dealership,"AI Automation ICP, Auto Dealership",Google Places,San Antonio TX
Carz of Texas Auto Sales,"5625 San Pedro Ave, San Antonio, TX 78212, USA",San Antonio,TX,+12109798778,http://www.carzoftexas.net/,Auto Dealership,"AI Automation ICP, Auto Dealership",Google Places,San Antonio TX
Diamond Motors,"4519 S PanAm Expy, San Antonio, TX 78225, USA",San Antonio,TX,+12109208088,http://thediamondmotors.com/,Auto Dealership,"AI Automation ICP, Auto Dealership",Google Places,San Antonio TX
Auto A to Z,"1334 S General McMullen, San Antonio, TX 78237, USA",San Antonio,TX,+12105911848,http://www.autoatoz.com/,Auto Dealership,"AI Automation ICP, Auto Dealership",Google Places,San Antonio TX
Spotless Auto LLC,"7523 W Loop 1604 N, San Antonio, TX 78254, USA",San Antonio,TX,+12103616603,https://spotlessautousa.com/?utm_source=google&utm_medium=organic&utm_campaign=gbp,Auto Dealership,"AI Automation ICP, Auto Dealership",Google Places,San Antonio TX
Vara Chevrolet,"8011 Interstate 35 Access Rd, San Antonio, TX 78224, USA",San Antonio,TX,+12107390452,https://www.vara.com/?utm_source=google&utm_medium=organic&utm_campaign=google_my_business,Auto Dealership,"AI Automation ICP, Auto Dealership",Google Places,San Antonio TX
Panamera Motors LLC,"4414 San Pedro Ave, San Antonio, TX 78212, USA",San Antonio,TX,+12105570824,http://panameramotors.com/,Auto Dealership,"AI Automation ICP, Auto Dealership",Google Places,San Antonio TX
Eurospeed International,"6143 San Pedro Ave, San Antonio, TX 78216, USA",San Antonio,TX,+12107319091,http://www.eurospeedcars.com/,Auto Dealership,"AI Automation ICP, Auto Dealership",Google Places,San Antonio TX
210 Auto Credit,"711 N General McMullen Dr, San Antonio, TX 78228, USA",San Antonio,TX,+12102456955,http://210autocredit.com/,Auto Dealership,"AI Automation ICP, Auto Dealership",Google Places,San Antonio TX
Texas Auto,"6730 Interstate 35 Access Rd, San Antonio, TX 78224, USA",San Antonio,TX,+12109249217,https://www.texasautosales.co/,Auto Dealership,"AI Automation ICP, Auto Dealership",Google Places,San Antonio TX
Real Property Management Alamo - San Antonio,"7272 Wurzbach Rd Ste 204, San Antonio, TX 78240, USA",San Antonio,TX,+12107873876,https://www.rpmalamo.com/?cid=LSTL_RPM000203&utm_source=gmb&utm_campaign=local&utm_medium=organic,Property Management,"AI Automation ICP, Property Management",Google Places,San Antonio TX
CloverLeaf Property Management,"8620 N New Braunfels Ave #620, San Antonio, TX 78217, USA",San Antonio,TX,+12108277777,http://www.cloverleafpropertymanagement.com/,Property Management,"AI Automation ICP, Property Management",Google Places,San Antonio TX
"Liberty Management, Inc.","4801 Northwest Loop 410 #111, San Antonio, TX 78229, USA",San Antonio,TX,+12106818080,https://www.libertymgt.net/,Property Management,"AI Automation ICP, Property Management",Google Places,San Antonio TX
Hendricks Property Management,"2227 Lockhill Selma Rd, San Antonio, TX 78230, USA",San Antonio,TX,+12103443463,http://www.sarents.com/,Property Management,"AI Automation ICP, Property Management",Google Places,San Antonio TX
Peace of Mind Property Management,"1102 E Sonterra Blvd Ste. 101, San Antonio, TX 78258, USA",San Antonio,TX,+18882116743,http://www.peaceofmind.co/,Property Management,"AI Automation ICP, Property Management",Google Places,San Antonio TX
RentWerx Property Management,"3002 Napier Pk Ste 101, San Antonio, TX 78231, USA",San Antonio,TX,+12104978686,https://www.rentwerx.com/,Property Management,"AI Automation ICP, Property Management",Google Places,San Antonio TX
MHN Property Management,"7300 Blanco Rd Ste 202, San Antonio, TX 78216, USA",San Antonio,TX,+12104029696,https://www.mhnproperties.com/,Property Management,"AI Automation ICP, Property Management",Google Places,San Antonio TX
Bay Property Management Group San Antonio,"7400 Blanco Rd Ste 262, San Antonio, TX 78216, USA",San Antonio,TX,+17268886950,https://texasbmg.com/areas-we-serve/property-management-in-san-antonio-texas/,Property Management,"AI Automation ICP, Property Management",Google Places,San Antonio TX
Pyramis Company Property Management,"9901 IH 10 West Suite 800, San Antonio, TX 78230, USA",San Antonio,TX,+12105939807,https://pyramiscompany.com/,Property Management,"AI Automation ICP, Property Management",Google Places,San Antonio TX
"PMI Birdy Properties, CRMC","18830 Stone Oak Pkwy, San Antonio, TX 78258, USA",San Antonio,TX,+12105249400,https://www.birdy.com/,Property Management,"AI Automation ICP, Property Management",Google Places,San Antonio TX
Casa Cantera Property Management,"4204 Gardendale Rd Ste 308, San Antonio, TX 78229, USA",San Antonio,TX,+12108901989,http://www.casacanteratx.com/,Property Management,"AI Automation ICP, Property Management",Google Places,San Antonio TX
ForeFront Property Management,"4606 Centerview Dr Unit 109, San Antonio, TX 78228, USA",San Antonio,TX,,,Property Management,"AI Automation ICP, Property Management",Google Places,San Antonio TX
"Strategic Property Management, Inc.","Colonnade Building, 9901 I-10 Ste 800, San Antonio, TX 78230, USA",San Antonio,TX,+12106724000,http://www.spm-roi.com/,Property Management,"AI Automation ICP, Property Management",Google Places,San Antonio TX
Heritage Property Management,"1717 N Loop 1604 E, San Antonio, TX 78232, USA",San Antonio,TX,+12104774862,https://www.heritagepropertymanagementsa.com/contact,Property Management,"AI Automation ICP, Property Management",Google Places,San Antonio TX
Keyrenter Property Management San Antonio,"3740 Colony Dr Ste LL104, San Antonio, TX 78230, USA",San Antonio,TX,+12105038000,https://keyrentersanantonio.com/,Property Management,"AI Automation ICP, Property Management",Google Places,San Antonio TX
HomeRiver Group San Antonio,"2141 NW Military Hwy, San Antonio, TX 78213, USA",San Antonio,TX,+12103401717,https://www.homeriver.com/texas/san-antonio-property-management?utm_source=Google&utm_medium=GBP&utm_campaign=san+antonio,Property Management,"AI Automation ICP, Property Management",Google Places,San Antonio TX
Freedom Property Management TX LLC,"40 NE Interstate 410 Loop #400, San Antonio, TX 78216, USA",San Antonio,TX,+12107872860,https://www.freedompropertymanagementtx.com/,Property Management,"AI Automation ICP, Property Management",Google Places,San Antonio TX
Hance Realty Real Estate & Property Management,"1001 Donaldson Ave, San Antonio, TX 78228, USA",San Antonio,TX,+12106322408,http://www.hancerealty.com/,Property Management,"AI Automation ICP, Property Management",Google Places,San Antonio TX
Red Wagon Properties,"16719 Huebner Rd #1, San Antonio, TX 78248, USA",San Antonio,TX,+12106951100,https://redwagonproperties.com/?utm_source=gmb&utm_medium=link,Property Management,"AI Automation ICP, Property Management",Google Places,San Antonio TX
All County Alamo Property Management,"1777 Northeast Interstate 410 Loop #600, San Antonio, TX 78217, USA",San Antonio,TX,+12107180992,https://allcountyalamo.com/,Property Management,"AI Automation ICP, Property Management",Google Places,San Antonio TX
TechSage Solutions - San Antonio IT Support and Managed IT Services,"3463 Magic Dr #255, San Antonio, TX 78229, USA",San Antonio,TX,+12108649607,https://www.techsagesolutions.com/,IT / MSP,"AI Automation ICP, IT / MSP",Google Places,San Antonio TX
7tech IT Services and Cybersecurity,"2544 MacArthur View, San Antonio, TX 78217, USA",San Antonio,TX,+18557016777,https://www.7tech.com/managed-it-services-san-antonio/,IT / MSP,"AI Automation ICP, IT / MSP",Google Places,San Antonio TX
Hi-Tex Solutions - San Antonio Managed IT Services Company,"4040 Broadway Ste 525, San Antonio, TX 78209, USA",San Antonio,TX,+12103901409,https://hi-texsolutions.com/managed-it-services-san-antonio-tx/,IT / MSP,"AI Automation ICP, IT / MSP",Google Places,San Antonio TX
IronEdge Group | San Antonio Managed IT Services,"401 Isom Rd #290, San Antonio, TX 78216, USA",San Antonio,TX,+12107574222,https://www.ironedgegroup.com/locations/san-antonio/,IT / MSP,"AI Automation ICP, IT / MSP",Google Places,San Antonio TX
Managed IT Services and VoIP - SD Tech,"523 Med Ct Ste 105, San Antonio, TX 78258, USA",San Antonio,TX,+12105587385,https://www.sd-tech.net/,IT / MSP,"AI Automation ICP, IT / MSP",Google Places,San Antonio TX
Precision Managed IT,"1228 Cornerway Blvd, San Antonio, TX 78219, USA",San Antonio,TX,+12109428594,http://www.precisionmanagedit.com/san-antonio-tx/,IT / MSP,"AI Automation ICP, IT / MSP",Google Places,San Antonio TX
Mandry Technology,"21750 Hardy Oak Blvd Suit 102, San Antonio, TX 78258, USA",San Antonio,TX,+18775847223,https://mandrytechnology.com/san-antonio/,IT / MSP,"AI Automation ICP, IT / MSP",Google Places,San Antonio TX
Centre Technologies,"6243 I-10 #606, San Antonio, TX 78201, USA",San Antonio,TX,+18332368731,https://www.centretechnologies.com/san-antonio,IT / MSP,"AI Automation ICP, IT / MSP",Google Places,San Antonio TX
Varay Managed IT Services San Antonio,"2702 McCullough Ave Ste 100, San Antonio, TX 78212, USA",San Antonio,TX,+12106409300,https://www.varay.com/varay-managed-it-in-san-antonio-texas,IT / MSP,"AI Automation ICP, IT / MSP",Google Places,San Antonio TX
7tech IT Services and Cybersecurity,"2544 MacArthur View, San Antonio, TX 78217, USA",San Antonio,TX,+12103200400,https://www.7tech.com/?utm_campaign=gmb,IT / MSP,"AI Automation ICP, IT / MSP",Google Places,San Antonio TX
Computer Solutions,"14410 Wurzbach Pkwy #175, San Antonio, TX 78216, USA",San Antonio,TX,+12103690300,http://www.comsoltx.com/,IT / MSP,"AI Automation ICP, IT / MSP",Google Places,San Antonio TX
SecureTech,"11220 W Loop 1604 N Bldg 1, San Antonio, TX 78254, USA",San Antonio,TX,+12107980889,https://www.getsecuretech.com/,IT / MSP,"AI Automation ICP, IT / MSP",Google Places,San Antonio TX
Modern Managed IT,"110 E Houston St 6th floor, San Antonio, TX 78205, USA",San Antonio,TX,+12109699979,https://www.modernmanagedit.com/services/,IT / MSP,"AI Automation ICP, IT / MSP",Google Places,San Antonio TX
𝐂𝐌𝐈𝐓 𝐒𝐨𝐥𝐮𝐭𝐢𝐨𝐧𝐬 San Antonio - Managed IT Services San Antonio & IT Support - Managed IT Services for Small Business,"14080 Nacogdoches Rd #309, San Antonio, TX 78247, USA",San Antonio,TX,+12102432337,https://cmitsolutions.com/sanantonio-tx-1098/manage-it-services-san-antonio/?utm_source=google&utm_medium=organic&utm_campaign=gmb,IT / MSP,"AI Automation ICP, IT / MSP",Google Places,San Antonio TX
Bridgehead IT,"1355 Central Pkwy S #100, San Antonio, TX 78232, USA",San Antonio,TX,+12104777900,http://www.bridgeheadit.com/,IT / MSP,"AI Automation ICP, IT / MSP",Google Places,San Antonio TX
"DefendIT Services, Inc.","84 NE Interstate 410 Loop Ste 274, San Antonio, TX 78216, USA",San Antonio,TX,+12107428096,http://www.defenditservices.com/,IT / MSP,"AI Automation ICP, IT / MSP",Google Places,San Antonio TX
Velonex Technologies,"84 NE Interstate 410 Loop #170, San Antonio, TX 78216, USA",San Antonio,TX,+12103414806,http://www.velonexit.com/,IT / MSP,"AI Automation ICP, IT / MSP",Google Places,San Antonio TX
Contigo Technology - San Antonio Managed IT Services Company,"200 E Grayson St Ste 210, San Antonio, TX 78215, USA",San Antonio,TX,+12107949535,https://www.contigotechnology.com/managed-it-services-san-antonio/,IT / MSP,"AI Automation ICP, IT / MSP",Google Places,San Antonio TX
RX Technology,"14220 Northbrook Dr Ste. 500, San Antonio, TX 78232, USA",San Antonio,TX,+12108286081,https://www.rx-tech.com/,IT / MSP,"AI Automation ICP, IT / MSP",Google Places,San Antonio TX
High Touch Technologies,"1100 Northwest Loop 410 #72, San Antonio, TX 78213, USA",San Antonio,TX,+12105470303,https://www.hightouchtechnologies.com/who-we-are/locations/san-antonio/,IT / MSP,"AI Automation ICP, IT / MSP",Google Places,San Antonio TX
Stewart Title Company - San Antonio Bitters,"2338 N Loop 1604 W #110, San Antonio, TX 78248, USA",San Antonio,TX,+12107640800,https://www.stewart.com/en/markets/san-antonio/offices/bitters-loop.html,Title / Closing,"AI Automation ICP, Title / Closing",Google Places,San Antonio TX
First American Title Insurance Company,"1846 N Loop 1604 W Ste 101, San Antonio, TX 78248, USA",San Antonio,TX,+12103903600,https://local.firstam.com/tx/offices/northside?utm_source=gmb&utm_medium=organic-listings&utm_campaign=residential-local-search&y_source=1_MTQ3MjI2MzctNzE1LWxvY2F0aW9uLndlYnNpdGU%3D,Title / Closing,"AI Automation ICP, Title / Closing",Google Places,San Antonio TX
Frontier Title San Antonio,"4372 N Loop 1604 W #216, San Antonio, TX 78249, USA",San Antonio,TX,+12103055600,http://www.frontiertitletexas.com/,Title / Closing,"AI Automation ICP, Title / Closing",Google Places,San Antonio TX
Old Republic Title (La Arcata Retail Center),"115 N Loop 1604 E #2200, San Antonio, TX 78232, USA",San Antonio,TX,+12104960002,https://www.oldrepublictitle.com/texas/san-antonio/la-arcata/,Title / Closing,"AI Automation ICP, Title / Closing",Google Places,San Antonio TX
San Antonio Auto Title Services,"6107 Callaghan Rd, San Antonio, TX 78228, USA",San Antonio,TX,+12106804036,http://sanantonioautotitles.com/,Title / Closing,"AI Automation ICP, Title / Closing",Google Places,San Antonio TX
Succession Title,"18410 U.S. Hwy 281 N #111, San Antonio, TX 78259, USA",San Antonio,TX,+12108178486,http://successiontitle.com/,Title / Closing,"AI Automation ICP, Title / Closing",Google Places,San Antonio TX
Preserve Title Company LLC,"6606 N New Braunfels Ave #106, San Antonio, TX 78209, USA",San Antonio,TX,+12109453370,http://www.preservetitle.com/,Title / Closing,"AI Automation ICP, Title / Closing",Google Places,San Antonio TX
Key Title Group San Antonio - Alamo Heights,"7701 Broadway Suite 106, San Antonio, TX 78209, USA",San Antonio,TX,+12108580688,http://keytitleoftexas.com/,Title / Closing,"AI Automation ICP, Title / Closing",Google Places,San Antonio TX
Chicago Title Insurance Co,"270 N Loop 1604 E #100, San Antonio, TX 78232, USA",San Antonio,TX,+12104823500,https://sanantonio.ctic.com/,Title / Closing,"AI Automation ICP, Title / Closing",Google Places,San Antonio TX
Service Title Company,"909 NE Interstate 410 Loop #101, San Antonio, TX 78209, USA",San Antonio,TX,+12103448820,http://www.servicetitlesa.com/index_files/Page335.htm,Title / Closing,"AI Automation ICP, Title / Closing",Google Places,San Antonio TX
ENV Title,"4499 Pond Hill Rd, San Antonio, TX 78231, USA",San Antonio,TX,+12107977404,https://envtitle.com/,Title / Closing,"AI Automation ICP, Title / Closing",Google Places,San Antonio TX
Stewart Title Company - San Antonio Bandera,"9646 W Loop 1604 N #104, San Antonio, TX 78254, USA",San Antonio,TX,+12105268714,http://www.stewart.com/san-antonio,Title / Closing,"AI Automation ICP, Title / Closing",Google Places,San Antonio TX
WFG National Title Company,"800 E Sonterra Blvd Ste 170, San Antonio, TX 78258, USA",San Antonio,TX,+12105721854,https://wfgtitle.com/san-antonio-office/,Title / Closing,"AI Automation ICP, Title / Closing",Google Places,San Antonio TX
Cantera Title & Escrow,"3522 Paesanos Pkwy #302, San Antonio, TX 78231, USA",San Antonio,TX,+12104413437,https://canteratitle.com/,Title / Closing,"AI Automation ICP, Title / Closing",Google Places,San Antonio TX
Alamo Title Company,"4800 Fredericksburg Rd Ste 101 a, San Antonio, TX 78229, USA",San Antonio,TX,+12104020735,https://alamotitlesa.com/,Title / Closing,"AI Automation ICP, Title / Closing",Google Places,San Antonio TX
San Antonio Auto Title Services,"6325 San Pedro Ave #5, San Antonio, TX 78216, USA",San Antonio,TX,+12103750562,http://sanantonioautotitles.com/,Title / Closing,"AI Automation ICP, Title / Closing",Google Places,San Antonio TX
Alamo Title at Lincoln Heights,"950 E Basse Rd, San Antonio, TX 78209, USA",San Antonio,TX,+12108240264,http://alamotitlesa.com/lincolnheights/,Title / Closing,"AI Automation ICP, Title / Closing",Google Places,San Antonio TX
Lennar Title - San Antonio Branch,"100 NE Interstate 410 Loop Ste 1135, San Antonio, TX 78216, USA",San Antonio,TX,+12103182103,https://www.lennartitle.com/,Title / Closing,"AI Automation ICP, Title / Closing",Google Places,San Antonio TX
Capital Title - City View,"10999 I-10 #125, San Antonio, TX 78230, USA",San Antonio,TX,+12102021660,http://www.ctot.com/,Title / Closing,"AI Automation ICP, Title / Closing",Google Places,San Antonio TX
Presidio Title,"7373 Broadway # 105, San Antonio, TX 78209, USA",San Antonio,TX,+12107579600,http://www.presidiotitle.com/,Title / Closing,"AI Automation ICP, Title / Closing",Google Places,San Antonio TX
LG Logistics Solutions,"12042 Blanco Rd, San Antonio, TX 78216, USA",San Antonio,TX,+12104088265,https://lglogisticssolutions.com/,Logistics / Trucking,"AI Automation ICP, Logistics / Trucking",Google Places,San Antonio TX
"Kelly Global Logistics, inc","4040 Broadway Ste 240, San Antonio, TX 78209, USA",San Antonio,TX,+12102459570,http://www.kellygloballogistics.com/,Logistics / Trucking,"AI Automation ICP, Logistics / Trucking",Google Places,San Antonio TX
"US Logistics Solutions, Inc","411 N Frank Luke Dr, San Antonio, TX 78226, USA",San Antonio,TX,+12106625108,https://www.uslogisticssolutions.com/,Logistics / Trucking,"AI Automation ICP, Logistics / Trucking",Google Places,San Antonio TX
"Tanager Logistics, LLC","901 NE Interstate 410 Loop #901, San Antonio, TX 78209, USA",San Antonio,TX,+12109078383,http://www.tanagerlogistics.com/,Logistics / Trucking,"AI Automation ICP, Logistics / Trucking",Google Places,San Antonio TX
TForce Logistics - San Antonio,"10700 Sentinel Dr, San Antonio, TX 78217, USA",San Antonio,TX,+18553962639,https://www.tforcelogistics.com/,Logistics / Trucking,"AI Automation ICP, Logistics / Trucking",Google Places,San Antonio TX
Mainfreight San Antonio/Intelligent Logistics,"8562 NE Interstate 410 Loop #102, San Antonio, TX 78219, USA",San Antonio,TX,+12109515513,http://inlogistics.com/,Logistics / Trucking,"AI Automation ICP, Logistics / Trucking",Google Places,San Antonio TX
SMS Logistics Inc,"3232 N PanAm Expy Ste A, San Antonio, TX 78219, USA",San Antonio,TX,+12102819239,http://www.smslogistics.net/,Logistics / Trucking,"AI Automation ICP, Logistics / Trucking",Google Places,San Antonio TX
Sky Express and Logistics,"3318 N PanAm Expy, San Antonio, TX 78219, USA",San Antonio,TX,+18452872018,,Logistics / Trucking,"AI Automation ICP, Logistics / Trucking",Google Places,San Antonio TX
Southern Warehousing & Distribution,"3232 N PanAm Expy Ste A, San Antonio, TX 78219, USA",San Antonio,TX,+12102247771,http://www.southernwd.com/,Logistics / Trucking,"AI Automation ICP, Logistics / Trucking",Google Places,San Antonio TX
L & H Logistics,"747 Ceralvo St, San Antonio, TX 78207, USA",San Antonio,TX,+12102713131,,Logistics / Trucking,"AI Automation ICP, Logistics / Trucking",Google Places,San Antonio TX
Move Logistics Inc.,"10510 I-35 Frontage Rd, San Antonio, TX 78233, USA",San Antonio,TX,+12104546981,https://movelogistics.net/,Logistics / Trucking,"AI Automation ICP, Logistics / Trucking",Google Places,San Antonio TX
Estes Express Lines,"5348 E Houston St, San Antonio, TX 78220, USA",San Antonio,TX,+12102228161,https://www.estes-express.com/terminals/san-antonio,Logistics / Trucking,"AI Automation ICP, Logistics / Trucking",Google Places,San Antonio TX
AK Logistix,"700 N St Mary's St Ste 1400, San Antonio, TX 78205, USA",San Antonio,TX,+12108632771,http://aklogistix.com/san-antonio-freight-shipping-services/,Logistics / Trucking,"AI Automation ICP, Logistics / Trucking",Google Places,San Antonio TX
Timeline Logistics - San Antonio,"121 Interpark Blvd, San Antonio, TX 78216, USA",San Antonio,TX,+18669734077,,Logistics / Trucking,"AI Automation ICP, Logistics / Trucking",Google Places,San Antonio TX
San Antonio TX Mover's,"225 E Hildebrand Ave, San Antonio, TX 78212, USA",San Antonio,TX,+12109043008,https://texasmovers.net/,Logistics / Trucking,"AI Automation ICP, Logistics / Trucking",Google Places,San Antonio TX
Crane Worldwide Logistics - San Antonio,"5411 I-10, San Antonio, TX 78219, USA",San Antonio,TX,+12109515607,https://www.craneww.com/locations/usa/san-antonio/,Logistics / Trucking,"AI Automation ICP, Logistics / Trucking",Google Places,San Antonio TX
R+L Carriers,"4202 Frontage Rd, San Antonio, TX 78219, USA",San Antonio,TX,+12103376653,https://www2.rlcarriers.com/,Logistics / Trucking,"AI Automation ICP, Logistics / Trucking",Google Places,San Antonio TX
"Bee Trucking, LLC","530 Steves Ave, San Antonio, TX 78204, USA",San Antonio,TX,+12106467211,https://beetrucking.com/,Logistics / Trucking,"AI Automation ICP, Logistics / Trucking",Google Places,San Antonio TX
"Double Diamond Transport, Inc.","3333 SE Loop 410 Acc Rd, San Antonio, TX 78222, USA",San Antonio,TX,+12103146528,http://www.dd-transport.com/,Logistics / Trucking,"AI Automation ICP, Logistics / Trucking",Google Places,San Antonio TX
Xpo Logistics,"Texas Ave, San Antonio, TX 78226, USA",San Antonio,TX,,,Logistics / Trucking,"AI Automation ICP, Logistics / Trucking",Google Places,San Antonio TX
"Law Office of Marco Sanchez, P.C.","2115 Stephens Pl Ste 400C, New Braunfels, TX 78130, USA",New Braunfels,TX,+18302535608,https://marcosanchezlaw.com/,Legal Services,"AI Automation ICP, Legal Services",Google Places,New Braunfels TX
Texas Horizons Law Group,"410 W San Antonio St #203, New Braunfels, TX 78130, USA",New Braunfels,TX,+18302401848,https://thlg.law/?utm_source=google&utm_medium=organic&utm_campaign=gbp_braunfels_tx_78130,Legal Services,"AI Automation ICP, Legal Services",Google Places,New Braunfels TX
The Duke Law Firm,"391 Landa St Ste 1110, New Braunfels, TX 78130, USA",New Braunfels,TX,+18305005101,https://www.the-duke-law.com/,Legal Services,"AI Automation ICP, Legal Services",Google Places,New Braunfels TX
"Davidek Law Firm, PLLC","493 S Seguin Ave, New Braunfels, TX 78130, USA",New Braunfels,TX,+18305155854,https://davideklaw.com/,Legal Services,"AI Automation ICP, Legal Services",Google Places,New Braunfels TX
Burch Law Firm,"328 S Seguin Ave, New Braunfels, TX 78130, USA",New Braunfels,TX,+18305496264,https://www.troyburchlaw.com/?utm_source=local&utm_medium=organic&utm_campaign=newbraunfels,Legal Services,"AI Automation ICP, Legal Services",Google Places,New Braunfels TX
Kyle Law Firm,"707 N Walnut Ave, New Braunfels, TX 78130, USA",New Braunfels,TX,+18306209402,https://www.kylelawfirm.com/?utm_source=google&utm_medium=organic&utm_campaign=gmb_local_growthlab,Legal Services,"AI Automation ICP, Legal Services",Google Places,New Braunfels TX
"Lovorn Law Firm, PLLC","748 W San Antonio St, New Braunfels, TX 78130, USA",New Braunfels,TX,+18306277300,https://www.lovornlawfirm.com/,Legal Services,"AI Automation ICP, Legal Services",Google Places,New Braunfels TX
The Bettersworth Law Firm,"110 W Faust St, New Braunfels, TX 78130, USA",New Braunfels,TX,+18306060404,https://www.bettersworthlaw.com/?utm_source=google&utm_medium=New_Braunfels_gmb&utm_campaign=gmb_website_button,Legal Services,"AI Automation ICP, Legal Services",Google Places,New Braunfels TX
The JM Dickerson Law Firm Central Texas,"790 S Castell Ave, New Braunfels, TX 78130, USA",New Braunfels,TX,+18303024577,http://www.dickersonlawcentraltx.com/,Legal Services,"AI Automation ICP, Legal Services",Google Places,New Braunfels TX
Nick Sisoian: Wills/LLC/Probate Attorney,"268 Comal Ave, New Braunfels, TX 78130, USA",New Braunfels,TX,+18302290226,http://www.thellcguy.com/,Legal Services,"AI Automation ICP, Legal Services",Google Places,New Braunfels TX
Gina Motz Law Office,"175 Comal Ave, New Braunfels, TX 78130, USA",New Braunfels,TX,,https://www.motzlawfirm.com/,Legal Services,"AI Automation ICP, Legal Services",Google Places,New Braunfels TX
Law Office of Roy Neal Linnartz,"496 Comal Ave, New Braunfels, TX 78130, USA",New Braunfels,TX,+18306259300,http://newbraunfelslawoffice.com/,Legal Services,"AI Automation ICP, Legal Services",Google Places,New Braunfels TX
Taylor Steve D,"268 Comal Ave, New Braunfels, TX 78130, USA",New Braunfels,TX,+18306296077,,Legal Services,"AI Automation ICP, Legal Services",Google Places,New Braunfels TX
Seymour & Vaughn,"140 S Walnut Ave, New Braunfels, TX 78130, USA",New Braunfels,TX,+18302828751,https://www.theseymourlawoffice.com/,Legal Services,"AI Automation ICP, Legal Services",Google Places,New Braunfels TX
"Morris Bermúdez & Clifton, pllc","707 N Walnut Ave, New Braunfels, TX 78130, USA",New Braunfels,TX,+18306268779,https://www.mmbiblaw.com/,Legal Services,"AI Automation ICP, Legal Services",Google Places,New Braunfels TX
Ribail Law,"457 Landa St Ste A-64, New Braunfels, TX 78130, USA",New Braunfels,TX,+18306990308,https://ribailinjurylaw.com/,Legal Services,"AI Automation ICP, Legal Services",Google Places,New Braunfels TX
Law Office of Frank B. Suhr,"473 S Seguin Ave #100, New Braunfels, TX 78130, USA",New Braunfels,TX,+18306254345,http://newbraunfelslaw.com/,Legal Services,"AI Automation ICP, Legal Services",Google Places,New Braunfels TX
"Traeger, Ricks & Little, PLLC","401 Main Plaza Ste 300, New Braunfels, TX 78130, USA",New Braunfels,TX,+18306273850,http://www.trltx.com/,Legal Services,"AI Automation ICP, Legal Services",Google Places,New Braunfels TX
The Law Office of Daniel Palmitier,"307 W Bridge St, New Braunfels, TX 78130, USA",New Braunfels,TX,+18304454394,https://comalcountydefense.com/,Legal Services,"AI Automation ICP, Legal Services",Google Places,New Braunfels TX
Law Office of Julissa Vela Ybarra,"150 W Faust St, New Braunfels, TX 78130, USA",New Braunfels,TX,+18305152119,https://jvylaw.com/,Legal Services,"AI Automation ICP, Legal Services",Google Places,New Braunfels TX
CommuniCare Health Centers - New Braunfels,"169 Interstate 35 S Ste 169, New Braunfels, TX 78130, USA",New Braunfels,TX,+12102337000,https://communicaresa.org/locations/new-braunfels-campus/,Medical / Healthcare,"AI Automation ICP, Medical / Healthcare",Google Places,New Braunfels TX
HealthTexas Primary Care Doctors (New Braunfels Clinic),"900 Loop 337, New Braunfels, TX 78130, USA",New Braunfels,TX,+18305151280,https://healthtexas.org/primary-care/new-braunfels/,Medical / Healthcare,"AI Automation ICP, Medical / Healthcare",Google Places,New Braunfels TX
NBTX Medica,"1547 E Common St, New Braunfels, TX 78130, USA",New Braunfels,TX,+18303271144,http://www.nbtxmedica.com/,Medical / Healthcare,"AI Automation ICP, Medical / Healthcare",Google Places,New Braunfels TX
Lonestar Medical,"952 Gruene Rd Ste 150, New Braunfels, TX 78130, USA",New Braunfels,TX,+18302036198,http://www.lonestarmed.com/,Medical / Healthcare,"AI Automation ICP, Medical / Healthcare",Google Places,New Braunfels TX
Texas MedClinic Urgent Care - New Braunfels,"958 I 35 N Frontage Rd, New Braunfels, TX 78130, USA",New Braunfels,TX,+18306065533,https://www.texasmedclinic.com/location/ih-35-n-hwy-46/,Medical / Healthcare,"AI Automation ICP, Medical / Healthcare",Google Places,New Braunfels TX
Pak Medical Group | The Center of Excellence by InnovaCare Health,"1770 State Hwy 46 W, New Braunfels, TX 78132, USA",New Braunfels,TX,+18307304125,https://innovacarehealth.com/location/pak-medical-group-center-of-excellence/,Medical / Healthcare,"AI Automation ICP, Medical / Healthcare",Google Places,New Braunfels TX
Pak Medical Group by InnovaCare Health,"1762 E Common St, New Braunfels, TX 78130, USA",New Braunfels,TX,+18307304131,https://innovacarehealth.com/location/pak-medical-group-common-street/,Medical / Healthcare,"AI Automation ICP, Medical / Healthcare",Google Places,New Braunfels TX
Texas MedClinic Urgent Care - Oak Run,"1922 TX-46, New Braunfels, TX 78132, USA",New Braunfels,TX,+18306325092,https://www.texasmedclinic.com/location/hwy-46-oak-run-pkwy/,Medical / Healthcare,"AI Automation ICP, Medical / Healthcare",Google Places,New Braunfels TX
New Braunfels Rural Health Clinic,"705 Landa St, New Braunfels, TX 78130, USA",New Braunfels,TX,+18306293614,http://www.newbraunfelsrhc.com/about-us.html,Medical / Healthcare,"AI Automation ICP, Medical / Healthcare",Google Places,New Braunfels TX
Clinica Familiar New Braunfels,"109 I-35, New Braunfels, TX 78130, USA",New Braunfels,TX,+18303271152,,Medical / Healthcare,"AI Automation ICP, Medical / Healthcare",Google Places,New Braunfels TX
Direct Primary Care New Braunfels,"952 Gruene Rd Ste 130, New Braunfels, TX 78130, USA",New Braunfels,TX,+18303680135,https://www.dpcnewbraunfels.com/?utm_source=gmb_auth,Medical / Healthcare,"AI Automation ICP, Medical / Healthcare",Google Places,New Braunfels TX
Gruene Lake Medical,"948 Gruene Rd #140, New Braunfels, TX 78130, USA",New Braunfels,TX,+18306272700,http://www.gruenelakemedical.com/,Medical / Healthcare,"AI Automation ICP, Medical / Healthcare",Google Places,New Braunfels TX
"Lonestar Medical: Jay Gruhlkey, MD","952 Gruene Rd #150, New Braunfels, TX 78130, USA",New Braunfels,TX,+18302036198,https://www.lonestarmed.com/?utm_source=gmb_auth,Medical / Healthcare,"AI Automation ICP, Medical / Healthcare",Google Places,New Braunfels TX
CHRISTUS Trinity Clinic,"774 Landa St, New Braunfels, TX 78130, USA",New Braunfels,TX,+18306250305,https://www.christushealth.org/locations/trinity-clinic-landa?utm_source=GBP&utm_medium=organic&utm_campaign=GBP-listing,Medical / Healthcare,"AI Automation ICP, Medical / Healthcare",Google Places,New Braunfels TX
CareNow Urgent Care - New Braunfels Creekside,"160 Creekside Way 602 Ste. 602, New Braunfels, TX 78130, USA",New Braunfels,TX,+18303875330,https://www.carenow.com/locations/san-antonio/new-braunfels-creekside?utm_campaign=corp_listings_mgmt&utm_source=google&utm_medium=business_listing,Medical / Healthcare,"AI Automation ICP, Medical / Healthcare",Google Places,New Braunfels TX
Thrive Direct Primary Care,"618-B Comal Ave Ste 1 and 2, New Braunfels, TX 78130, USA",New Braunfels,TX,+18305214822,,Medical / Healthcare,"AI Automation ICP, Medical / Healthcare",Google Places,New Braunfels TX
Physician Care Centers - New Braunfels,"1583 E Common St #100, New Braunfels, TX 78130, USA",New Braunfels,TX,+18303872275,https://pcc-med.com/locations/pcc-of-new-braunfels/,Medical / Healthcare,"AI Automation ICP, Medical / Healthcare",Google Places,New Braunfels TX
CentroMed Family Medicine Clinic,"226 N Union Ave, New Braunfels, TX 78130, USA",New Braunfels,TX,+18306085700,https://centromedsa.com/,Medical / Healthcare,"AI Automation ICP, Medical / Healthcare",Google Places,New Braunfels TX
New Braunfels ER & Hospital,"3221 Commercial Cir, New Braunfels, TX 78132, USA",New Braunfels,TX,+18304022170,https://nberhospital.com/?utm_source=google&utm_medium=mybusiness&utm_campaign=maplisting,Medical / Healthcare,"AI Automation ICP, Medical / Healthcare",Google Places,New Braunfels TX
Kelly Family Clinic,"794 Generations Dr #100, New Braunfels, TX 78130, USA",New Braunfels,TX,+18302146411,http://www.kellyfamilyclinic.com/,Medical / Healthcare,"AI Automation ICP, Medical / Healthcare",Google Places,New Braunfels TX
Dental Nouveau,"2111 S I-35 South Frontage Rd Ste 1101, New Braunfels, TX 78130, USA",New Braunfels,TX,+18303601618,https://dentistnewbraunfelstx.com/?utm_source=google&utm_medium=social&utm_campaign=Dental+Nouveau+of+New+Braunfels&utm_term=Dentist+New+Braunfels,Dental,"AI Automation ICP, Dental",Google Places,New Braunfels TX
🦷 New Braunfels Dentists PLLC.,"3028 Independence Dr, New Braunfels, TX 78132, USA",New Braunfels,TX,+18306081818,http://www.newbraunfelsdentists.com/,Dental,"AI Automation ICP, Dental",Google Places,New Braunfels TX
New Braunfels Family and Cosmetic Dentistry,"1280 E Common St, New Braunfels, TX 78130, USA",New Braunfels,TX,+18305155189,https://www.mynewbraunfelsdentist.com/?utm_source=google&utm_medium=gbp&utm_campaign=google_business,Dental,"AI Automation ICP, Dental",Google Places,New Braunfels TX
Premier Dental Center New Braunfels,"1583 E Common St #205, New Braunfels, TX 78130, USA",New Braunfels,TX,+18306252111,https://premierdentalnb.com/,Dental,"AI Automation ICP, Dental",Google Places,New Braunfels TX
New Braunfels Dental Arts,"833 Landa St, New Braunfels, TX 78130, USA",New Braunfels,TX,+18306297494,http://www.newbraunfelsdentalarts.com/,Dental,"AI Automation ICP, Dental",Google Places,New Braunfels TX
Ideal Dental New Braunfels,"312 FM306 Ste 102, New Braunfels, TX 78130, USA",New Braunfels,TX,+18302124539,https://www.myidealdental.com/new-braunfels?utm_source=gbp&utm_medium=organic&utm_campaign=website,Dental,"AI Automation ICP, Dental",Google Places,New Braunfels TX
Comal Dental,"2660 E Common St #102, New Braunfels, TX 78130, USA",New Braunfels,TX,+18309992492,https://www.comaldental.com/,Dental,"AI Automation ICP, Dental",Google Places,New Braunfels TX
New Braunfels Modern Dentistry,"244 FM306 Ste 118, New Braunfels, TX 78130, USA",New Braunfels,TX,+18302011223,https://www.newbraunfelsmoderndentistry.com/?sc_cid=GBP%3AO%3AGP%3A786%3AOrganic_Search%3AGeneral%3Ana&_vsrefdom=organic_gbp&y_source=1_MzQ3NzQ5MS03MTUtbG9jYXRpb24ud2Vic2l0ZQ%3D%3D,Dental,"AI Automation ICP, Dental",Google Places,New Braunfels TX
Creekside Dental Care,"237 FM306 Ste 103, New Braunfels, TX 78130, USA",New Braunfels,TX,+18304026524,http://creeksidedentalcaretx.com/?utm_source=gbp&utm_medium=organic&utm_campaign=yext_listing,Dental,"AI Automation ICP, Dental",Google Places,New Braunfels TX
Hill Country Dental,"1778 S Walnut Ave, New Braunfels, TX 78130, USA",New Braunfels,TX,+18306261002,https://www.hillcountrydentaltx.com/,Dental,"AI Automation ICP, Dental",Google Places,New Braunfels TX
Comfort Dental - New Braunfels,"1187 W County Line Rd Ste 108, New Braunfels, TX 78130, USA",New Braunfels,TX,+18302226220,https://comfortdental.com/office/tx-new-braunfels/?utm_source=google&utm_medium=organic&utm_campaign=Yext,Dental,"AI Automation ICP, Dental",Google Places,New Braunfels TX
Today's Smile Family Dental Center,"1592 E Common St, New Braunfels, TX 78130, USA",New Braunfels,TX,+18306256565,http://todayssmile.net/,Dental,"AI Automation ICP, Dental",Google Places,New Braunfels TX
Sapphire Creek Dental,"2180 State Hwy 46 W, 2180 TX-46 #106, New Braunfels, TX 78132, USA",New Braunfels,TX,+18303023327,https://sapphirecreekdental.com/,Dental,"AI Automation ICP, Dental",Google Places,New Braunfels TX
Rivercrest Family Dental,"3029 Independence Dr Ste 100, New Braunfels, TX 78132, USA",New Braunfels,TX,+18306257611,http://www.rivercrestfamilydental.com/,Dental,"AI Automation ICP, Dental",Google Places,New Braunfels TX
Smile Advanced Dental Care,"385 Landa St Ste A, New Braunfels, TX 78130, USA",New Braunfels,TX,+18303965708,https://newbraunfelstx.dental/?utm_campaign=gmb,Dental,"AI Automation ICP, Dental",Google Places,New Braunfels TX
Gruene Family Dental,"1528 E Common St #9, New Braunfels, TX 78130, USA",New Braunfels,TX,+18306261111,https://www.gruenefamilydental.com/,Dental,"AI Automation ICP, Dental",Google Places,New Braunfels TX
Best Price Dental,"1260 River Acres Dr Unit C, New Braunfels, TX 78130, USA",New Braunfels,TX,+18306277777,http://www.bestpricedentalnbtx.com/,Dental,"AI Automation ICP, Dental",Google Places,New Braunfels TX
Hill Country Dental - Hwy 46,"1929 TX-46 Ste 102, New Braunfels, TX 78132, USA",New Braunfels,TX,+18304603400,https://www.hillcountrydentaltx.com/,Dental,"AI Automation ICP, Dental",Google Places,New Braunfels TX
Elite Dental - Mohan Raj Jaganathan DDS & Veena Raja DDS PhD,"Interstate Plaza Shopping Center, 1671 Interstate 35 S Ste 300, New Braunfels, TX 78130, USA",New Braunfels,TX,+18307305600,https://www.elitedentaloffice.com/our-locations/new-braunfels/?utm_source=maps&utm_medium=organic&utm_campaign=PDM+new+braunfels+tx&utm_content=website,Dental,"AI Automation ICP, Dental",Google Places,New Braunfels TX
Familia Dental,"161 Creekside Way Ste 102, New Braunfels, TX 78130, USA",New Braunfels,TX,+18306326369,https://www.familiadental.com/?y_source=1_MTYwMzIyMTAtNzE1LWxvY2F0aW9uLndlYnNpdGU%3D,Dental,"AI Automation ICP, Dental",Google Places,New Braunfels TX
Keller Williams Heritage,"453 W San Antonio St, New Braunfels, TX 78130, USA",New Braunfels,TX,+18306242400,https://www.kwnewbraunfels.com/,Real Estate,"AI Automation ICP, Real Estate",Google Places,New Braunfels TX
The Smartt Team - Keller Williams Heritage Realty,"888 Landa St, New Braunfels, TX 78130, USA",New Braunfels,TX,+18303586655,http://www.thesmarttteam.com/,Real Estate,"AI Automation ICP, Real Estate",Google Places,New Braunfels TX
Melissa Laufer Real Estate,"453 W San Antonio St, New Braunfels, TX 78130, USA",New Braunfels,TX,+18307300599,https://melissalaufer.com/,Real Estate,"AI Automation ICP, Real Estate",Google Places,New Braunfels TX
"Weichert, Realtors – Corwin & Associates","133 N Seguin Ave, New Braunfels, TX 78130, USA",New Braunfels,TX,+18306325725,https://www.wcorwin.com/,Real Estate,"AI Automation ICP, Real Estate",Google Places,New Braunfels TX
Emerald Haus Group,"453 W San Antonio St, New Braunfels, TX 78130, USA",New Braunfels,TX,+15129955555,https://emeraldhausgroup.com/,Real Estate,"AI Automation ICP, Real Estate",Google Places,New Braunfels TX
Anders Pierce Realty,"480 S Seguin Ave, New Braunfels, TX 78130, USA",New Braunfels,TX,+18302146002,https://anderspierce.com/?utm_source=gbp&utm_medium=organic,Real Estate,"AI Automation ICP, Real Estate",Google Places,New Braunfels TX
Vintage Oaks Realty,"1110 Vintage Way, New Braunfels, TX 78132, USA",New Braunfels,TX,+18302435347,https://www.vintageoakstexas.com/,Real Estate,"AI Automation ICP, Real Estate",Google Places,New Braunfels TX
LXTX Collective Real Estate Group,"888 Landa St, New Braunfels, TX 78130, USA",New Braunfels,TX,+15126658181,https://www.lxtxcollective.com/,Real Estate,"AI Automation ICP, Real Estate",Google Places,New Braunfels TX
House Hunters NB Realty,"123 N Seguin Ave #212, New Braunfels, TX 78130, USA",New Braunfels,TX,+18303128090,http://www.househuntersnb.com/,Real Estate,"AI Automation ICP, Real Estate",Google Places,New Braunfels TX
New Braunfels Realty,"1308 E Common St Ste 205-41, New Braunfels, TX 78130, USA",New Braunfels,TX,+18302238989,https://newbraunfelsrealty.com/,Real Estate,"AI Automation ICP, Real Estate",Google Places,New Braunfels TX
JBGoodwin REALTORS®,"618 Comal Ave B, Suite 5, New Braunfels, TX 78130, USA",New Braunfels,TX,+18302142387,http://www.jbgoodwin.com/,Real Estate,"AI Automation ICP, Real Estate",Google Places,New Braunfels TX
Greenbelt Realty,"147 S Academy Ave, New Braunfels, TX 78130, USA",New Braunfels,TX,+19793081385,http://www.greenbeltrealty.com/,Real Estate,"AI Automation ICP, Real Estate",Google Places,New Braunfels TX
"Hero Property Solutions, LLC","301 Main Plaza #225, New Braunfels, TX 78130, USA",New Braunfels,TX,+18306603999,http://www.realestateherotx.com/,Real Estate,"AI Automation ICP, Real Estate",Google Places,New Braunfels TX
Vista Realty,"144 Clemens Ave Ste 100, New Braunfels, TX 78130, USA",New Braunfels,TX,+18306430111,https://www.vistarealtynb.com/,Real Estate,"AI Automation ICP, Real Estate",Google Places,New Braunfels TX
The Renfeld Group,"453 W San Antonio St, New Braunfels, TX 78130, USA",New Braunfels,TX,+19165215832,https://therenfeldgroup.com/?utm_source=gbp&utm_medium=organic,Real Estate,"AI Automation ICP, Real Estate",Google Places,New Braunfels TX
Kubenka Real Estate Team - Keller Williams Heritage,"453 W San Antonio St, New Braunfels, TX 78130, USA",New Braunfels,TX,+18308378010,http://www.kubenkateam.com/,Real Estate,"AI Automation ICP, Real Estate",Google Places,New Braunfels TX
"The Carter Team, Keller Williams Realty","453 W San Antonio St, New Braunfels, TX 78130, USA",New Braunfels,TX,+13617728101,https://carterteamtx.com/,Real Estate,"AI Automation ICP, Real Estate",Google Places,New Braunfels TX
"D. Lee Edwards Realty, Inc.","1111 N Walnut Ave, New Braunfels, TX 78130, USA",New Braunfels,TX,+18306207653,https://www.dleeedwardsrealty.com/,Real Estate,"AI Automation ICP, Real Estate",Google Places,New Braunfels TX
Regal Real Estate,"230 E Zink St, New Braunfels, TX 78130, USA",New Braunfels,TX,+15124206565,http://www.regaltexas.com/,Real Estate,"AI Automation ICP, Real Estate",Google Places,New Braunfels TX
RE/MAX GO,"142 W San Antonio St Ste 1-A, New Braunfels, TX 78130, USA",New Braunfels,TX,+18302994524,http://remaxgotexas.com/,Real Estate,"AI Automation ICP, Real Estate",Google Places,New Braunfels TX
Hickman & Leckrone PLLC,"1248 Freiheit Rd, New Braunfels, TX 78130, USA",New Braunfels,TX,+18306265554,http://www.hh-cpas.com/,Accounting / Finance,"AI Automation ICP, Accounting / Finance",Google Places,New Braunfels TX
Martin Randy Cpa,"1117 N Academy Ave, New Braunfels, TX 78130, USA",New Braunfels,TX,+18306201867,http://www.randymartincpa.com/,Accounting / Finance,"AI Automation ICP, Accounting / Finance",Google Places,New Braunfels TX
David G Barr CPA,"554 S Castell Ave, New Braunfels, TX 78130, USA",New Braunfels,TX,+18306431040,http://www.dgbarrcpa.com/,Accounting / Finance,"AI Automation ICP, Accounting / Finance",Google Places,New Braunfels TX
"Elton M. Reneau & Company, PC","352 Landa St, New Braunfels, TX 78130, USA",New Braunfels,TX,+18306325226,https://reneaucpa.com/,Accounting / Finance,"AI Automation ICP, Accounting / Finance",Google Places,New Braunfels TX
Mishler & Associates,"1111 N Walnut Ave Ste 303, New Braunfels, TX 78130, USA",New Braunfels,TX,+12106052736,http://www.bookkeepingandtaxprep.com/,Accounting / Finance,"AI Automation ICP, Accounting / Finance",Google Places,New Braunfels TX
Holtman & Company LLC,"876 TX-337 Loop Ste 501, New Braunfels, TX 78130, USA",New Braunfels,TX,+18306251182,http://holtmancpa.com/,Accounting / Finance,"AI Automation ICP, Accounting / Finance",Google Places,New Braunfels TX
Matthews & Johnson CPAs,"2115 Stephens Pl Ste 500, New Braunfels, TX 78130, USA",New Braunfels,TX,+18306257759,http://www.abipcpa.com/,Accounting / Finance,"AI Automation ICP, Accounting / Finance",Google Places,New Braunfels TX
Carol Stevens CPA PLLC,"920 S Castell Ave, New Braunfels, TX 78130, USA",New Braunfels,TX,+18306325841,,Accounting / Finance,"AI Automation ICP, Accounting / Finance",Google Places,New Braunfels TX
Carl Muniz CPA LLC,"457 Landa St Ste A-54, New Braunfels, TX 78130, USA",New Braunfels,TX,+12109759158,https://www.muniz.cpa/,Accounting / Finance,"AI Automation ICP, Accounting / Finance",Google Places,New Braunfels TX
Patrick C. Curley CPA,"943 Avery Pkwy, New Braunfels, TX 78130, USA",New Braunfels,TX,+18306606162,http://www.pcurleycpa.com/,Accounting / Finance,"AI Automation ICP, Accounting / Finance",Google Places,New Braunfels TX
Carolyn Sexton Craig CPA Offices,"770 TX-337 Loop, New Braunfels, TX 78130, USA",New Braunfels,TX,+18306251612,http://carolyncraigcpa.com/,Accounting / Finance,"AI Automation ICP, Accounting / Finance",Google Places,New Braunfels TX
Holtman Wagner & Co Llp: Holtman Jr Hal CPA,"876 TX-337 Loop Ste 501, New Braunfels, TX 78130, USA",New Braunfels,TX,+18306251182,http://www.holtmancpa.com/,Accounting / Finance,"AI Automation ICP, Accounting / Finance",Google Places,New Braunfels TX
Red Door Taxes,"659 S Castell Ave, New Braunfels, TX 78130, USA",New Braunfels,TX,+18304024152,http://www.reddoortaxes.com/,Accounting / Finance,"AI Automation ICP, Accounting / Finance",Google Places,New Braunfels TX
"2 Rivers Tax Preparation LLC, Remote Tax Preparation Services","1067 FM306 #206, New Braunfels, TX 78130, USA",New Braunfels,TX,+18305000124,https://www.2riverstaxprep.com/,Accounting / Finance,"AI Automation ICP, Accounting / Finance",Google Places,New Braunfels TX
"Tanya Brewer, CPA","263 Allemania Dr, New Braunfels, TX 78132, USA",New Braunfels,TX,+16185583351,http://cpatanya.com/,Accounting / Finance,"AI Automation ICP, Accounting / Finance",Google Places,New Braunfels TX
Crumbaugh David CPA,"352 Landa St, New Braunfels, TX 78130, USA",New Braunfels,TX,+18302142921,,Accounting / Finance,"AI Automation ICP, Accounting / Finance",Google Places,New Braunfels TX
Blue Fox Tax Express,"105 Schumanns Bch Rd Ste 1103, New Braunfels, TX 78130, USA",New Braunfels,TX,+18302373266,https://blue-fox-tax-express.square.site/,Accounting / Finance,"AI Automation ICP, Accounting / Finance",Google Places,New Braunfels TX
Sferle Bookkeeping & Tax Services,"863 I 35 N Frontage Rd F, New Braunfels, TX 78130, USA",New Braunfels,TX,+12106634913,https://sferlebookkeeping.com/,Accounting / Finance,"AI Automation ICP, Accounting / Finance",Google Places,New Braunfels TX
Mullins Michael L CPA,"1527 E Common St, New Braunfels, TX 78130, USA",New Braunfels,TX,+18306259717,,Accounting / Finance,"AI Automation ICP, Accounting / Finance",Google Places,New Braunfels TX
The Ray Tax Group,"2115 Stephens Pl Bldg 410 Unit C, New Braunfels, TX 78130, USA",New Braunfels,TX,+18306259717,https://www.raytax.co/,Accounting / Finance,"AI Automation ICP, Accounting / Finance",Google Places,New Braunfels TX
Primero Insurance,"388 Landa St, New Braunfels, TX 78130, USA",New Braunfels,TX,+18302217791,https://www.primeroinstx.com/,Insurance,"AI Automation ICP, Insurance",Google Places,New Braunfels TX
Comaltex Insurance Agency,"1110 Eikel St, New Braunfels, TX 78130, USA",New Braunfels,TX,+18302280089,https://www.comaltex.com/,Insurance,"AI Automation ICP, Insurance",Google Places,New Braunfels TX
Miller & Miller Insurance Agency,"400 W San Antonio St, New Braunfels, TX 78130, USA",New Braunfels,TX,+18306253000,http://www.miller-miller.com/,Insurance,"AI Automation ICP, Insurance",Google Places,New Braunfels TX
Contigo Insurance Agency,"626 Elliot Knox Blvd, Interstate, 35 Business Loop, New Braunfels, TX 78130, USA",New Braunfels,TX,+18308008444,https://www.contigoagency.com/location/insurance-new-braunfels/,Insurance,"AI Automation ICP, Insurance",Google Places,New Braunfels TX
Freeway Insurance,"708 South Business 35, New Braunfels, TX 78130, USA",New Braunfels,TX,+18304335268,https://locations.freeway.com/new-braunfels-car-insurance-tx-78130?utm_medium=directory&utm_source=google&utm_campaign=TNBRN_NewBraunfels_TX,Insurance,"AI Automation ICP, Insurance",Google Places,New Braunfels TX
Huddleston & Company,"604 S Seguin Ave, New Braunfels, TX 78130, USA",New Braunfels,TX,+18306257502,http://www.huddlestonandcompany.com/,Insurance,"AI Automation ICP, Insurance",Google Places,New Braunfels TX
Standard Casualty Company,"100 Northwoods Dr, New Braunfels, TX 78132, USA",New Braunfels,TX,+18306296111,https://www.stdins.com/ez-quote.php?mainrefer=Google?utm_source=Google?utm_campaign=BusinessProfile-gaw,Insurance,"AI Automation ICP, Insurance",Google Places,New Braunfels TX
Coverall Insurance Agency,"4510 FM 1102, New Braunfels, TX 78132, USA",New Braunfels,TX,+18304154971,https://www.coverall-insurance.com/,Insurance,"AI Automation ICP, Insurance",Google Places,New Braunfels TX
Brenda Heulitt Insurance Agency,"1111 N Walnut Ave #102, New Braunfels, TX 78130, USA",New Braunfels,TX,+18303591035,http://www.brendaprotects.com/,Insurance,"AI Automation ICP, Insurance",Google Places,New Braunfels TX
Gruene Insurance Group,"1198 Gruene Rd C, New Braunfels, TX 78130, USA",New Braunfels,TX,+12109867103,https://www.grueneinsuregroup.com/,Insurance,"AI Automation ICP, Insurance",Google Places,New Braunfels TX
Farmers Insurance - Josh Blanchett,"1110 W San Antonio St, New Braunfels, TX 78130, USA",New Braunfels,TX,+18306256222,https://agents.farmers.com/tx/new-braunfels/josh-blanchett?SourceID=AMPALFGMAG&utm_source=GMB&utm_medium=Local&y_source=1_MTU1MjU3MS03MTUtbG9jYXRpb24uZ29vZ2xlX3dlYnNpdGVfb3ZlcnJpZGU%3D,Insurance,"AI Automation ICP, Insurance",Google Places,New Braunfels TX
ALPA Insurance,"263 TX-337 Loop, New Braunfels, TX 78130, USA",New Braunfels,TX,+18303813300,https://www.alpainsurance.com/,Insurance,"AI Automation ICP, Insurance",Google Places,New Braunfels TX
Texas Preferred Insurance,"1423 N Walnut Ave Ste 103, New Braunfels, TX 78130, USA",New Braunfels,TX,+12104734120,https://www.texaspreferredinsurance.com/,Insurance,"AI Automation ICP, Insurance",Google Places,New Braunfels TX
Tunnell Insurance,"145 N Castell Ave, New Braunfels, TX 78130, USA",New Braunfels,TX,+18306251494,http://www.tunnellinsurance.com/,Insurance,"AI Automation ICP, Insurance",Google Places,New Braunfels TX
Lieck Insurance Agency,"3702 S I-35 South Frontage Rd #109, New Braunfels, TX 78132, USA",New Braunfels,TX,+18302087808,https://lieckinsurance.com/,Insurance,"AI Automation ICP, Insurance",Google Places,New Braunfels TX
L.A. Insurance,"1516 S Seguin Ave, New Braunfels, TX 78130, USA",New Braunfels,TX,+18306299200,https://www.lainsurance.com/?utm_source=gmb&utm_medium=yext,Insurance,"AI Automation ICP, Insurance",Google Places,New Braunfels TX
Farmers Insurance - Monica Gutierrez,"2090 I-35 Ste 4110, New Braunfels, TX 78130, USA",New Braunfels,TX,+18302143922,https://agents.farmers.com/tx/new-braunfels/monica-gutierrez?SourceID=AMPALFGMAG&utm_source=GMB&utm_medium=Local&y_source=1_MjgxNDYxMjItNzE1LWxvY2F0aW9uLndlYnNpdGU=,Insurance,"AI Automation ICP, Insurance",Google Places,New Braunfels TX
Jordan Pitts at Comparion Insurance Agency,"111 W San Antonio St #250, New Braunfels, TX 78130, USA",New Braunfels,TX,+15125826537,https://www.comparioninsurance.com/insurance-agent/texas/new-braunfels-069d/jordan-pitts,Insurance,"AI Automation ICP, Insurance",Google Places,New Braunfels TX
Maddie Grace Brown at Comparion Insurance Agency,"111 W San Antonio St #250, New Braunfels, TX 78130, USA",New Braunfels,TX,+18303877923,https://www.comparioninsurance.com/insurance-agent/texas/new-braunfels-069d/maddie-grace-brown,Insurance,"AI Automation ICP, Insurance",Google Places,New Braunfels TX
Howell Schmidt Insurance & Investment,"1619 E Common St Ste 206, New Braunfels, TX 78130, USA",New Braunfels,TX,+18306204224,https://www.insurance-invest.com/,Insurance,"AI Automation ICP, Insurance",Google Places,New Braunfels TX
Oakwell Private Wealth Management,"1619 E Common St Ste 1101, New Braunfels, TX 78130, USA",New Braunfels,TX,+18005562593,https://www.oakwellpwm.com/,Financial Advisory,"AI Automation ICP, Financial Advisory",Google Places,New Braunfels TX
Christian Financial Advisors,"130 River Chase Way Ste B, New Braunfels, TX 78132, USA",New Braunfels,TX,+18306096986,https://christianfinancialadvisors.com/,Financial Advisory,"AI Automation ICP, Financial Advisory",Google Places,New Braunfels TX
4LIFE Wealth Advisors,"162 W Mill St, New Braunfels, TX 78130, USA",New Braunfels,TX,+18308375264,http://4lifewa.com/,Financial Advisory,"AI Automation ICP, Financial Advisory",Google Places,New Braunfels TX
Riverside Securities,"645 Floral Ave Ste B, New Braunfels, TX 78130, USA",New Braunfels,TX,+18306201066,https://www.riversidesecurities.com/,Financial Advisory,"AI Automation ICP, Financial Advisory",Google Places,New Braunfels TX
Comal Wealth Management,"2967 Oak Run Pkwy Ste 505 #11, New Braunfels, TX 78132, USA",New Braunfels,TX,+18305005100,https://comalwealth.com/,Financial Advisory,"AI Automation ICP, Financial Advisory",Google Places,New Braunfels TX
Intentional Living FP,"123 N Seguin Ave #202, New Braunfels, TX 78130, USA",New Braunfels,TX,+18306245311,https://www.intentionallivingfp.com/,Financial Advisory,"AI Automation ICP, Financial Advisory",Google Places,New Braunfels TX
"Fruit of the Vine Financial, LLC","2810 Oak Run Pkwy Ste 400, New Braunfels, TX 78132, USA",New Braunfels,TX,+18302820654,https://www.fruitofthevinefinancial.com/,Financial Advisory,"AI Automation ICP, Financial Advisory",Google Places,New Braunfels TX
Dollar Wealth Management - LPL Financial,"2111 S I-35 South Frontage Rd, New Braunfels, TX 78130, USA",New Braunfels,TX,+12106511927,http://www.lpl.com/,Financial Advisory,"AI Automation ICP, Financial Advisory",Google Places,New Braunfels TX
Preston Anderson - Financial Services Professional,"910 Gruene Rd Bldg 4, New Braunfels, TX 78132, USA",New Braunfels,TX,+18308222848,https://prestoncandersoninsuranceagent.com/,Financial Advisory,"AI Automation ICP, Financial Advisory",Google Places,New Braunfels TX
"Edward Jones - Financial Advisor: Clark R Pantel, CFP®|AAMS®","494 S Seguin Ave Ste 101, New Braunfels, TX 78130, USA",New Braunfels,TX,+18306263004,https://www.edwardjones.com/us-en/financial-advisor/clark-pantel?y_source=1_MTgyNTU0MC03MTUtbG9jYXRpb24ud2Vic2l0ZQ%3D%3D,Financial Advisory,"AI Automation ICP, Financial Advisory",Google Places,New Braunfels TX
Hoffmann Financial Services,"1424 N Walnut Ave, New Braunfels, TX 78130, USA",New Braunfels,TX,+18306255845,,Financial Advisory,"AI Automation ICP, Financial Advisory",Google Places,New Braunfels TX
Rob The IRA Guy,"913 N Academy Ave, New Braunfels, TX 78130, USA",New Braunfels,TX,+18306430467,,Financial Advisory,"AI Automation ICP, Financial Advisory",Google Places,New Braunfels TX
Luckemeyer Wealth Management,"468 S Seguin Ave, New Braunfels, TX 78130, USA",New Braunfels,TX,,,Financial Advisory,"AI Automation ICP, Financial Advisory",Google Places,New Braunfels TX
Legamaro Financial Services,"1259 TX-337 Loop #200, New Braunfels, TX 78130, USA",New Braunfels,TX,+18303450202,https://legamarofinancialservices.com/,Financial Advisory,"AI Automation ICP, Financial Advisory",Google Places,New Braunfels TX
"Providence Wealth Management, LLC","329 E Zink St, New Braunfels, TX 78130, USA",New Braunfels,TX,+18306290776,,Financial Advisory,"AI Automation ICP, Financial Advisory",Google Places,New Braunfels TX
"Jessica Walker, Co-Founder - Wohlstand Wealth Strategies, LLC","391 Landa St Ste 1116, New Braunfels, TX 78130, USA",New Braunfels,TX,+18303127179,http://www.wohlstandws.com/,Financial Advisory,"AI Automation ICP, Financial Advisory",Google Places,New Braunfels TX
"Edward Jones - Financial Advisor: James A Wissmiller, AAMS®","195 W Jahn St, New Braunfels, TX 78130, USA",New Braunfels,TX,+18305154577,https://www.edwardjones.com/us-en/financial-advisor/james-wissmiller?y_source=1_OTYzNTA3LTcxNS1sb2NhdGlvbi53ZWJzaXRl,Financial Advisory,"AI Automation ICP, Financial Advisory",Google Places,New Braunfels TX
Riverstone Advisors LLC,"480 W Mill St, New Braunfels, TX 78130, USA",New Braunfels,TX,+19147221700,https://riverstoneadvisors.com/,Financial Advisory,"AI Automation ICP, Financial Advisory",Google Places,New Braunfels TX
Wohlstand Wealth Strategies,"391 Landa St Ste 1116, New Braunfels, TX 78130, USA",New Braunfels,TX,+18303127179,https://www.wohlstandws.com/,Financial Advisory,"AI Automation ICP, Financial Advisory",Google Places,New Braunfels TX
Frost Investment Services,"315 Landa St, New Braunfels, TX 78130, USA",New Braunfels,TX,+18306433534,,Financial Advisory,"AI Automation ICP, Financial Advisory",Google Places,New Braunfels TX
Sente Mortgage,"473 S Seguin Ave #200, New Braunfels, TX 78130, USA",New Braunfels,TX,+18306095626,http://www.sentemortgage.com/location/new-braunfels/,Mortgage,"AI Automation ICP, Mortgage",Google Places,New Braunfels TX
My Community Mortgage - New Braunfels,"378 Hampshire St, New Braunfels, TX 78130, USA",New Braunfels,TX,+18302545800,http://www.homeloanhardy.com/,Mortgage,"AI Automation ICP, Mortgage",Google Places,New Braunfels TX
The Wood Group of Fairway Independent Mortgage Corp.,"748 W San Antonio St, New Braunfels, TX 78130, USA",New Braunfels,TX,+18303022101,https://woodgroupnb.com/,Mortgage,"AI Automation ICP, Mortgage",Google Places,New Braunfels TX
Ken Keeble at New Fed Mortgage,"1619 E Common St #1003, New Braunfels, TX 78130, USA",New Braunfels,TX,+18302371888,https://newfed.com/loan-officers/ken-keeble/,Mortgage,"AI Automation ICP, Mortgage",Google Places,New Braunfels TX
Cavanaugh Crew powered by Edge Home Finance,"144 Clemens Ave Ste 1, New Braunfels, TX 78130, USA",New Braunfels,TX,+18308225533,http://cavcrew.com/,Mortgage,"AI Automation ICP, Mortgage",Google Places,New Braunfels TX
MORTGAGEinc,"2111 S I-35 South Frontage Rd Ste. 1105, New Braunfels, TX 78130, USA",New Braunfels,TX,+15126692302,https://www.mortgage-inc.com/,Mortgage,"AI Automation ICP, Mortgage",Google Places,New Braunfels TX
"PrimeLending, A PlainsCapital Company - New Braunfels","1067 FM306 Unit 405, New Braunfels, TX 78130, USA",New Braunfels,TX,+18307309980,https://lo.primelending.com/newbraunfels/?utm_source=gmb&utm_medium=organic&utm_campaign=newbraunfels,Mortgage,"AI Automation ICP, Mortgage",Google Places,New Braunfels TX
Guild Mortgage Company,"228 Hunters Village, New Braunfels, TX 78132, USA",New Braunfels,TX,+18303576116,https://branches.guildmortgage.com/tx/newbraunfels/new-braunfels-362.html,Mortgage,"AI Automation ICP, Mortgage",Google Places,New Braunfels TX
Pilgrim Mortgage New Braunfels,"190 S Seguin Ave, New Braunfels, TX 78130, USA",New Braunfels,TX,+12105690401,https://pilgrimmtg.com/,Mortgage,"AI Automation ICP, Mortgage",Google Places,New Braunfels TX
Guild Mortgage - The Arp Brothers Team,"228 Hunters Village, New Braunfels, TX 78132, USA",New Braunfels,TX,+18304027990,https://branches.guildmortgage.com/tx/newbraunfels/,Mortgage,"AI Automation ICP, Mortgage",Google Places,New Braunfels TX
Consumer One Financial NMLS#2463781,"1111 N Walnut Ave Ste 100, New Braunfels, TX 78130, USA",New Braunfels,TX,+12106608584,http://www.consumer1financial.com/,Mortgage,"AI Automation ICP, Mortgage",Google Places,New Braunfels TX
Build Texas Team | LoanPeople,"245 Hunters Village Ste B, New Braunfels, TX 78132, USA",New Braunfels,TX,+18308326766,https://buildtexasteam.com/,Mortgage,"AI Automation ICP, Mortgage",Google Places,New Braunfels TX
Legacy Mutual Mortgage - New Braunfels,"2810 Oak Run Pkwy Ste. 400D, New Braunfels, TX 78132, USA",New Braunfels,TX,+18303874585,http://www.legacymutual.com/,Mortgage,"AI Automation ICP, Mortgage",Google Places,New Braunfels TX
Shelby Kotylo Milestone Mortgage,"301 W San Antonio St, New Braunfels, TX 78130, USA",New Braunfels,TX,+18308323068,http://loanswithshelby.com/,Mortgage,"AI Automation ICP, Mortgage",Google Places,New Braunfels TX
SWBC Mortgage Corporation - New Braunfels,"277 W San Antonio St 2nd Floor, New Braunfels, TX 78130, USA",New Braunfels,TX,+12108873713,https://www.swbcmortgage.com/blanco-new-braunfels?utm_source=yext&utm_medium=location-listing&utm_content=branch-listing&y_source=1_MTA1MjAxNTQ2OS03MTUtbG9jYXRpb24ud2Vic2l0ZQ%3D%3D,Mortgage,"AI Automation ICP, Mortgage",Google Places,New Braunfels TX
County Line Mortgage,"737 San Mateo, New Braunfels, TX 78132, USA",New Braunfels,TX,+17193306287,http://www.countylinemortgage.com/,Mortgage,"AI Automation ICP, Mortgage",Google Places,New Braunfels TX
"Collin Jorden, Mortgage Broker","144 Clemens Ave Ste 1, New Braunfels, TX 78130, USA",New Braunfels,TX,+18304811249,http://www.longcreeklending.com/,Mortgage,"AI Automation ICP, Mortgage",Google Places,New Braunfels TX
Chris Kerr - Legacy Mutual Mortgage NMLS #1630525,"494 S Seguin Ave #101, New Braunfels, TX 78130, USA",New Braunfels,TX,+12104160796,,Mortgage,"AI Automation ICP, Mortgage",Google Places,New Braunfels TX
Amy Bastion - Loan Officer - Pilgrim Mortgage,"190 S Seguin Ave, New Braunfels, TX 78130, USA",New Braunfels,TX,+18303109950,https://pilgrimmtg.com/amy-bastion/,Mortgage,"AI Automation ICP, Mortgage",Google Places,New Braunfels TX
Southwest Funding,"18568 Forty Six Pkwy Ste 3003, Spring Branch, TX 78070, USA",New Braunfels,TX,+18303680934,https://www.southwestfunding.com/mpeters,Mortgage,"AI Automation ICP, Mortgage",Google Places,New Braunfels TX
Traditions Marketing,"572 Valley Garden, New Braunfels, TX 78130, USA",New Braunfels,TX,+17139979069,https://www.traditionsmarketing.com/,Marketing Agency,"AI Automation ICP, Marketing Agency",Google Places,New Braunfels TX
Fresh Bread Digital,"411 Autumn Blaze, New Braunfels, TX 78130, USA",New Braunfels,TX,+18302243713,https://freshbreaddigital.com/,Marketing Agency,"AI Automation ICP, Marketing Agency",Google Places,New Braunfels TX
Hello Hustle,"2912 Whinchat, Canyon Lake, TX 78130, USA",New Braunfels,TX,,https://hello-hustle.com/,Marketing Agency,"AI Automation ICP, Marketing Agency",Google Places,New Braunfels TX
The AMMO Group,"240 Comal Ave, New Braunfels, TX 78130, USA",New Braunfels,TX,+18305155734,http://www.theammogroup.com/,Marketing Agency,"AI Automation ICP, Marketing Agency",Google Places,New Braunfels TX
The Uproot Agency,"203 S Main St, Cibolo, TX 78108, USA",New Braunfels,TX,+18302821921,https://www.theuprootagency.com/,Marketing Agency,"AI Automation ICP, Marketing Agency",Google Places,New Braunfels TX
Ballistic Marketing Group,"692 Tree Top Pass, New Braunfels, TX 78130, USA",New Braunfels,TX,+18052352885,http://www.ballisticmarketinggroup.com/,Marketing Agency,"AI Automation ICP, Marketing Agency",Google Places,New Braunfels TX
Tin Town,"9 Cane St, New Braunfels, TX 78130, USA",New Braunfels,TX,+18303121636,http://www.tintownmade.com/,Marketing Agency,"AI Automation ICP, Marketing Agency",Google Places,New Braunfels TX
Revitalize Visuals,"531 W Cross St, New Braunfels, TX 78130, USA",New Braunfels,TX,+18303020475,https://revitalizevisuals.com/,Marketing Agency,"AI Automation ICP, Marketing Agency",Google Places,New Braunfels TX
RAPTAP Marketing,"2170 Park Rd, New Braunfels, TX 78132, USA",New Braunfels,TX,+18302292150,https://raptapmarketing.com/?utm_source=google&utm_medium=organic&utm_campaign=GBP,Marketing Agency,"AI Automation ICP, Marketing Agency",Google Places,New Braunfels TX
Reliable Staffing,"382 S I-35 South Frontage Rd Bldg C, New Braunfels, TX 78130, USA",New Braunfels,TX,+18303128130,http://reliablestaffing.com/newbraunfels,Staffing / HR,"AI Automation ICP, Staffing / HR",Google Places,New Braunfels TX
Express Employment Professionals,"111 W San Antonio St Ste 115, New Braunfels, TX 78130, USA",New Braunfels,TX,+18306262300,https://www.expresspros.com/us-texas-new-braunfels,Staffing / HR,"AI Automation ICP, Staffing / HR",Google Places,New Braunfels TX
TMD Staffing,"165 I 35 N Frontage Rd #165, New Braunfels, TX 78130, USA",New Braunfels,TX,+18303276138,https://www.tmdstaffing.com/,Staffing / HR,"AI Automation ICP, Staffing / HR",Google Places,New Braunfels TX
VIP Staffing,"1285 E Common St, New Braunfels, TX 78130, USA",New Braunfels,TX,+18306292525,https://www.vip-staffing.com/our-locations/new-braunfels-staffing-agency-location/,Staffing / HR,"AI Automation ICP, Staffing / HR",Google Places,New Braunfels TX
Modern Staffing Texas,"457B Landa St, New Braunfels, TX 78130, USA",New Braunfels,TX,+18306325233,https://www.modern-staffing.com/,Staffing / HR,"AI Automation ICP, Staffing / HR",Google Places,New Braunfels TX
Workforce Solutions Alamo Career Center - New Braunfels,"183 S I-35 South Frontage Rd, New Braunfels, TX 78130, USA",New Braunfels,TX,+18306292010,https://www.workforcesolutionsalamo.org/,Staffing / HR,"AI Automation ICP, Staffing / HR",Google Places,New Braunfels TX
Hawkins Personnel Group,"197 E Mill St, New Braunfels, TX 78130, USA",New Braunfels,TX,+18306062022,http://www.hawkinspersonnel.com/,Staffing / HR,"AI Automation ICP, Staffing / HR",Google Places,New Braunfels TX
"Priority Personnel, LLC.","1921 Corporate Dr #103, San Marcos, TX 78666, USA",New Braunfels,TX,+15123922323,http://www.prioritypersonnel.com/,Staffing / HR,"AI Automation ICP, Staffing / HR",Google Places,New Braunfels TX
Prosource Staffing,"219 E San Antonio St, New Braunfels, TX 78130, USA",New Braunfels,TX,,,Staffing / HR,"AI Automation ICP, Staffing / HR",Google Places,New Braunfels TX
Eleos Staffing,"1762 E Common St, New Braunfels, TX 78130, USA",New Braunfels,TX,+18307308580,,Staffing / HR,"AI Automation ICP, Staffing / HR",Google Places,New Braunfels TX
Patriot Construction and Remodeling,"1393 Wald Rd, New Braunfels, TX 78132, USA",New Braunfels,TX,+18306200200,http://patriot-remodeling.com/,Construction / Contractor,"AI Automation ICP, Construction / Contractor",Google Places,New Braunfels TX
GrayBrook Construction,"923 Kroesche Ln, New Braunfels, TX 78130, USA",New Braunfels,TX,+18302146349,http://www.graybrookconstruction.com/,Construction / Contractor,"AI Automation ICP, Construction / Contractor",Google Places,New Braunfels TX
Awesome Contracting,"3824 Wegner Rd, New Braunfels, TX 78132, USA",New Braunfels,TX,+18304066640,https://acs-tx.com/,Construction / Contractor,"AI Automation ICP, Construction / Contractor",Google Places,New Braunfels TX
SmithCo General Contractor,"825 Manhattan, New Braunfels, TX 78130, USA",New Braunfels,TX,+18303122485,http://www.smithco.biz/,Construction / Contractor,"AI Automation ICP, Construction / Contractor",Google Places,New Braunfels TX
South Texas Contractors & Roofing,"323 Oak Gln, San Antonio, TX 78209, USA",New Braunfels,TX,+12106608787,https://southtxcontractors.com/,Construction / Contractor,"AI Automation ICP, Construction / Contractor",Google Places,New Braunfels TX
Woolsey Design Build,"2111 S I-35 South Frontage Rd Ste 2110, New Braunfels, TX 78130, USA",New Braunfels,TX,+18303171717,http://www.woolseydesignbuild.com/,Construction / Contractor,"AI Automation ICP, Construction / Contractor",Google Places,New Braunfels TX
Keith Wing Custom Builders,"2027 State Hwy 46 W #106, New Braunfels, TX 78132, USA",New Braunfels,TX,+18302669464,http://www.keithwing.com/,Construction / Contractor,"AI Automation ICP, Construction / Contractor",Google Places,New Braunfels TX
Ridgepoint Roofing,"1430 Unicorn Ave Ste 101, New Braunfels, TX 78130, USA",New Braunfels,TX,+18306320073,https://www.ridgepointcontractors.com/new-braunfels,Construction / Contractor,"AI Automation ICP, Construction / Contractor",Google Places,New Braunfels TX
Bill Buck & Son Construction,"242 S Business IH 35, New Braunfels, TX 78130, USA",New Braunfels,TX,+18306060289,https://www.buckandson.com/,Construction / Contractor,"AI Automation ICP, Construction / Contractor",Google Places,New Braunfels TX
RHR Construction Company,"1429 Hillview Ave, New Braunfels, TX 78130, USA",New Braunfels,TX,+12103473077,https://rhrtx.com/,Construction / Contractor,"AI Automation ICP, Construction / Contractor",Google Places,New Braunfels TX
Keeley Construction,"1993 Wald Rd, New Braunfels, TX 78132, USA",New Braunfels,TX,+18303602067,https://www.keeleyconstruction.com/,Construction / Contractor,"AI Automation ICP, Construction / Contractor",Google Places,New Braunfels TX
Seidel Construction,"1285 Industrial St #101, New Braunfels, TX 78130, USA",New Braunfels,TX,+18306431778,https://www.seidelgc.com/,Construction / Contractor,"AI Automation ICP, Construction / Contractor",Google Places,New Braunfels TX
New Braunfels Roofing Company Elk,"123 N Seguin Ave, New Braunfels, TX 78130, USA",New Braunfels,TX,+18302516365,https://newbraunfelsroofingcompany.com/,Construction / Contractor,"AI Automation ICP, Construction / Contractor",Google Places,New Braunfels TX
EchoPark Automotive San Antonio (New Braunfels),"3191 I 35 N Frontage Rd, New Braunfels, TX 78130, USA",New Braunfels,TX,+18303552761,https://www.echopark.com/dealerships/tx/new-braunfels/echopark-san-antonio-new-braunfels?utm_source=google&utm_campaign=GoogleLocalListingNewBraunfels&utm_medium=organic,Auto Dealership,"AI Automation ICP, Auto Dealership",Google Places,New Braunfels TX
Bluebonnet Chrysler Dodge Jeep Ram,"1310 S I-35 South Frontage Rd, New Braunfels, TX 78130, USA",New Braunfels,TX,+18306269799,https://www.bluebonnetchryslerdodge.net/?utm_source=google&utm_medium=organic&utm_campaign=googlemybusiness,Auto Dealership,"AI Automation ICP, Auto Dealership",Google Places,New Braunfels TX
ValMark Chevrolet,"725 I-35, New Braunfels, TX 78130, USA",New Braunfels,TX,+18303690197,https://www.valmarkchevy.com/?utm_source=google&utm_medium=organic&utm_campaign=google_my_business,Auto Dealership,"AI Automation ICP, Auto Dealership",Google Places,New Braunfels TX
Champion Nissan New Braunfels,"2077 I-35, New Braunfels, TX 78130, USA",New Braunfels,TX,+12102775000,https://www.championnissannb.com/?utm_campaign=gmb&utm_medium=organic&utm_source=local,Auto Dealership,"AI Automation ICP, Auto Dealership",Google Places,New Braunfels TX
Bluebonnet Ford,"351 S I-35 South Frontage Rd, New Braunfels, TX 78130, USA",New Braunfels,TX,+18335050245,https://www.bbmotors.com/?utm_source=GMBListing&utm_medium=organic&utm_campaign=main+link,Auto Dealership,"AI Automation ICP, Auto Dealership",Google Places,New Braunfels TX
Landa Auto Sales,"267 Landa St Ste B, New Braunfels, TX 78130, USA",New Braunfels,TX,+12108614997,http://www.landaautosales.com/,Auto Dealership,"AI Automation ICP, Auto Dealership",Google Places,New Braunfels TX
Steele Hyundai of New Braunfels,"547 S Seguin Ave, New Braunfels, TX 78130, USA",New Braunfels,TX,+18303690336,https://www.steelehyundainewbraunfels.com/?utm_source=GMBlisting,Auto Dealership,"AI Automation ICP, Auto Dealership",Google Places,New Braunfels TX
Premiere Autoplex,"2250 S Business IH 35, New Braunfels, TX 78130, USA",New Braunfels,TX,+12104453088,http://www.nbplex.com/,Auto Dealership,"AI Automation ICP, Auto Dealership",Google Places,New Braunfels TX
World Car Mazda New Braunfels,"3363 I-35 Bldg. 2, New Braunfels, TX 78132, USA",New Braunfels,TX,+18302678189,https://www.worldcarmazdaonline.com/?utm_source=google_my_business&utm_medium=organic,Auto Dealership,"AI Automation ICP, Auto Dealership",Google Places,New Braunfels TX
Bluebonnet Supercenter,"1875 S Business IH 35, New Braunfels, TX 78130, USA",New Braunfels,TX,+18306061515,https://www.bbmotors.com/?utm_source=GMBListing&utm_medium=organic&utm_campaign=supercenter+link,Auto Dealership,"AI Automation ICP, Auto Dealership",Google Places,New Braunfels TX
World Car Kia New Braunfels,"3363 I-35 Bldg. 1, New Braunfels, TX 78132, USA",New Braunfels,TX,+18306273849,https://www.worldcarkiaonline.com/?utm_source=google_my_business&utm_medium=organic,Auto Dealership,"AI Automation ICP, Auto Dealership",Google Places,New Braunfels TX
Inka Motors NB,"1991 I-35, New Braunfels, TX 78130, USA",New Braunfels,TX,+18303874255,http://www.inkamotorsnb.com/,Auto Dealership,"AI Automation ICP, Auto Dealership",Google Places,New Braunfels TX
Bluebonnet Certified,"3566 S I-35 South Frontage Rd, New Braunfels, TX 78132, USA",New Braunfels,TX,+18306297400,http://www.bbcertified.com/,Auto Dealership,"AI Automation ICP, Auto Dealership",Google Places,New Braunfels TX
Bullseye Motors Inc.,"1360 S. BUSINESS 35, New Braunfels, TX 78130, USA",New Braunfels,TX,+18306206633,http://www.bullseyemotor.com/,Auto Dealership,"AI Automation ICP, Auto Dealership",Google Places,New Braunfels TX
Kachow Motors,"799 I 35 N Frontage Rd, New Braunfels, TX 78130, USA",New Braunfels,TX,+12108875971,https://www.kachowmotors.com/,Auto Dealership,"AI Automation ICP, Auto Dealership",Google Places,New Braunfels TX
Kahlig Auto Group,"1671 Executive Dr, New Braunfels, TX 78130, USA",New Braunfels,TX,+18004581740,,Auto Dealership,"AI Automation ICP, Auto Dealership",Google Places,New Braunfels TX
Texas Quality Motors,"179 Watson Ln E, New Braunfels, TX 78130, USA",New Braunfels,TX,+12108788515,https://www.texasqualitymotors.com/contact,Auto Dealership,"AI Automation ICP, Auto Dealership",Google Places,New Braunfels TX
Country Auto Mart,"960 S Business IH 35, New Braunfels, TX 78130, USA",New Braunfels,TX,+18306430902,http://camtruckz.com/,Auto Dealership,"AI Automation ICP, Auto Dealership",Google Places,New Braunfels TX
Third Coast Auto Group New Braunfels,"192 I-35, New Braunfels, TX 78130, USA",New Braunfels,TX,+18306322990,https://www.thirdcoastautos.com/clp-used-car-dealer-new-braunfels-tx,Auto Dealership,"AI Automation ICP, Auto Dealership",Google Places,New Braunfels TX
Contigo Auto Sales,"1493 S. Business, I-35, New Braunfels, TX 78130, USA",New Braunfels,TX,+18306604894,https://www.contigoauto.com/,Auto Dealership,"AI Automation ICP, Auto Dealership",Google Places,New Braunfels TX
"Property Professionals, Inc.","373 S Seguin Ave, New Braunfels, TX 78130, USA",New Braunfels,TX,+18306258065,http://www.propertynb.com/,Property Management,"AI Automation ICP, Property Management",Google Places,New Braunfels TX
Edwards Property Management,"1111 N Walnut Ave, New Braunfels, TX 78130, USA",New Braunfels,TX,+18305155101,https://www.edwardspropertymgmt.com/,Property Management,"AI Automation ICP, Property Management",Google Places,New Braunfels TX
Grand Welcome New Braunfels,"457 Landa St Ste A-30, New Braunfels, TX 78130, USA",New Braunfels,TX,+18306269422,https://www.newbraunfelshost.com/,Property Management,"AI Automation ICP, Property Management",Google Places,New Braunfels TX
MIDCITI Property Management,"1067 FM306 #501, New Braunfels, TX 78130, USA",New Braunfels,TX,+18303120313,https://midcitipm.com/,Property Management,"AI Automation ICP, Property Management",Google Places,New Braunfels TX
Red Mansions Realty,"2324 Gruene Lake Dr c, New Braunfels, TX 78130, USA",New Braunfels,TX,+18306430536,http://www.rmrteam.com/,Property Management,"AI Automation ICP, Property Management",Google Places,New Braunfels TX
"Limestone Country Properties, LLC","378 Hampshire St, New Braunfels, TX 78130, USA",New Braunfels,TX,+18302530018,https://www.limestone-country.com/,Property Management,"AI Automation ICP, Property Management",Google Places,New Braunfels TX
River Tree Property Management,"19315 FM 2252 #309, Garden Ridge, TX 78266, USA",New Braunfels,TX,+12105172617,http://www.rivertreepm.com/,Property Management,"AI Automation ICP, Property Management",Google Places,New Braunfels TX
Barclé Group New Braunfels Vacation Rental Management,"371 W Lincoln St, New Braunfels, TX 78130, USA",New Braunfels,TX,+15126490177,https://barclegroup.com/,Property Management,"AI Automation ICP, Property Management",Google Places,New Braunfels TX
Reliance PMPros,"111 W San Antonio St #150, New Braunfels, TX 78130, USA",New Braunfels,TX,+18306277368,http://www.reliancepmpros.com/,Property Management,"AI Automation ICP, Property Management",Google Places,New Braunfels TX
Heritage Property Management,"453 W San Antonio St, New Braunfels, TX 78130, USA",New Braunfels,TX,+19033312002,https://www.heritagepropertymanagementsa.com/contact,Property Management,"AI Automation ICP, Property Management",Google Places,New Braunfels TX
Real Property Management Alamo - New Braunfels,"352 Landa St, New Braunfels, TX 78130, USA",New Braunfels,TX,+15122984911,https://www.rpmalamo.com/?cid=LSTL_RPM000203&utm_source=gmb&utm_campaign=local&utm_medium=organic,Property Management,"AI Automation ICP, Property Management",Google Places,New Braunfels TX
Amz Realty PM,"244 FM306 Ste 120 Unit 631, New Braunfels, TX 78130, USA",New Braunfels,TX,+12105008885,https://amzrealtypm.com/,Property Management,"AI Automation ICP, Property Management",Google Places,New Braunfels TX
Zip Management Group,"7940 FM306 Suite 2, New Braunfels, TX 78132, USA",New Braunfels,TX,+12105647368,https://zipmgroup.com/,Property Management,"AI Automation ICP, Property Management",Google Places,New Braunfels TX
Lokal Property Management,"453 W San Antonio St, New Braunfels, TX 78130, USA",New Braunfels,TX,+18303088845,,Property Management,"AI Automation ICP, Property Management",Google Places,New Braunfels TX
"Steps Realty,LLC","1607 Spur St, New Braunfels, TX 78130, USA",New Braunfels,TX,+12106321661,http://www.stepsrealtyteam.com/,Property Management,"AI Automation ICP, Property Management",Google Places,New Braunfels TX
1836 Property Management,"2209 S 1st St #104, Austin, TX 78704, USA",New Braunfels,TX,+15129944323,http://www.1836propertymanagement.com/,Property Management,"AI Automation ICP, Property Management",Google Places,New Braunfels TX
CMIT Solutions,"223 E Bridge St Ste 104, New Braunfels, TX 78130, USA",New Braunfels,TX,+18305154151,https://cmitsolutions.com/sanmarcos-tx-1047/?utm_source=google&utm_medium=organic&utm_campaign=gbp&utm_term=1047,IT / MSP,"AI Automation ICP, IT / MSP",Google Places,New Braunfels TX
"Top Tek Pros, LLC","1295 E Common St, New Braunfels, TX 78130, USA",New Braunfels,TX,+18303593540,https://toptekpros.com/?utm_source=gbp&utm_medium=click,IT / MSP,"AI Automation ICP, IT / MSP",Google Places,New Braunfels TX
G7 Tech Services: Software Solutions,"2111 S I-35 South Frontage Rd, New Braunfels, TX 78130, USA",New Braunfels,TX,+15128203799,https://www.g7techservices.com/,IT / MSP,"AI Automation ICP, IT / MSP",Google Places,New Braunfels TX
Gruene Technology Group,"2115 Stephens Pl #300, New Braunfels, TX 78130, USA",New Braunfels,TX,+18305151988,http://www.gruenetg.com/,IT / MSP,"AI Automation ICP, IT / MSP",Google Places,New Braunfels TX
Infonaligy,"246 W San Antonio St #201, New Braunfels, TX 78130, USA",New Braunfels,TX,+14696199474,https://www.infonaligy.com/,IT / MSP,"AI Automation ICP, IT / MSP",Google Places,New Braunfels TX
New Braunfels Tech,"460 Burr Oak Ln, Canyon Lake, TX 78133, USA",New Braunfels,TX,+12108508635,http://newbraunfelstech.com/,IT / MSP,"AI Automation ICP, IT / MSP",Google Places,New Braunfels TX
The-Tech Doctor,"711 N Walnut Ave Ste C, New Braunfels, TX 78130, USA",New Braunfels,TX,+18302146709,https://www.techdoc.net/,IT / MSP,"AI Automation ICP, IT / MSP",Google Places,New Braunfels TX
JV Tech Services LLC,"254 Oelkers Dr, New Braunfels, TX 78130, USA",New Braunfels,TX,+18302820340,https://www.jvtechservices.com/,IT / MSP,"AI Automation ICP, IT / MSP",Google Places,New Braunfels TX
Alamo Tech,"1101 Thorpe Ln 105 477, San Marcos, TX 78666, USA",New Braunfels,TX,+18303593599,https://alamotechllc.com/,IT / MSP,"AI Automation ICP, IT / MSP",Google Places,New Braunfels TX
Endpoint IT Services LLC,"808 E Court St, Seguin, TX 78155, USA",New Braunfels,TX,+18302412550,http://www.endpointit.net/,IT / MSP,"AI Automation ICP, IT / MSP",Google Places,New Braunfels TX
7tech - Austin Managed IT Services Company,"7000 N Mopac Expy Second floor, Suite 275, Austin, TX 78731, USA",New Braunfels,TX,+18555986002,https://www.7tech.com/managed-it-services-austin/,IT / MSP,"AI Automation ICP, IT / MSP",Google Places,New Braunfels TX
iPersonalyze,"1308 E Common St, New Braunfels, TX 78130, USA",New Braunfels,TX,+18886786344,https://www.ipersonalyze.com/contact-ipersonalyze.html,IT / MSP,"AI Automation ICP, IT / MSP",Google Places,New Braunfels TX
"Infidati, Inc. | Outsourced IT Support & Managed IT Services in Dripping Springs","1600 Sycamore Creek Dr, Dripping Springs, TX 78620, USA",New Braunfels,TX,+16153480628,https://www.infidati.com/?utm_source=gbp&utm_medium=gbp&utm_campaign=gbp_organic,IT / MSP,"AI Automation ICP, IT / MSP",Google Places,New Braunfels TX
Terminal B: IT Managed Services in Austin,"13341 US-290 Bldg. 2 Ste. 244, Austin, TX 78737, USA",New Braunfels,TX,+15123814800,https://www.terminalb.com/,IT / MSP,"AI Automation ICP, IT / MSP",Google Places,New Braunfels TX
The Desktop,"105 Schumanns Bch Rd Ste 1102, New Braunfels, TX 78130, USA",New Braunfels,TX,+18304812233,,IT / MSP,"AI Automation ICP, IT / MSP",Google Places,New Braunfels TX
New Braunfels Title Co,"243 S Seguin Ave, New Braunfels, TX 78130, USA",New Braunfels,TX,+18306257553,https://nbtitle.com/,Title / Closing,"AI Automation ICP, Title / Closing",Google Places,New Braunfels TX
Stewart Title Company - New Braunfels,"111 W San Antonio St #110, New Braunfels, TX 78130, USA",New Braunfels,TX,+18306096029,https://www.stewart.com/en/markets/san-antonio/offices/new-braunfels.html,Title / Closing,"AI Automation ICP, Title / Closing",Google Places,New Braunfels TX
WFG National Title Company,"524 S Seguin Ave, New Braunfels, TX 78130, USA",New Braunfels,TX,+18302214750,https://wfgnationaltitle.com/new-braunfels-office/,Title / Closing,"AI Automation ICP, Title / Closing",Google Places,New Braunfels TX
Alamo Title at New Braunfels,"494 S Seguin Ave #100, New Braunfels, TX 78130, USA",New Braunfels,TX,+18306271130,http://alamotitlesa.com/newbraunfels/,Title / Closing,"AI Automation ICP, Title / Closing",Google Places,New Braunfels TX
Providence Title Company - New Braunfels,"1171 Gruene Rd #104, New Braunfels, TX 78130, USA",New Braunfels,TX,+18306201110,http://www.protitletx.com/,Title / Closing,"AI Automation ICP, Title / Closing",Google Places,New Braunfels TX
Corridor Title New Braunfels,"410 W San Antonio St #100, New Braunfels, TX 78130, USA",New Braunfels,TX,+18303874739,https://corridortitle.com/,Title / Closing,"AI Automation ICP, Title / Closing",Google Places,New Braunfels TX
Independence Title New Braunfels,"417 W San Antonio St, New Braunfels, TX 78130, USA",New Braunfels,TX,+18306298100,https://independencetitle.com/offices/new-braunfels-office/?utm_source=gmb&utm_medium=Yext,Title / Closing,"AI Automation ICP, Title / Closing",Google Places,New Braunfels TX
Capital Title – New Braunfels,"675 N Business Interstate Hwy 35 Suite 101, New Braunfels, TX 78130, USA",New Braunfels,TX,+18306297117,http://www.ctot.com/,Title / Closing,"AI Automation ICP, Title / Closing",Google Places,New Braunfels TX
Old Republic Title (New Braunfels),"640 N Walnut Ave Ste 1201, New Braunfels, TX 78130, USA",New Braunfels,TX,+18306081551,https://www.oldrepublictitle.com/texas/san-antonio/new-braunfels/,Title / Closing,"AI Automation ICP, Title / Closing",Google Places,New Braunfels TX
Chicago Title,"177 W Mill St, New Braunfels, TX 78130, USA",New Braunfels,TX,+18303877682,https://sanantonio.ctic.com/Offices/New-Braunfels,Title / Closing,"AI Automation ICP, Title / Closing",Google Places,New Braunfels TX
McKnight Title - New Braunfels,"595 S Castell Ave, New Braunfels, TX 78130, USA",New Braunfels,TX,+18306088852,https://www.mcknighttitle.com/,Title / Closing,"AI Automation ICP, Title / Closing",Google Places,New Braunfels TX
First American Title - New Braunfels,"1619 E Common St #1202, New Braunfels, TX 78130, USA",New Braunfels,TX,+18303603150,,Title / Closing,"AI Automation ICP, Title / Closing",Google Places,New Braunfels TX
New Braunfels Title Co,"1435 FM2673, Canyon Lake, TX 78133, USA",New Braunfels,TX,+18309073424,http://nbtitle.com/,Title / Closing,"AI Automation ICP, Title / Closing",Google Places,New Braunfels TX
Longhorn Title Co South Texas,"325 S Castell Ave, New Braunfels, TX 78130, USA",New Braunfels,TX,+18306201110,,Title / Closing,"AI Automation ICP, Title / Closing",Google Places,New Braunfels TX
Preserve Title Company,"204 Creekside Way, New Braunfels, TX 78130, USA",New Braunfels,TX,,,Title / Closing,"AI Automation ICP, Title / Closing",Google Places,New Braunfels TX
Seguin Title Co,"202 N Camp St #110, Seguin, TX 78155, USA",New Braunfels,TX,+18303030080,http://nbtitle.com/,Title / Closing,"AI Automation ICP, Title / Closing",Google Places,New Braunfels TX
Security Service Title Company,"190 Creekside Crossing Ste 1101, New Braunfels, TX 78130, USA",New Braunfels,TX,+18884285516,https://www.ssfcu.org/home-loans/title,Title / Closing,"AI Automation ICP, Title / Closing",Google Places,New Braunfels TX
MJ Transport Logistics,"451 FM306, New Braunfels, TX 78130, USA",New Braunfels,TX,+15129949589,http://mjtransporttx.com/,Logistics / Trucking,"AI Automation ICP, Logistics / Trucking",Google Places,New Braunfels TX
Star Bulk,"4650 FM482, New Braunfels, TX 78132, USA",New Braunfels,TX,+18306252504,http://starbulk1.com/,Logistics / Trucking,"AI Automation ICP, Logistics / Trucking",Google Places,New Braunfels TX
Guadalupe Logistics,"1942 S I-35 South Frontage Rd Ste 107, San Marcos, TX 78666, USA",New Braunfels,TX,+18307087697,http://www.guadalupelogistics.com/,Logistics / Trucking,"AI Automation ICP, Logistics / Trucking",Google Places,New Braunfels TX
Kapavik Transport,"2682 Wald Rd, New Braunfels, TX 78132, USA",New Braunfels,TX,+18306278720,http://www.kapaviktransport.com/,Logistics / Trucking,"AI Automation ICP, Logistics / Trucking",Google Places,New Braunfels TX
River City Heavy Haul,"3177 Pahmeyer Rd, New Braunfels, TX 78130, USA",New Braunfels,TX,+18306292675,https://www.rivercity-heavyhaul.com/,Logistics / Trucking,"AI Automation ICP, Logistics / Trucking",Google Places,New Braunfels TX
Unlimited Freight,"1283 E Common St, New Braunfels, TX 78130, USA",New Braunfels,TX,+18306294600,,Logistics / Trucking,"AI Automation ICP, Logistics / Trucking",Google Places,New Braunfels TX
Gameday Logistics,"1259 TX-337 Loop Ste 101, New Braunfels, TX 78130, USA",New Braunfels,TX,+18302124117,http://www.gamedaylgx.com/,Logistics / Trucking,"AI Automation ICP, Logistics / Trucking",Google Places,New Braunfels TX
Two Men and a Truck Moving,"115 Schumanns Bch Rd, New Braunfels, TX 78130, USA",New Braunfels,TX,+15123252065,https://twomenandatruck.com/movers/tx/new-braunfels?utm_source=google&utm_medium=organic&utm_campaign=gmb,Logistics / Trucking,"AI Automation ICP, Logistics / Trucking",Google Places,New Braunfels TX
Bad Possum Trucks,"1614 Prickly Pear Dr, New Braunfels, TX 78130, USA",New Braunfels,TX,+18303186500,,Logistics / Trucking,"AI Automation ICP, Logistics / Trucking",Google Places,New Braunfels TX
Overboard Xpress Logistics LLC,"223 Hondo Dr, New Braunfels, TX 78130, USA",New Braunfels,TX,+18306094397,,Logistics / Trucking,"AI Automation ICP, Logistics / Trucking",Google Places,New Braunfels TX
Anderson Transport Services Inc,"1001 Mission Dr, New Braunfels, TX 78130, USA",New Braunfels,TX,+15126677300,,Logistics / Trucking,"AI Automation ICP, Logistics / Trucking",Google Places,New Braunfels TX
New Braunfels Shipping and Mailbox Emporium,"1308 E Common St Suite 205, New Braunfels, TX 78130, USA",New Braunfels,TX,+18306326030,http://nbshippingmailbox.com/,Logistics / Trucking,"AI Automation ICP, Logistics / Trucking",Google Places,New Braunfels TX
35 South Business Park,"3702 S I-35 South Frontage Rd, New Braunfels, TX 78132, USA",New Braunfels,TX,+18307431127,,Logistics / Trucking,"AI Automation ICP, Logistics / Trucking",Google Places,New Braunfels TX
Countrywide Auto Transport's New Braunfels,"136 S Castell Ave, New Braunfels, TX 78130, USA",New Braunfels,TX,+18302824551,https://countrywideautotransport.com/,Logistics / Trucking,"AI Automation ICP, Logistics / Trucking",Google Places,New Braunfels TX
FedEx Ship Center,"2330 Lifehaus Industrial Dr, New Braunfels, TX 78130, USA",New Braunfels,TX,+18004633339,https://local.fedex.com/en-us/tx/new-braunfels/nira?cmp=LOC-1001545-3-2-971-1110000-US-US-EN-YEXTLISTFEDEXSC,Logistics / Trucking,"AI Automation ICP, Logistics / Trucking",Google Places,New Braunfels TX
Texas Freight,"555 I-35 #314, New Braunfels, TX 78130, USA",New Braunfels,TX,+12548981117,,Logistics / Trucking,"AI Automation ICP, Logistics / Trucking",Google Places,New Braunfels TX
New Braunfels Moving Company,"1965 Post Rd #610, New Braunfels, TX 78130, USA",New Braunfels,TX,+18302242919,https://newbraunfelsmovingcompany.com/?utm_source=Google+Business+Profile&utm_medium=Website+URL&utm_campaign=Website+URL,Logistics / Trucking,"AI Automation ICP, Logistics / Trucking",Google Places,New Braunfels TX
Blue Dog Trucking,"1431 Cap Ridge Peak, New Braunfels, TX 78130, USA",New Braunfels,TX,,,Logistics / Trucking,"AI Automation ICP, Logistics / Trucking",Google Places,New Braunfels TX
"Insco Distributing, Inc.","1223 Industrial St # B, New Braunfels, TX 78130, USA",New Braunfels,TX,+18306257743,https://www.insco.com/NewBraunfels,Logistics / Trucking,"AI Automation ICP, Logistics / Trucking",Google Places,New Braunfels TX
Texas Horizons Law Group,"536 E Court St, Seguin, TX 78155, USA",Seguin,TX,+18302407185,https://thlg.law/?utm_source=google&utm_medium=organic&utm_campaign=gbp_seguin_tx_78155,Legal Services,"AI Automation ICP, Legal Services",Google Places,Seguin TX
"Carabin Shaw, PC - Seguin","109 W Court St #108, Seguin, TX 78155, USA",Seguin,TX,+18303032288,http://www.carabinshaw.com/seguin.html,Legal Services,"AI Automation ICP, Legal Services",Google Places,Seguin TX
"The Law Office of Ruben James Reyes, PLLC","112 N Austin St, Seguin, TX 78155, USA",Seguin,TX,+18303797571,http://www.rjr1.com/,Legal Services,"AI Automation ICP, Legal Services",Google Places,Seguin TX
"Gaytán Law Firm, PLLC","304 S Camp St, Seguin, TX 78155, USA",Seguin,TX,+18308658282,http://www.gaytanlaw.com/,Legal Services,"AI Automation ICP, Legal Services",Google Places,Seguin TX
Law Office of Douglas J. Kappmeyer,"113 W Gonzales St, Seguin, TX 78155, USA",Seguin,TX,+18303034357,http://www.lawofficeofdouglasjkappmeyer.com/,Legal Services,"AI Automation ICP, Legal Services",Google Places,Seguin TX
De La Garza Kimberly,"109 W Court St, Seguin, TX 78155, USA",Seguin,TX,+18303033002,,Legal Services,"AI Automation ICP, Legal Services",Google Places,Seguin TX
Stephen D Finch Law Office PC,"105 W Donegan St, Seguin, TX 78155, USA",Seguin,TX,+18303724036,http://www.stephenfinchlaw.com/,Legal Services,"AI Automation ICP, Legal Services",Google Places,Seguin TX
Law Office of James S. Frost,"113 W Gonzales St, Seguin, TX 78155, USA",Seguin,TX,+18303030404,http://frostlawoffice.com/,Legal Services,"AI Automation ICP, Legal Services",Google Places,Seguin TX
Law Office of Robert Dittman,"204 S Austin St sweet 6, Seguin, TX 78155, USA",Seguin,TX,+12102997658,http://robertdittmanlaw.com/,Legal Services,"AI Automation ICP, Legal Services",Google Places,Seguin TX
"The Old Law Firm, P.C.","113 S River St #102, Seguin, TX 78155, USA",Seguin,TX,+18303036900,,Legal Services,"AI Automation ICP, Legal Services",Google Places,Seguin TX
Finch Patricia A,"109 W Donegan St, Seguin, TX 78155, USA",Seguin,TX,+18303034037,,Legal Services,"AI Automation ICP, Legal Services",Google Places,Seguin TX
Bill Troy Law - Criminal Defense,"113 W Gonzales St, Seguin, TX 78155, USA",Seguin,TX,+18304333674,,Legal Services,"AI Automation ICP, Legal Services",Google Places,Seguin TX
Nieto Sam S,"620 N Hwy 123 Bypass B, Seguin, TX 78155, USA",Seguin,TX,+18304014300,,Legal Services,"AI Automation ICP, Legal Services",Google Places,Seguin TX
Precious Tobias Stout,"113 S River St #107, Seguin, TX 78155, USA",Seguin,TX,+18302437855,https://preciousstout.com/,Legal Services,"AI Automation ICP, Legal Services",Google Places,Seguin TX
Kenny Perez Law-Personal Injury Lawyer,"111 E Gonzales St, Seguin, TX 78155, USA",Seguin,TX,+18305421992,https://kennyperezlaw.com/,Legal Services,"AI Automation ICP, Legal Services",Google Places,Seguin TX
The Law Offices of Sam H. Lock,"109 W Court St, Seguin, TX 78155, USA",Seguin,TX,+18303721522,https://www.sanantoniocriminaldefense.com/?utm_source=GMB&utm_medium=Seguin&utm_campaign=gmb,Legal Services,"AI Automation ICP, Legal Services",Google Places,Seguin TX
Family Law Jrlopez Office,"16489 S State Hwy 123, Seguin, TX 78155, USA",Seguin,TX,+18302068691,,Legal Services,"AI Automation ICP, Legal Services",Google Places,Seguin TX
Seguin Family Health Center,"1104 Jefferson Ave, Seguin, TX 78155, USA",Seguin,TX,+18303799797,https://communityhealthtx.com/clinics/seguin/,Medical / Healthcare,"AI Automation ICP, Medical / Healthcare",Google Places,Seguin TX
CareNow Urgent Care - Seguin,"1347 E Court St Ste 1347, Seguin, TX 78155, USA",Seguin,TX,+18304339778,https://www.carenow.com/locations/san-antonio/seguin?utm_campaign=corp_listings_mgmt&utm_source=google&utm_medium=business_listing,Medical / Healthcare,"AI Automation ICP, Medical / Healthcare",Google Places,Seguin TX
Guadalupe Regional Medical Center,"1215 E Court St, Seguin, TX 78155, USA",Seguin,TX,+18303792411,https://www.grmedcenter.com/?utm_source=GMBSocialClimb&utm_medium=GuadalupeRegionalMedicalCenter,Medical / Healthcare,"AI Automation ICP, Medical / Healthcare",Google Places,Seguin TX
"Guadalupe Regional Medical Group, Primary Care Associates at Laurel Building","108 Medical Dr, Seguin, TX 78155, USA",Seguin,TX,+18304844200,http://www.grmedgroup.com/?utm_source=GMBSocialClimb&utm_medium=GuadalupeRegionalMedicalGroup%2CPrimaryCareAssociates,Medical / Healthcare,"AI Automation ICP, Medical / Healthcare",Google Places,Seguin TX
Guadalupe Family Health,"1414 E Walnut St, Seguin, TX 78155, USA",Seguin,TX,+18303797901,http://www.guadalupefamilyhealth.com/,Medical / Healthcare,"AI Automation ICP, Medical / Healthcare",Google Places,Seguin TX
Quality Urgent Care - Seguin,"1300 TX-46, Seguin, TX 78155, USA",Seguin,TX,+18302532275,https://www.qualityurgentcareofamerica.com/,Medical / Healthcare,"AI Automation ICP, Medical / Healthcare",Google Places,Seguin TX
Hillside Primary Care,"519 N King St #101, Seguin, TX 78155, USA",Seguin,TX,+12107426555,https://www.hillsideprimarycare.com/,Medical / Healthcare,"AI Automation ICP, Medical / Healthcare",Google Places,Seguin TX
Family Medical Center,"1355 E Court St, Seguin, TX 78155, USA",Seguin,TX,+18303035224,http://www.seguinfamilypractice.net/,Medical / Healthcare,"AI Automation ICP, Medical / Healthcare",Google Places,Seguin TX
Guadalupe Clinic,"1350 Ashby St, Seguin, TX 78155, USA",Seguin,TX,+18303039400,https://www.grmedcenter.com/clinical-services/guadalupe-clinic/,Medical / Healthcare,"AI Automation ICP, Medical / Healthcare",Google Places,Seguin TX
Clinica Familiar Seguin,"634 E Court St, Seguin, TX 78155, USA",Seguin,TX,+18304334951,,Medical / Healthcare,"AI Automation ICP, Medical / Healthcare",Google Places,Seguin TX
Walnut Springs Family Health,"214 N Camp St, Seguin, TX 78155, USA",Seguin,TX,+18303798811,http://www.walnutspringsfamilyhealth.com/,Medical / Healthcare,"AI Automation ICP, Medical / Healthcare",Google Places,Seguin TX
WellMed at Seguin,"421 S King St, Seguin, TX 78155, USA",Seguin,TX,+18305602813,https://doctors.wellmedhealthcare.com/locations/details/5775?utm_source=google&utm_medium=organic&utm_campaign=local-listings,Medical / Healthcare,"AI Automation ICP, Medical / Healthcare",Google Places,Seguin TX
"Dr. Dean L. Zincone, MD","1355 E Court St, Seguin, TX 78155, USA",Seguin,TX,+18304014401,http://seguinfamilypractice.com/,Medical / Healthcare,"AI Automation ICP, Medical / Healthcare",Google Places,Seguin TX
Rapid Urgent Care,"920 W Court St Ste 100, Seguin, TX 78155, USA",Seguin,TX,+18304693133,https://www.rapidurgentcaretx.com/?utm_source=google-gmb-maps&utm_medium=gmb-website-button&utm_campaign=locl.io&utm_content=ecd7f5ef-cebd-45ce-b4db-9b928a931211,Medical / Healthcare,"AI Automation ICP, Medical / Healthcare",Google Places,Seguin TX
Seguin Family Medicine and MediSpa,"515 N King St #103, Seguin, TX 78155, USA",Seguin,TX,+18303725200,http://www.seguinfamilymedicine.com/,Medical / Healthcare,"AI Automation ICP, Medical / Healthcare",Google Places,Seguin TX
Renew Health Center: Seguin Primary Care & Psychiatry,"515 N King St Ste 202, Seguin, TX 78155, USA",Seguin,TX,+18303469001,https://renewhealthcenters.com/seguin-primary-care/,Medical / Healthcare,"AI Automation ICP, Medical / Healthcare",Google Places,Seguin TX
"Jacob Somen, DO: Guadalupe Regional Medical Group, Primary Care Associates","108 Medical Dr, Seguin, TX 78155, USA",Seguin,TX,+18304844200,https://grmedgroup.com/primary-care-associates/?utm_source=GMBSocialClimb&utm_medium=JacobSomen%2CDO%3AGuadalupeRegionalMedicalGroup%2CPrimaryCareAssociates,Medical / Healthcare,"AI Automation ICP, Medical / Healthcare",Google Places,Seguin TX
"Lighthouse Family Health, PLLC","1350 E Walnut St, Seguin, TX 78155, USA",Seguin,TX,+18304633323,http://lighthousefamilyhealth.com/,Medical / Healthcare,"AI Automation ICP, Medical / Healthcare",Google Places,Seguin TX
Thomas Raetzsch Medical Clinic,"1025 N Austin St, Seguin, TX 78155, USA",Seguin,TX,+18303791184,https://www.doctorraetzsch.com/,Medical / Healthcare,"AI Automation ICP, Medical / Healthcare",Google Places,Seguin TX
Evolve Texas Medical Group Seguin,"315 N Austin St, Seguin, TX 78155, USA",Seguin,TX,+18302193322,https://evolvemedgroup.com/,Medical / Healthcare,"AI Automation ICP, Medical / Healthcare",Google Places,Seguin TX
Dental Plus Clinic of Seguin (Seguin Dental Care),"1417 E Walnut St #100, Seguin, TX 78155, USA",Seguin,TX,+18303792017,https://mydentalplusclinic.com/seguin/,Dental,"AI Automation ICP, Dental",Google Places,Seguin TX
Seguin Smiles,"1460 Eastwood Dr, Seguin, TX 78155, USA",Seguin,TX,+18303722949,https://www.seguinsmiles.com/,Dental,"AI Automation ICP, Dental",Google Places,Seguin TX
Premier Dental Center Seguin,"104 W Cedar St, Seguin, TX 78155, USA",Seguin,TX,+18303799310,https://premierdentalseguin.com/,Dental,"AI Automation ICP, Dental",Google Places,Seguin TX
Bella Vista Dental,"317 TX-46, Seguin, TX 78155, USA",Seguin,TX,+18303798902,https://www.bellavista4smiles.com/,Dental,"AI Automation ICP, Dental",Google Places,Seguin TX
"Toothtime Family Dentistry, PLLC","1507 E Court St #107, Seguin, TX 78155, USA",Seguin,TX,+18303729979,https://mytoothtime.com/locations/seguin/?utm_source=google&utm_medium=organic&utm_campaign=GMB-Seguin&utm_content=home,Dental,"AI Automation ICP, Dental",Google Places,Seguin TX
Tier One Dental,"279 TX-46, Seguin, TX 78155, USA",Seguin,TX,+18303722852,https://www.tieronedental.com/,Dental,"AI Automation ICP, Dental",Google Places,Seguin TX
Crescent Dental & Orthodontics: Seguin,"1467 E Court St, Seguin, TX 78155, USA",Seguin,TX,+18303864268,http://www.crescentsmiles.com/?utm_source=google.com&utm_medium=business+profile&utm_campaign=,Dental,"AI Automation ICP, Dental",Google Places,Seguin TX
Bright Star Dental LLC,"940 TX-123, Seguin, TX 78155, USA",Seguin,TX,+18303796545,http://brightstardentist.com/,Dental,"AI Automation ICP, Dental",Google Places,Seguin TX
"Aspen Dental - Seguin, TX","1310 I-10 STE 200, Seguin, TX 78155, USA",Seguin,TX,+12106888073,"https://www.aspendental.com/dentist/tx/seguin/1310-ih-10e-200?utm_source=googleplaces&utm_medium=lociqgoogleplaces&utm_campaign=Seguin,TX-Seguin_TX-4434&utm_content=listing",Dental,"AI Automation ICP, Dental",Google Places,Seguin TX
"Valdamar Cevallos D.D.S., P.L.L.C.","211 S River St, Seguin, TX 78155, USA",Seguin,TX,+18303722800,https://www.cevallosvaldamardds.com/,Dental,"AI Automation ICP, Dental",Google Places,Seguin TX
Alligator Dental - Seguin,"901 S Hwy 123 Byp, Seguin, TX 78155, USA",Seguin,TX,+18303723725,https://www.alligatordental.com/seguin-office/,Dental,"AI Automation ICP, Dental",Google Places,Seguin TX
Austin Street Dental,"995 S Austin St, Seguin, TX 78155, USA",Seguin,TX,+18303729448,,Dental,"AI Automation ICP, Dental",Google Places,Seguin TX
"Dr. Janice V. Weinman, DDS","1460 Eastwood Dr, Seguin, TX 78155, USA",Seguin,TX,+18303722949,http://www.seguinsmiles.com/,Dental,"AI Automation ICP, Dental",Google Places,Seguin TX
Dr. Brad Seddighzadeh,"104 W Cedar St, Seguin, TX 78155, USA",Seguin,TX,+18303799310,https://premierdentalseguin.com/dr-seddighzadeh/,Dental,"AI Automation ICP, Dental",Google Places,Seguin TX
Seguin Children's Dentistry: Dr. Steve Velez,"128 S Moss St #200, Seguin, TX 78155, USA",Seguin,TX,+18303725437,https://www.seguincd.com/,Dental,"AI Automation ICP, Dental",Google Places,Seguin TX
Guadalupe Kids Dental,"751 Best Dr Ste D, Seguin, TX 78155, USA",Seguin,TX,+18302407584,https://seguinkidsdental.com/?utm_source=google&utm_medium=organic&utm_campaign=gmb,Dental,"AI Automation ICP, Dental",Google Places,Seguin TX
The Whitening Lounge,"501 E Kingsbury St, Seguin, TX 78155, USA",Seguin,TX,+18302431500,https://thewhiteninglounge.glossgenius.com/?fbclid=PAAaYydd2WkhUXl_1-eDtj1f8y-_PW3lEFV_--8RCjkccbKV1PZiwR6xrGdAs_aem_AY1k9YLze3EBEfjCnvf9YDor8O5VatJuHTbdljV4dIB637arvojOAbAr_uUEeUnexkE,Dental,"AI Automation ICP, Dental",Google Places,Seguin TX
Cooper Marylin M DDS,"700 N King St, Seguin, TX 78155, USA",Seguin,TX,+18303790664,http://www.seguintexasdentist.com/,Dental,"AI Automation ICP, Dental",Google Places,Seguin TX
Orthodontic Specialists of Seguin - Dr. Clark Colville,"205 TX-46, Seguin, TX 78155, USA",Seguin,TX,+18303729811,https://drcolville.com/,Dental,"AI Automation ICP, Dental",Google Places,Seguin TX
CENTURY 21 Integra,"1498 E Court St, Seguin, TX 78155, USA",Seguin,TX,+18303797111,http://century21thehills.com/,Real Estate,"AI Automation ICP, Real Estate",Google Places,Seguin TX
"Vantage Real Estate Group, LLC","419 N King St #2, Seguin, TX 78155, USA",Seguin,TX,+18303031948,http://www.vantagerealestategroup.net,Real Estate,"AI Automation ICP, Real Estate",Google Places,Seguin TX
Keller Williams Realty Seguin,"200 S Austin St, Seguin, TX 78155, USA",Seguin,TX,+18303723670,http://kwnewbraunfels.com/,Real Estate,"AI Automation ICP, Real Estate",Google Places,Seguin TX
A Cut Above Realty,"109 E Gonzales St, Seguin, TX 78155, USA",Seguin,TX,+18304334646,http://www.acutaboverealty.com/,Real Estate,"AI Automation ICP, Real Estate",Google Places,Seguin TX
"Bloom Realty | Krista Moreno, BROKER","226 Sunbelt Loop W, Seguin, TX 78155, USA",Seguin,TX,+18303055248,http://www.bloomrealtytx.com/,Real Estate,"AI Automation ICP, Real Estate",Google Places,Seguin TX
Dawson & Associates Realty,"603 W Court St, Seguin, TX 78155, USA",Seguin,TX,+18303724663,http://www.duleydawson.com/,Real Estate,"AI Automation ICP, Real Estate",Google Places,Seguin TX
Corner Post Real Estate,"6532 TX-123, Seguin, TX 78155, USA",Seguin,TX,+18303050699,http://www.cornerpostrealestate.com/,Real Estate,"AI Automation ICP, Real Estate",Google Places,Seguin TX
"Melissa McBride , REALTOR® GRI","115 N Austin St, Seguin, TX 78155, USA",Seguin,TX,+18308225840,https://mcbridesells.com/,Real Estate,"AI Automation ICP, Real Estate",Google Places,Seguin TX
Seguin Realty,"809 E Court St #220, Seguin, TX 78155, USA",Seguin,TX,+18303031277,https://www.seguinrealty.net/,Real Estate,"AI Automation ICP, Real Estate",Google Places,Seguin TX
"Celina Ross Realty, LLC","902 N Austin St, Seguin, TX 78155, USA",Seguin,TX,+18307430522,http://celinaross.com/,Real Estate,"AI Automation ICP, Real Estate",Google Places,Seguin TX
True Choice Realty,"107 S River St Ste G, Seguin, TX 78155, USA",Seguin,TX,+18304025238,http://www.truechoicerealty.com/,Real Estate,"AI Automation ICP, Real Estate",Google Places,Seguin TX
JenT Realty San Antonio,"204 S Austin St, Seguin, TX 78155, USA",Seguin,TX,+12102746114,,Real Estate,"AI Automation ICP, Real Estate",Google Places,Seguin TX
Seppala Real Estate Group,"200 N River St, Seguin, TX 78155, USA",Seguin,TX,+18304026018,http://www.theseppalagroup.com/,Real Estate,"AI Automation ICP, Real Estate",Google Places,Seguin TX
BRAVA Realty,"108 E Court St, Seguin, TX 78155, USA",Seguin,TX,+18306607954,http://www.brava-realty.com/,Real Estate,"AI Automation ICP, Real Estate",Google Places,Seguin TX
White Line Realty,"204 S Austin St, Seguin, TX 78155, USA",Seguin,TX,+18302534773,http://www.whitelinerealty.com/,Real Estate,"AI Automation ICP, Real Estate",Google Places,Seguin TX
Tarpon Blue Real Estate LLC,"105 S River St, Seguin, TX 78155, USA",Seguin,TX,+18304014123,http://tarponbluerealestatetx.com/,Real Estate,"AI Automation ICP, Real Estate",Google Places,Seguin TX
Anders Pierce Realty,"109 W Court St, Seguin, TX 78155, USA",Seguin,TX,+18303729466,http://www.anderspierce.com/,Real Estate,"AI Automation ICP, Real Estate",Google Places,Seguin TX
Tinaya Sisler Realtor -The Sears Group,"200 S Austin St, Seguin, TX 78155, USA",Seguin,TX,+18308329735,https://thehippieagent.kw.com/,Real Estate,"AI Automation ICP, Real Estate",Google Places,Seguin TX
Nicole Marsh - Modern Door Realty,"204 S Austin St, Seguin, TX 78155, USA",Seguin,TX,+18303201657,http://moderndoorgroup.com/,Real Estate,"AI Automation ICP, Real Estate",Google Places,Seguin TX
"SOUTH TEXAS REALTY, LLC","516 N Austin St Suite 101, Seguin, TX 78155, USA",Seguin,TX,+18302720000,https://www.southtexasrealtyllc.com/,Real Estate,"AI Automation ICP, Real Estate",Google Places,Seguin TX
"The Meservey Group, PLLC","520 N River St, Seguin, TX 78155, USA",Seguin,TX,+18303794729,http://www.tmgpllc.com/,Accounting / Finance,"AI Automation ICP, Accounting / Finance",Google Places,Seguin TX
"MyCue & Brown CPA, PC","424 N Camp St #4912, Seguin, TX 78155, USA",Seguin,TX,+18303860541,http://www.seguincpa.com/,Accounting / Finance,"AI Automation ICP, Accounting / Finance",Google Places,Seguin TX
Brandon J Oehlke CPA,"Seguin, TX 78155, USA",Seguin,TX,+18303792991,http://www.oehlke-cpa.com/,Accounting / Finance,"AI Automation ICP, Accounting / Finance",Google Places,Seguin TX
"Kimberly A. Illhardt CPA, L.L.C.","212 S Crockett St, Seguin, TX 78155, USA",Seguin,TX,+18303792460,,Accounting / Finance,"AI Automation ICP, Accounting / Finance",Google Places,Seguin TX
Oehlke CPA PLLC,"550 Brackenridge Ln, Seguin, TX 78155, USA",Seguin,TX,+18303792991,http://www.oehlke-cpa.com/,Accounting / Finance,"AI Automation ICP, Accounting / Finance",Google Places,Seguin TX
Vordenbaum Eric CPA PLLC,"Studio Office Beyond the Pond, 309 N Milam St, Seguin, TX 78155, USA",Seguin,TX,+18303796626,,Accounting / Finance,"AI Automation ICP, Accounting / Finance",Google Places,Seguin TX
The Tax Standard by Jessica G. CPA,"virtual appointments only, 530 N Austin St, Seguin, TX 78155, USA",Seguin,TX,+18303087250,http://thetaxstandard.com/,Accounting / Finance,"AI Automation ICP, Accounting / Finance",Google Places,Seguin TX
Partners LLC,"309 N Milam St, Seguin, TX 78155, USA",Seguin,TX,+18303796619,http://www.myptrs.com/,Accounting / Finance,"AI Automation ICP, Accounting / Finance",Google Places,Seguin TX
The Fox Alliance,"808 E Court St, Seguin, TX 78155, USA",Seguin,TX,+18303721322,https://www.thefoxalliance.com/,Accounting / Finance,"AI Automation ICP, Accounting / Finance",Google Places,Seguin TX
Carl Muniz CPA LLC,"204 S Austin St Ste 18, Seguin, TX 78155, USA",Seguin,TX,+12109759158,https://www.muniz.cpa/,Accounting / Finance,"AI Automation ICP, Accounting / Finance",Google Places,Seguin TX
Oehlke Brandon J CPA,"13415 FM725, Seguin, TX 78155, USA",Seguin,TX,+18303792991,,Accounting / Finance,"AI Automation ICP, Accounting / Finance",Google Places,Seguin TX
Reininger Business Solutions LLC,"113 W Gonzales St, Seguin, TX 78155, USA",Seguin,TX,+18305609997,http://www.reiningerbusiness.com/,Accounting / Finance,"AI Automation ICP, Accounting / Finance",Google Places,Seguin TX
H&R Block,"1419 E Walnut St, Seguin, TX 78155, USA",Seguin,TX,+18303797903,https://www.hrblock.com/tax-office-near-me/texas/seguin/66518,Accounting / Finance,"AI Automation ICP, Accounting / Finance",Google Places,Seguin TX
Mas Tax Services,"1144 E Kingsbury St, Seguin, TX 78155, USA",Seguin,TX,+18303860053,https://www.mastaxservicetx.com/,Accounting / Finance,"AI Automation ICP, Accounting / Finance",Google Places,Seguin TX
Western Finance,"550 N Hwy 123 Bypass Ste 190, Seguin, TX 78155, USA",Seguin,TX,+18303721680,https://westernshamrock.com/locations/texas/western-finance-seguin-tx?utm_source=google&utm_medium=organic&utm_campaign=gbp+western+finance+seguin+tx+location,Accounting / Finance,"AI Automation ICP, Accounting / Finance",Google Places,Seguin TX
WKI - Westerholm Koehler Insurance,"533 E Court St, Seguin, TX 78155, USA",Seguin,TX,+18303797352,https://www.wkitexas.com/,Insurance,"AI Automation ICP, Insurance",Google Places,Seguin TX
Alves Insurance Associates,"715 E Court St, Seguin, TX 78155, USA",Seguin,TX,+18303793730,http://www.alvesinsurance.com/,Insurance,"AI Automation ICP, Insurance",Google Places,Seguin TX
Ai United Insurance,"1443 E Court St, Seguin, TX 78155, USA",Seguin,TX,+18303723555,http://www.aiunited.com/,Insurance,"AI Automation ICP, Insurance",Google Places,Seguin TX
A-MAX Auto Insurance,"1499 E Court St Ste. 500-A, Seguin, TX 78155, USA",Seguin,TX,+18303799000,https://www.amaxinsurance.com/find-an-office/seguin?utm_source=google&utm_medium=organic&utm_campaign=gmb,Insurance,"AI Automation ICP, Insurance",Google Places,Seguin TX
Donegan Insurance,"314 N Camp St, Seguin, TX 78155, USA",Seguin,TX,+18303038300,https://bdi-insurance.com/,Insurance,"AI Automation ICP, Insurance",Google Places,Seguin TX
Farmers Insurance - Brandon Torres,"1423 E Walnut St, Seguin, TX 78155, USA",Seguin,TX,+18303798231,https://agents.farmers.com/tx/seguin/brandon-torres?SourceID=AMPALFGMAG&utm_source=GMB&utm_medium=Local&y_source=1_MTE2MDI5NjgtNzE1LWxvY2F0aW9uLndlYnNpdGU=,Insurance,"AI Automation ICP, Insurance",Google Places,Seguin TX
Amtex Insurance,"1500 E Court St #102, Seguin, TX 78155, USA",Seguin,TX,+18304062127,https://www.amtexinsurance.com/locations/seguin-1500-east-court-street,Insurance,"AI Automation ICP, Insurance",Google Places,Seguin TX
Direct Auto Insurance,"550 S Hwy 123 Byp, Seguin, TX 78155, USA",Seguin,TX,+18304335300,https://local.directauto.com/texas/seguin/550-south-123-bypass?y_source=1_MjI2NzgyMjQtNzE1LWxvY2F0aW9uLndlYnNpdGU%3D,Insurance,"AI Automation ICP, Insurance",Google Places,Seguin TX
Pronto Insurance,"500 N Hwy 123 Bypass, Seguin, TX 78155, USA",Seguin,TX,+18304338888,https://www.prontoinsurance.com/agentdetail/seguin-auto-317,Insurance,"AI Automation ICP, Insurance",Google Places,Seguin TX
Reyes & Family Insurance Agency,"806 N Austin St, Seguin, TX 78155, USA",Seguin,TX,+18304062250,http://www.reyesfamilyins.com/,Insurance,"AI Automation ICP, Insurance",Google Places,Seguin TX
Farmers Insurance - Timothy McGaha,"200 N River St Ste 150a, Seguin, TX 78155, USA",Seguin,TX,+18302140898,https://agents.farmers.com/tx/seguin/timothy-mcgaha?SourceID=AMPALFGMAG&utm_source=GMB&utm_medium=Local&y_source=1_MTU1ODE4OC03MTUtbG9jYXRpb24ud2Vic2l0ZQ==,Insurance,"AI Automation ICP, Insurance",Google Places,Seguin TX
Hochheim Prairie Farm Mutual,"533 E Court St, Seguin, TX 78155, USA",Seguin,TX,+18303797352,,Insurance,"AI Automation ICP, Insurance",Google Places,Seguin TX
JB Servise - State Farm Insurance Agent,"1423 N Austin St, Seguin, TX 78155, USA",Seguin,TX,+18303860546,https://www.agentservise.com/?cmpid=FYFM_blm_0001,Insurance,"AI Automation ICP, Insurance",Google Places,Seguin TX
Texas Farm Bureau Insurance Company,"325 TX-46, Seguin, TX 78155, USA",Seguin,TX,+18303794456,https://www.txfb-ins.com/,Insurance,"AI Automation ICP, Insurance",Google Places,Seguin TX
Redeemed Indemnity Insurance Agency,"1017 E Kingsbury St Ste. 10, Seguin, TX 78155, USA",Seguin,TX,+18304062288,https://www.ri-nsure.com/,Insurance,"AI Automation ICP, Insurance",Google Places,Seguin TX
Fred Loya Insurance,"580 N Hwy 123 Bypass, Seguin, TX 78155, USA",Seguin,TX,+18304015815,https://www.fredloya.com/,Insurance,"AI Automation ICP, Insurance",Google Places,Seguin TX
Austen Hill - State Farm Insurance Agent,"1507 E Court St Ste 111, Seguin, TX 78155, USA",Seguin,TX,+18303794455,https://www.insureseguin.com/?cmpid=ECJD_blm_0001,Insurance,"AI Automation ICP, Insurance",Google Places,Seguin TX
Texas Legacy Insurance Group,"276 Guadalupe River Dr, Seguin, TX 78155, USA",Seguin,TX,+12542211878,http://www.texaslegacyins.com/,Insurance,"AI Automation ICP, Insurance",Google Places,Seguin TX
Eanes & Polk Inc Insurance,"406 E Mountain St, Seguin, TX 78155, USA",Seguin,TX,+18303791434,,Insurance,"AI Automation ICP, Insurance",Google Places,Seguin TX
Celinda Trotter - Texas Farm Bureau Insurance,"325 TX-46, Seguin, TX 78155, USA",Seguin,TX,+18303794456,https://www.txfb-ins.com/agent/details/32163,Insurance,"AI Automation ICP, Insurance",Google Places,Seguin TX
Anderson Financial Solutions,"206 S King St, Seguin, TX 78155, USA",Seguin,TX,+18304635113,http://www.andersonfinancialtx.com/,Financial Advisory,"AI Automation ICP, Financial Advisory",Google Places,Seguin TX
Edward Jones - Financial Advisor: Brandon Allen,"116 S Moss St, Seguin, TX 78155, USA",Seguin,TX,+18303799387,https://www.edwardjones.com/us-en/financial-advisor/brandon-allen?y_source=1_ODE5Nzg4Ni03MTUtbG9jYXRpb24ud2Vic2l0ZQ%3D%3D,Financial Advisory,"AI Automation ICP, Financial Advisory",Google Places,Seguin TX
Raymond James - Andrew Koenig & Kenneth Wolber - Financial/Investment/Retirement Advisor,"201 S River St, Seguin, TX 78155, USA",Seguin,TX,+18303723160,http://www.raymondjames.com/seguin,Financial Advisory,"AI Automation ICP, Financial Advisory",Google Places,Seguin TX
"Edward Jones - Financial Advisor: Doug Martin, AAMS®","507 E Court St, Seguin, TX 78155, USA",Seguin,TX,+18303790154,https://www.edwardjones.com/us-en/financial-advisor/doug-martin?y_source=1_OTY4NTA3LTcxNS1sb2NhdGlvbi53ZWJzaXRl,Financial Advisory,"AI Automation ICP, Financial Advisory",Google Places,Seguin TX
"Steven C Alyea - Financial Advisor, Ameriprise Financial Services, LLC","202 N Camp St #106, Seguin, TX 78155, USA",Seguin,TX,+18308659010,https://www.ameripriseadvisors.com/Steven.Alyea/?cid=IP_local_google,Financial Advisory,"AI Automation ICP, Financial Advisory",Google Places,Seguin TX
Edward Jones - Financial Advisor: Stacy Allen,"116 S Moss St, Seguin, TX 78155, USA",Seguin,TX,+18303798534,https://www.edwardjones.com/us-en/financial-advisor/stacy-allen?y_source=1_MjczMzEzODQtNzE1LWxvY2F0aW9uLndlYnNpdGU%3D,Financial Advisory,"AI Automation ICP, Financial Advisory",Google Places,Seguin TX
"Edward Jones - Financial Advisor: Rebecca J Kallies, CFP®|CLU®","809 E Court St Ste 100, Seguin, TX 78155, USA",Seguin,TX,+18305609400,https://www.edwardjones.com/us-en/financial-advisor/rebecca-kallies?y_source=1_NjMzNjcyNDMtNzE1LWxvY2F0aW9uLndlYnNpdGU%3D,Financial Advisory,"AI Automation ICP, Financial Advisory",Google Places,Seguin TX
"Edward Jones - Financial Advisor: Kristy M Kirkland, CFP®","109 S River St Suite #102, Seguin, TX 78155, USA",Seguin,TX,+18303790817,https://www.edwardjones.com/us-en/financial-advisor/kristy-kirkland?y_source=1_MTIzODk3OS03MTUtbG9jYXRpb24ud2Vic2l0ZQ%3D%3D,Financial Advisory,"AI Automation ICP, Financial Advisory",Google Places,Seguin TX
"Edward Jones - Financial Advisor: John R Boroff, CFP®","112 N Camp St, Seguin, TX 78155, USA",Seguin,TX,+18303729059,https://www.edwardjones.com/us-en/financial-advisor/john-boroff?y_source=1_MjA0NTM0MDM0Ni03MTUtbG9jYXRpb24ud2Vic2l0ZQ%3D%3D,Financial Advisory,"AI Automation ICP, Financial Advisory",Google Places,Seguin TX
Edward Jones - Financial Advisor: Troy A Halfmann,"507 E Court St, Seguin, TX 78155, USA",Seguin,TX,+18302725634,https://www.edwardjones.com/us-en/financial-advisor/troy-halfmann?y_source=1_MTMxMTI0NTgtNzE1LWxvY2F0aW9uLndlYnNpdGU%3D,Financial Advisory,"AI Automation ICP, Financial Advisory",Google Places,Seguin TX
Edward Jones - Financial Advisor: Ned Cox IV,"519 N King St Suite 106, Seguin, TX 78155, USA",Seguin,TX,+18304062337,https://www.edwardjones.com/us-en/financial-advisor/ned-cox?y_source=1_MTMwMTczNjItNzE1LWxvY2F0aW9uLndlYnNpdGU%3D,Financial Advisory,"AI Automation ICP, Financial Advisory",Google Places,Seguin TX
Wells Fargo Advisors,"101 E Nolte St, Seguin, TX 78155, USA",Seguin,TX,+18303791171,,Financial Advisory,"AI Automation ICP, Financial Advisory",Google Places,Seguin TX
Ken Keeble at New Fed Mortgage,"1498 E Court St, Seguin, TX 78155, USA",Seguin,TX,+18302371888,https://newfed.com/loan-officers/ken-keeble/,Mortgage,"AI Automation ICP, Mortgage",Google Places,Seguin TX
Texan Credit Corporation,"110 S Moss St, Seguin, TX 78155, USA",Seguin,TX,+18303790500,https://texancredit.com/,Mortgage,"AI Automation ICP, Mortgage",Google Places,Seguin TX
Loan Express Co,"107 N Austin St, Seguin, TX 78155, USA",Seguin,TX,+18303724990,https://loanexpresscash.com/store-location/seguin-loan-express/?utm_source=gbp,Mortgage,"AI Automation ICP, Mortgage",Google Places,Seguin TX
Toledo Finance,"550 N Hwy 123 Bypass #142, Seguin, TX 78155, USA",Seguin,TX,+18304339362,https://www.toledocorp.com/our-locations/seguin-office/?utm_source=google&utm_medium=organic&utm_campaign=gbp_website_link&utm_content=Seguin,Mortgage,"AI Automation ICP, Mortgage",Google Places,Seguin TX
Gold Star Finance Inc,"408 N King St, Seguin, TX 78155, USA",Seguin,TX,+18303860922,https://goldstarfinancetexas.com/locations?location=57,Mortgage,"AI Automation ICP, Mortgage",Google Places,Seguin TX
Payment 1 Loans - Seguin,"1415 E Walnut St #600, Seguin, TX 78155, USA",Seguin,TX,+18304062697,https://payment1.com/location/seguin/,Mortgage,"AI Automation ICP, Mortgage",Google Places,Seguin TX
NewFed Mortgage Corp,"1498 E Court St, Seguin, TX 78155, USA",Seguin,TX,+18776393331,https://newfed.com/,Mortgage,"AI Automation ICP, Mortgage",Google Places,Seguin TX
"Atlas Credit Co., Inc.","1413 N Hwy 123 Bypass, Seguin, TX 78155, USA",Seguin,TX,+18303729904,https://www.atlascredit.com/,Mortgage,"AI Automation ICP, Mortgage",Google Places,Seguin TX
World Finance,"576 S Hwy 123 Byp, Seguin, TX 78155, USA",Seguin,TX,+18303796733,https://www.loansbyworld.com/locations/branches/tx-seguin-576-s-hwy-123-byp-410?utm_source=google&utm_medium=organic&utm_campaign=loc&utm_content=cm-13gbp------bid-410,Mortgage,"AI Automation ICP, Mortgage",Google Places,Seguin TX
RBFCU - Seguin,"1600 E Court St, Seguin, TX 78155, USA",Seguin,TX,+12109453300,https://www.rbfcu.org/locations/seguin-branch-seguin-tx,Mortgage,"AI Automation ICP, Mortgage",Google Places,Seguin TX
Excel Finance,"550 N Hwy 123 Bypass Suite 150, Seguin, TX 78155, USA",Seguin,TX,+18303794911,https://excelfinco.com/,Mortgage,"AI Automation ICP, Mortgage",Google Places,Seguin TX
Security Finance,"109B E Gonzales St, Seguin, TX 78155, USA",Seguin,TX,+18303720360,https://www.securityfinance.com/locations/seguin-tx-0919?utm_source=googlebusiness&utm_medium=organic&utm_campaign=locallistings,Mortgage,"AI Automation ICP, Mortgage",Google Places,Seguin TX
Peterson Digital Marketing,"1109 RIVER WOOD, Seguin, TX 78155, USA",Seguin,TX,+13602810421,https://petersondigitalmarketing.com/,Marketing Agency,"AI Automation ICP, Marketing Agency",Google Places,Seguin TX
Veritas Marketing Solutions,"204 S Austin St #2, Seguin, TX 78155, USA",Seguin,TX,+18302557669,,Marketing Agency,"AI Automation ICP, Marketing Agency",Google Places,Seguin TX
Ruskin Consulting,"204 S Austin St Ste 10, Seguin, TX 78155, USA",Seguin,TX,+15122004230,https://ruskinconsulting.com/,Marketing Agency,"AI Automation ICP, Marketing Agency",Google Places,Seguin TX
Vector Marketing Seguin,"109 W Court St, Seguin, TX 78155, USA",Seguin,TX,+18303518550,https://www.vectormarketing.com/gm,Marketing Agency,"AI Automation ICP, Marketing Agency",Google Places,Seguin TX
Grovalina | Marketing & Design,"1010 N Guadalupe St, Seguin, TX 78155, USA",Seguin,TX,+12102628861,https://grovalina.my.canva.site/,Marketing Agency,"AI Automation ICP, Marketing Agency",Google Places,Seguin TX
5w Digital co,"1922 Mt Vernon St, Seguin, TX 78155, USA",Seguin,TX,+15129816006,https://5wdigitalco.com/,Marketing Agency,"AI Automation ICP, Marketing Agency",Google Places,Seguin TX
Social Lab Marketing LLC,"2231 Ridge Rd Ste 200, Rockwall, TX 75087, USA",Seguin,TX,+14698828410,https://www.makemybusinessfamous.com/,Marketing Agency,"AI Automation ICP, Marketing Agency",Google Places,Seguin TX
NuTech Advisors,"204 S Austin St Ste 8, Seguin, TX 78155, USA",Seguin,TX,+18302026100,https://www.nutechadvisors.com/,Marketing Agency,"AI Automation ICP, Marketing Agency",Google Places,Seguin TX
Prime Mountain Marketing,"1400 Preston Rd Ste 400, Plano, TX 75093, USA",Seguin,TX,+19726461668,http://primemountainmarketing.com/,Marketing Agency,"AI Automation ICP, Marketing Agency",Google Places,Seguin TX
Dragonfly Apparel & Branding LLC,"2067 W Kingsbury St, Seguin, TX 78155, USA",Seguin,TX,+18305495113,https://www.dfapparel.com/,Marketing Agency,"AI Automation ICP, Marketing Agency",Google Places,Seguin TX
Spherion Staffing & Recruiting,"103 W Walnut St Ste 108, Seguin, TX 78155, USA",Seguin,TX,+18302166600,https://www.spherion.com/our-offices/seguin-tx_16809/?utm_source=google&utm_medium=organic&utm_campaign=gmb-website,Staffing / HR,"AI Automation ICP, Staffing / HR",Google Places,Seguin TX
Trinity Staffing Services Seguin,"1417 E Walnut St #300, Seguin, TX 78155, USA",Seguin,TX,+18304010177,https://trinitystaffing.com/seguin-temp-agency-office/?utm_source=google&utm_medium=organic&utm_campaign=Googlelocal&utm_id=Googlelocal,Staffing / HR,"AI Automation ICP, Staffing / HR",Google Places,Seguin TX
Personnel Services,"1415 E Walnut St Ste #200, Seguin, TX 78155, USA",Seguin,TX,+18308000219,http://www.psstaffing.com/,Staffing / HR,"AI Automation ICP, Staffing / HR",Google Places,Seguin TX
Workforce Solutions Alamo Career Center - Seguin,"1411 E Court St, Seguin, TX 78155, USA",Seguin,TX,+18303794244,https://www.workforcesolutionsalamo.org/,Staffing / HR,"AI Automation ICP, Staffing / HR",Google Places,Seguin TX
KDK Power Contractor,"181 Pine Meadow Rd, Seguin, TX 78155, USA",Seguin,TX,+18308221781,https://kdkpowercontractor.com/general-contractor-seguin-tx/,Construction / Contractor,"AI Automation ICP, Construction / Contractor",Google Places,Seguin TX
LoneStar Home Solutions,"1225 E College St Ste B, Seguin, TX 78155, USA",Seguin,TX,+18308651344,http://www.lonestar-homesolutions.com/,Construction / Contractor,"AI Automation ICP, Construction / Contractor",Google Places,Seguin TX
Guadalupe Valley Construction,"2331 TX-46, Seguin, TX 78155, USA",Seguin,TX,+18302994131,http://guadalupevalleyconstruction.com/,Construction / Contractor,"AI Automation ICP, Construction / Contractor",Google Places,Seguin TX
The Koehler Company,"1404 N Camp St, Seguin, TX 78155, USA",Seguin,TX,+18303036256,https://www.koehco.com/,Construction / Contractor,"AI Automation ICP, Construction / Contractor",Google Places,Seguin TX
"K-W Construction, Inc.","5818 I-10, Seguin, TX 78155, USA",Seguin,TX,+15123535900,https://k-wconst.com/,Construction / Contractor,"AI Automation ICP, Construction / Contractor",Google Places,Seguin TX
Sullivan Contracting Services,"2299 Rudeloff Rd, Seguin, TX 78155, USA",Seguin,TX,+18303723812,http://www.scs-tx.com/,Construction / Contractor,"AI Automation ICP, Construction / Contractor",Google Places,Seguin TX
Texas NuBuild,"204 S Austin St Ste 9, Seguin, TX 78155, USA",Seguin,TX,+18306236400,http://www.texasnubuild.com/,Construction / Contractor,"AI Automation ICP, Construction / Contractor",Google Places,Seguin TX
Prestigious Homes by Moreno Construction,"757 N Hwy 123 Bypass #800, Seguin, TX 78155, USA",Seguin,TX,+18303798759,http://prestigioushomesbymc.com/,Construction / Contractor,"AI Automation ICP, Construction / Contractor",Google Places,Seguin TX
"Hilliland Contracting, LLC","107 S River St, Seguin, TX 78155, USA",Seguin,TX,+12104050624,https://hillilandcontracting.com/,Construction / Contractor,"AI Automation ICP, Construction / Contractor",Google Places,Seguin TX
Concrete Contractor Masters,"721 Erwin St, Seguin, TX 78155, USA",Seguin,TX,+18304337520,https://sites.google.com/view/concrete-contractor-masters/home,Construction / Contractor,"AI Automation ICP, Construction / Contractor",Google Places,Seguin TX
Rise Service Company,"1055 FM 2623 Building 4, Suite A, Seguin, TX 78155, USA",Seguin,TX,+18302435059,https://callrisetx.com/,Construction / Contractor,"AI Automation ICP, Construction / Contractor",Google Places,Seguin TX
Wunderlich Builders,"3040 US-90, Seguin, TX 78155, USA",Seguin,TX,+18303036210,http://www.wunderlichbuilders.com/,Construction / Contractor,"AI Automation ICP, Construction / Contractor",Google Places,Seguin TX
Moses Fences and Construction,"3413 Sabrina St, Seguin, TX 78155, USA",Seguin,TX,+18304069632,http://mosesfencesandconstruction.com/,Construction / Contractor,"AI Automation ICP, Construction / Contractor",Google Places,Seguin TX
Arroyo Ranch by D.R. Horton,"1008 Chachalaca Ct, Seguin, TX 78155, USA",Seguin,TX,+15128724961,https://www.drhorton.com/Texas/San-Marcos/Seguin/arroyo-ranch?utm_source=googlemybusiness&utm_medium=organic&utm_content=277-13&utm_campaign=GMB,Construction / Contractor,"AI Automation ICP, Construction / Contractor",Google Places,Seguin TX
Onyx Construction Inc,"2525 N Austin St, Seguin, TX 78155, USA",Seguin,TX,+18304339663,,Construction / Contractor,"AI Automation ICP, Construction / Contractor",Google Places,Seguin TX
Greg Herrera III Construction LLC,"1710 FM467, Seguin, TX 78155, USA",Seguin,TX,+18303032660,,Construction / Contractor,"AI Automation ICP, Construction / Contractor",Google Places,Seguin TX
R C Building Co,"104 N Austin St, Seguin, TX 78155, USA",Seguin,TX,+18304334843,,Construction / Contractor,"AI Automation ICP, Construction / Contractor",Google Places,Seguin TX
Swenson Heights by D.R. Horton,"912 Sweden Wy, Seguin, TX 78155, USA",Seguin,TX,+15128724961,https://www.drhorton.com/texas/san-marcos/seguin/swenson-heights?utm_source=googlemybusiness&utm_medium=organic&utm_content=270-63&utm_campaign=GMB,Construction / Contractor,"AI Automation ICP, Construction / Contractor",Google Places,Seguin TX
Clifton Construction TX LLC,"2510 FM467, Seguin, TX 78155, USA",Seguin,TX,,https://cliftonconstructiontx.com/,Construction / Contractor,"AI Automation ICP, Construction / Contractor",Google Places,Seguin TX
Auto Group of Seguin,"339 W Court St, Seguin, TX 78155, USA",Seguin,TX,+18303723000,http://autogroupofseguin.com/,Auto Dealership,"AI Automation ICP, Auto Dealership",Google Places,Seguin TX
Gunn Chrysler Dodge Jeep RAM,"1550 W Kingsbury St, Seguin, TX 78155, USA",Seguin,TX,+18304900732,https://www.gunncdjr.com/?utm_source=google&utm_medium=organic&utm_campaign=google_my_business&utm_content=website_button,Auto Dealership,"AI Automation ICP, Auto Dealership",Google Places,Seguin TX
Seguin Motor Cars,"838 W Court St, Seguin, TX 78155, USA",Seguin,TX,+18304062906,http://www.seguinmotorcars.com/,Auto Dealership,"AI Automation ICP, Auto Dealership",Google Places,Seguin TX
Seguin Chevrolet,"509 I-10, Seguin, TX 78155, USA",Seguin,TX,+18303034381,https://www.seguinchevrolet.com/?utm_source=google&utm_medium=organic&utm_campaign=googlemybusiness,Auto Dealership,"AI Automation ICP, Auto Dealership",Google Places,Seguin TX
Mercer Motor Company,"1224 E Kingsbury St, Seguin, TX 78155, USA",Seguin,TX,+18304915216,http://www.mercermotorco.com/,Auto Dealership,"AI Automation ICP, Auto Dealership",Google Places,Seguin TX
Seguin Car Country,"420 E Kingsbury St, Seguin, TX 78155, USA",Seguin,TX,+18304010495,http://seguincarcountry.com/,Auto Dealership,"AI Automation ICP, Auto Dealership",Google Places,Seguin TX
Beck & Beck Buick GMC,"603 E Kingsbury St, Seguin, TX 78155, USA",Seguin,TX,+18773760026,https://www.beckbuickgmc.com/?utm_source=google&utm_medium=organic&utm_campaign=gbp+sales,Auto Dealership,"AI Automation ICP, Auto Dealership",Google Places,Seguin TX
Born To Drive Auto Sales,"409 E Court St, Seguin, TX 78155, USA",Seguin,TX,+18302527370,https://www.borntodriveauto.com/,Auto Dealership,"AI Automation ICP, Auto Dealership",Google Places,Seguin TX
Pendergraft Auto Sales,"1111 N Austin St, Seguin, TX 78155, USA",Seguin,TX,+12108597673,http://pendergraftautosales.com/,Auto Dealership,"AI Automation ICP, Auto Dealership",Google Places,Seguin TX
Griffith Ford Seguin,"1880 I-10, Seguin, TX 78155, USA",Seguin,TX,+18303033673,http://www.griffithfordseguin.com/?utm_source=gmb&utm_medium=organic&utm_id=ffseo,Auto Dealership,"AI Automation ICP, Auto Dealership",Google Places,Seguin TX
Red Carpet Auto Sales Co.,"503 W Court St, Seguin, TX 78155, USA",Seguin,TX,+18302620742,https://www.redcarpetautosalestx.com/,Auto Dealership,"AI Automation ICP, Auto Dealership",Google Places,Seguin TX
Vara Autoplex,"1212 N Austin St, Seguin, TX 78155, USA",Seguin,TX,+18303798272,http://www.varaautoplex.com/,Auto Dealership,"AI Automation ICP, Auto Dealership",Google Places,Seguin TX
JROD Auto Sales LLC,"816 W Court St ste b, Seguin, TX 78155, USA",Seguin,TX,+18304062165,https://jrodautotx.com/,Auto Dealership,"AI Automation ICP, Auto Dealership",Google Places,Seguin TX
Duran Motors Co.,"816 W Court St, Seguin, TX 78155, USA",Seguin,TX,+12109928690,http://duranmotorsco.com/,Auto Dealership,"AI Automation ICP, Auto Dealership",Google Places,Seguin TX
E-Z Credit Autos,"703 N Austin St, Seguin, TX 78155, USA",Seguin,TX,+18303039620,,Auto Dealership,"AI Automation ICP, Auto Dealership",Google Places,Seguin TX
K & B Motors LLC,"8820 FM725, McQueeney, TX 78123, USA",Seguin,TX,+18303075743,http://www.kbmotors.net/,Auto Dealership,"AI Automation ICP, Auto Dealership",Google Places,Seguin TX
Gunn Chevrolet,"16550 I-35, Selma, TX 78154, USA",Seguin,TX,+12105478921,https://www.gunnchevrolet.com/?utm_source=google&utm_medium=organic&utm_campaign=google_my_business&utm_content=website_button,Auto Dealership,"AI Automation ICP, Auto Dealership",Google Places,Seguin TX
Seguin Property Management LLC,"1498 E Court St Ste 104, Seguin, TX 78155, USA",Seguin,TX,+18303037111,https://centdd.sitemanager.rentmanager.com/,Property Management,"AI Automation ICP, Property Management",Google Places,Seguin TX
The Caldwell Seguin,"3101 Palm Spgs, Seguin, TX 78155, USA",Seguin,TX,+18303760446,https://www.thecaldwellseguin.com/?utm_knock=g,Property Management,"AI Automation ICP, Property Management",Google Places,Seguin TX
RMR Commercial,"1420 N Austin St, Seguin, TX 78155, USA",Seguin,TX,+18307087710,https://rmrteam.com/,Property Management,"AI Automation ICP, Property Management",Google Places,Seguin TX
Aquity Management Group,"805 E Court St #100, Seguin, TX 78155, USA",Seguin,TX,+18307194264,http://www.aquitymanagementgroup.com/,Property Management,"AI Automation ICP, Property Management",Google Places,Seguin TX
Cottages at Nolte Farms,"745 Harry Miller Pass, Seguin, TX 78155, USA",Seguin,TX,+18302132805,https://www.cottagesatnoltefarms.com/?utm_knock=g,Property Management,"AI Automation ICP, Property Management",Google Places,Seguin TX
"Global Realty Group, LLC","109 S Main St, Cibolo, TX 78108, USA",Seguin,TX,+12105664000,http://www.grgsa.com/,Property Management,"AI Automation ICP, Property Management",Google Places,Seguin TX
Stone Ranch Townhomes - Apartments Seguin,"1360 C H Matthies Jr, Seguin, TX 78155, USA",Seguin,TX,+18303799712,https://www.stoneranchtownhomes.com/,Property Management,"AI Automation ICP, Property Management",Google Places,Seguin TX
Pecan Grove,"1231 W Court St, Seguin, TX 78155, USA",Seguin,TX,+18309992640,https://www.pecangroveapts.com/,Property Management,"AI Automation ICP, Property Management",Google Places,Seguin TX
"VGC & COMPANY, INC.","1846 Lockhill Selma Rd #106, San Antonio, TX 78213, USA",Seguin,TX,+12106681385,https://www.vgcres.com/,Property Management,"AI Automation ICP, Property Management",Google Places,Seguin TX
DTM Tech Solutions,"217 Hallie Cir Suite 101, Seguin, TX 78155, USA",Seguin,TX,+15128014103,http://dtmtechsolutions.com/,IT / MSP,"AI Automation ICP, IT / MSP",Google Places,Seguin TX
"Bahia Business Solutions, LLC","1418 N Austin St, Seguin, TX 78155, USA",Seguin,TX,+18303722442,http://www.bahiabusinesssolutions.com/,IT / MSP,"AI Automation ICP, IT / MSP",Google Places,Seguin TX
Taters Tech Solutions,"251 Meadow Lake Dr, Seguin, TX 78155, USA",Seguin,TX,+18304918795,http://www.taterstech.net/,IT / MSP,"AI Automation ICP, IT / MSP",Google Places,Seguin TX
SAS-TEK,"562 S N Hwy 123 Bypass #193, Seguin, TX 78155, USA",Seguin,TX,+18304206440,,IT / MSP,"AI Automation ICP, IT / MSP",Google Places,Seguin TX
Office Depot Tech Services,"1500 E Court St Ste 850, Seguin, TX 78155, USA",Seguin,TX,+18305491533,https://www.officedepot.com/storelocator/tx/seguin/office-depot-2741/tech-services/?utm_source=google&utm_medium=organic&utm_campaign=gmb_2741_website_tech,IT / MSP,"AI Automation ICP, IT / MSP",Google Places,Seguin TX
Heroes Computer Repair & Internet,"17174 TX-123, Seguin, TX 78155, USA",Seguin,TX,+18305609002,http://www.heroesisp.com/,IT / MSP,"AI Automation ICP, IT / MSP",Google Places,Seguin TX
Kiva Consulting,"562 South N Hwy 123 Bypass #380, Seguin, TX 78155, USA",Seguin,TX,+18303050460,http://kivaconsulting.com,IT / MSP,"AI Automation ICP, IT / MSP",Google Places,Seguin TX
Renegade Water Transfer LLC,"170 Tor Dr, Seguin, TX 78155, USA",Seguin,TX,+18303791554,,IT / MSP,"AI Automation ICP, IT / MSP",Google Places,Seguin TX
Ranch Wireless,"3547 N Hwy 123 Bypass, Seguin, TX 78155, USA",Seguin,TX,+18303790660,http://www.ranchwireless.com/,IT / MSP,"AI Automation ICP, IT / MSP",Google Places,Seguin TX
Five Star Title,"304 N Austin St, Seguin, TX 78155, USA",Seguin,TX,+18303035555,,Title / Closing,"AI Automation ICP, Title / Closing",Google Places,Seguin TX
Old Republic Title (Seguin),"1500 E Court St #132, Seguin, TX 78155, USA",Seguin,TX,+18303864046,https://www.oldrepublictitle.com/texas/san-antonio/seguin/,Title / Closing,"AI Automation ICP, Title / Closing",Google Places,Seguin TX
"Texas Car Title and Payday Loan Services, Inc.","3556 Hwy 90 Alt, Seguin, TX 78155, USA",Seguin,TX,+18303860402,https://texascartitleandpaydayloanservicesinc.com/title-loan-locations/tx1114/seguin-78155,Title / Closing,"AI Automation ICP, Title / Closing",Google Places,Seguin TX
TRIGO-SCSI (formerly Supply Chain Services International),"2348 FM464, Seguin, TX 78155, USA",Seguin,TX,+18304010335,http://www.scsinternational.com/,Logistics / Trucking,"AI Automation ICP, Logistics / Trucking",Google Places,Seguin TX
Sunset Logistics Inc,"710 Farm-To-Market 1620, Seguin, TX 78155, USA",Seguin,TX,+18305601032,,Logistics / Trucking,"AI Automation ICP, Logistics / Trucking",Google Places,Seguin TX
"201 logistics,kyle,tx","Seguin, TX 78155, USA",Seguin,TX,,,Logistics / Trucking,"AI Automation ICP, Logistics / Trucking",Google Places,Seguin TX
Caterpillar Shipping & Receiving,"1815 Holt Way, Seguin, TX 78155, USA",Seguin,TX,+18303862600,,Logistics / Trucking,"AI Automation ICP, Logistics / Trucking",Google Places,Seguin TX
Allon Transportation Services,"3040 I-10 Frontage Rd, Seguin, TX 78155, USA",Seguin,TX,+18303797800,,Logistics / Trucking,"AI Automation ICP, Logistics / Trucking",Google Places,Seguin TX
United Vision Logistics - Terminal 194,"242 Riverview Terrace, Seguin, TX 78155, USA",Seguin,TX,+18303795447,https://www.uvlogistics.com/,Logistics / Trucking,"AI Automation ICP, Logistics / Trucking",Google Places,Seguin TX
Robert Madden Industries Distribution center.,"920 Schriewer St, Seguin, TX 78155, USA",Seguin,TX,+18304630663,,Logistics / Trucking,"AI Automation ICP, Logistics / Trucking",Google Places,Seguin TX
SFS Transportation,"3400 E U.S. Hwy 90, Seguin, TX 78155, USA",Seguin,TX,+18304334881,https://www.sfstransportationco.com/,Logistics / Trucking,"AI Automation ICP, Logistics / Trucking",Google Places,Seguin TX
Lonestar Transportation,"2541 N Heideke St, Seguin, TX 78155, USA",Seguin,TX,+18303032115,,Logistics / Trucking,"AI Automation ICP, Logistics / Trucking",Google Places,Seguin TX
FCA Packaging,"2348 FM464, Seguin, TX 78155, USA",Seguin,TX,+18303860202,http://fcapackaging.com/?utm_source=googlelocalseguin&utm_medium=local,Logistics / Trucking,"AI Automation ICP, Logistics / Trucking",Google Places,Seguin TX
Tyson,"1200 W Kingsbury St, Seguin, TX 78155, USA",Seguin,TX,,,Logistics / Trucking,"AI Automation ICP, Logistics / Trucking",Google Places,Seguin TX
Pipeline trucking,"4196 E U.S. Hwy 90 #3848, Seguin, TX 78155, USA",Seguin,TX,,,Logistics / Trucking,"AI Automation ICP, Logistics / Trucking",Google Places,Seguin TX
A2K Logistics,"2401 Huber Rd, Seguin, TX 78155, USA",Seguin,TX,+18304330709,https://a2klog.com/,Logistics / Trucking,"AI Automation ICP, Logistics / Trucking",Google Places,Seguin TX
"A.M.A. United Transport Services, LLC","3008 Prairie Bluff, Seguin, TX 78155, USA",Seguin,TX,+15127445731,http://amatransportservices.com/,Logistics / Trucking,"AI Automation ICP, Logistics / Trucking",Google Places,Seguin TX
Huber Grain & Trucking Inc,"2375 Huber Rd, Seguin, TX 78155, USA",Seguin,TX,+18303037049,,Logistics / Trucking,"AI Automation ICP, Logistics / Trucking",Google Places,Seguin TX
Greatwide Dallas Mavis,"1381 E College St, Seguin, TX 78155, USA",Seguin,TX,+18303721800,,Logistics / Trucking,"AI Automation ICP, Logistics / Trucking",Google Places,Seguin TX
LTI,"170 Tor Dr, Seguin, TX 78155, USA",Seguin,TX,+18303039012,,Logistics / Trucking,"AI Automation ICP, Logistics / Trucking",Google Places,Seguin TX
Acme Truck Line Inc,"863 I-10 Frontage Rd, Seguin, TX 78155, USA",Seguin,TX,+18303033551,https://www.acmetruck.com/,Logistics / Trucking,"AI Automation ICP, Logistics / Trucking",Google Places,Seguin TX
"Lovorn Law Firm, PLLC","705 S Main St, Boerne, TX 78006, USA",Boerne,TX,+18302937330,https://www.lovornlawfirm.com/?utm_source=google&utm_medium=organic&utm_campaign=gbp,Legal Services,"AI Automation ICP, Legal Services",Google Places,Boerne TX
"McCammon Law, P.C.","602 Frey St, Boerne, TX 78006, USA",Boerne,TX,+18302512115,https://www.texas-estateplanning.com/,Legal Services,"AI Automation ICP, Legal Services",Google Places,Boerne TX
Brock Upham Yost & Strieber PLLC,"616 E Blanco Rd Ste 202B, Boerne, TX 78006, USA",Boerne,TX,+18308169033,https://www.brockuphamyost.com/,Legal Services,"AI Automation ICP, Legal Services",Google Places,Boerne TX
"Law Office Of Lasca A. Arnold, PLLC","140 E Bandera Rd, Boerne, TX 78006, USA",Boerne,TX,+12109963163,https://lascaarnold.com/,Legal Services,"AI Automation ICP, Legal Services",Google Places,Boerne TX
Ogle Legal Team,"1415 E Blanco Rd Ste. 7/ Rm106, Boerne, TX 78006, USA",Boerne,TX,+18302499358,http://www.oglelegalteam.com/,Legal Services,"AI Automation ICP, Legal Services",Google Places,Boerne TX
BRCK Criminal Defense Attorneys,"711 N Main St, Boerne, TX 78006, USA",Boerne,TX,+18302515598,https://brckdefense.com/boerne-tx/,Legal Services,"AI Automation ICP, Legal Services",Google Places,Boerne TX
"Pax Law, PLLC","908 S Main St, Boerne, TX 78006, USA",Boerne,TX,+12103460716,https://www.paxlawtx.com/,Legal Services,"AI Automation ICP, Legal Services",Google Places,Boerne TX
"Rogers & Elliott, PLLC","309 Water St Ste 201, Boerne, TX 78006, USA",Boerne,TX,+18308165487,https://retexlaw.com/,Legal Services,"AI Automation ICP, Legal Services",Google Places,Boerne TX
The Law Office of Nikki D Miller,"616 E Blanco Rd Ste 202B, Boerne, TX 78006, USA",Boerne,TX,+18303319760,https://www.nikkimillerlaw.com/,Legal Services,"AI Automation ICP, Legal Services",Google Places,Boerne TX
"Fudge Law Firm, PLLC","930 E Blanco Rd 400 B, Boerne, TX 78006, USA",Boerne,TX,+18303833333,http://fnslawfirm.com/,Legal Services,"AI Automation ICP, Legal Services",Google Places,Boerne TX
"Law Offices of Michael G. Deimund, PLLC","616 E Blanco Rd Ste 202B, Boerne, TX 78006, USA",Boerne,TX,+12104220559,,Legal Services,"AI Automation ICP, Legal Services",Google Places,Boerne TX
Cormican Law PLLC,"28255 I-10 #101, Boerne, TX 78006, USA",Boerne,TX,+12105048150,http://www.cormicanlaw.com/,Legal Services,"AI Automation ICP, Legal Services",Google Places,Boerne TX
The Carlson Law Firm | Injury Lawyers,"1421 S Main St Ste 113, Boerne, TX 78006, USA",Boerne,TX,+18304708777,https://www.carlsonattorneys.com/locations/boerne/?utm_source=GMB&utm_medium=Google+My+Business&utm_campaign=boerne,Legal Services,"AI Automation ICP, Legal Services",Google Places,Boerne TX
"Sisam & Associates, LLP","110 Industrial Dr, Boerne, TX 78006, USA",Boerne,TX,+18304280333,http://www.sisamlaw.com/,Legal Services,"AI Automation ICP, Legal Services",Google Places,Boerne TX
"The Nunley Firm, PLLC","910 N Main St Suite 200, Boerne, TX 78006, USA",Boerne,TX,+18308163333,https://www.ddb-law.com/,Legal Services,"AI Automation ICP, Legal Services",Google Places,Boerne TX
"Unique Solutions Law Firm, PLLC","607 E Blanco Rd #1432, Boerne, TX 78006, USA",Boerne,TX,+12109854833,https://www.uniquesolutionslawfirm.com/,Legal Services,"AI Automation ICP, Legal Services",Google Places,Boerne TX
"Leger, Ketchum & Cohoon, PLLC","179 S Main St #102, Boerne, TX 78006, USA",Boerne,TX,+12105044400,http://lkclawfirm.com/,Legal Services,"AI Automation ICP, Legal Services",Google Places,Boerne TX
Law Offices of J. Robert Davis P.C. | Injury & Accident Lawyer,"119 E Theissen St, Boerne, TX 78006, USA",Boerne,TX,+12105259220,https://jrobertdavis.com/,Legal Services,"AI Automation ICP, Legal Services",Google Places,Boerne TX
The Hoelke Law Firm P.L.L.C.,"138 Old San Antonio Rd #205, Boerne, TX 78006, USA",Boerne,TX,+12108880348,https://www.hoelkelaw.com/?npcmp=dir:local:1506403:78006,Legal Services,"AI Automation ICP, Legal Services",Google Places,Boerne TX
Law Firm of Rice & Rice,"39340 I-10 Ste d, Boerne, TX 78006, USA",Boerne,TX,+18888401593,http://lawfirmriceandrice.com/,Legal Services,"AI Automation ICP, Legal Services",Google Places,Boerne TX
Boerne Dental Center,"32350 I-10, Boerne, TX 78006, USA",Boerne,TX,+18302492045,https://www.boernedental.com/,Dental,"AI Automation ICP, Dental",Google Places,Boerne TX
Premier Dental Center Boerne,"804 N Main St, Boerne, TX 78006, USA",Boerne,TX,+18302185435,https://premierdentalboerne.com/,Dental,"AI Automation ICP, Dental",Google Places,Boerne TX
Hill Country Dental Center,"1112 S Main St, Boerne, TX 78006, USA",Boerne,TX,+18303683219,http://www.hillcountrydentalcenter.com/?utm_source=google.com&utm_medium=business+profile&utm_campaign=,Dental,"AI Automation ICP, Dental",Google Places,Boerne TX
Complete Dental Studio,"30875 I-10 #200b, Boerne, TX 78006, USA",Boerne,TX,+18303684830,https://completedentalstudio.com/,Dental,"AI Automation ICP, Dental",Google Places,Boerne TX
Family Smiles of Boerne,"430 W Bandera Rd Ste 4B, Boerne, TX 78006, USA",Boerne,TX,+18304283698,https://familysmilesdentist.com/locations/boerne/,Dental,"AI Automation ICP, Dental",Google Places,Boerne TX
Napa Oaks Dental,"27650 I-10 Ste 203, Boerne, TX 78006, USA",Boerne,TX,+12102015564,https://www.napaoaksdental.com/,Dental,"AI Automation ICP, Dental",Google Places,Boerne TX
Lifetime Dental,"1415 E Blanco Rd Ste 16, Boerne, TX 78006, USA",Boerne,TX,+18302516551,http://boernelifetimedental.com/,Dental,"AI Automation ICP, Dental",Google Places,Boerne TX
Little Smiles Dentistry,"415 S School St Ste 101, Boerne, TX 78006, USA",Boerne,TX,+18302499888,https://www.littlesmilesdentistry.com/,Dental,"AI Automation ICP, Dental",Google Places,Boerne TX
Dr. Kurt Mackie Dentistry,"1677 River Rd Suite 103, Boerne, TX 78006, USA",Boerne,TX,+18303317355,https://www.mackiedental.com/,Dental,"AI Automation ICP, Dental",Google Places,Boerne TX
Lemon Creek Smiles Dentistry,"10049 Lemon Creek Blvd Ste 109, Boerne, TX 78006, USA",Boerne,TX,+18303415397,https://www.lemoncreeksmilesdentistry.com/?sc_cid=GBP%3AO%3AGP%3A1274%3AOrganic_Search%3AGeneral%3Ana&_vsrefdom=organic_gbp&y_source=1_MjAxNTExMjc0MS03MTUtbG9jYXRpb24ud2Vic2l0ZQ%3D%3D,Dental,"AI Automation ICP, Dental",Google Places,Boerne TX
Kendall Woods Dental,"25 FM 3351 S, Boerne, TX 78006, USA",Boerne,TX,+18302295581,http://www.kendallwoodsdental.com/,Dental,"AI Automation ICP, Dental",Google Places,Boerne TX
Barry F. Gooden D.D.S.P.A.,"122 Medical Dr, Boerne, TX 78006, USA",Boerne,TX,+18302498559,http://www.barryfgoodendds.com/,Dental,"AI Automation ICP, Dental",Google Places,Boerne TX
Gardner Springs Dentistry,"134 Menger Springs Ste 1270, Boerne, TX 78006, USA",Boerne,TX,+18302678782,http://www.gardnerspringsdentistry.com/,Dental,"AI Automation ICP, Dental",Google Places,Boerne TX
"Dr. George W. Hundley Jr, DDS","128 Medical Dr, Boerne, TX 78006, USA",Boerne,TX,+18302493531,http://dr-dds-boerne.keeq.io/,Dental,"AI Automation ICP, Dental",Google Places,Boerne TX
Dr. Steven M. Sanchez,"102 Woods of Boerne Blvd, Boerne, TX 78006, USA",Boerne,TX,+18308165228,,Dental,"AI Automation ICP, Dental",Google Places,Boerne TX
The Kids Place Pediatric & Orthodontic Dental Office,"1101 S Main St, Boerne, TX 78006, USA",Boerne,TX,+18302516766,https://www.thekidsplacedds.com/?utm_campaign=gmb&utm_medium=local&utm_source=google,Dental,"AI Automation ICP, Dental",Google Places,Boerne TX
Boerne Orthodontics & Pediatric Dentistry,"215 W Bandera Rd, Boerne, TX 78006, USA",Boerne,TX,+18303318008,https://boerneorthopedo.com/,Dental,"AI Automation ICP, Dental",Google Places,Boerne TX
Anita Myers DDS,"134 Menger Springs #1310, Boerne, TX 78006, USA",Boerne,TX,+18308165160,http://myerssmiles.com/,Dental,"AI Automation ICP, Dental",Google Places,Boerne TX
Lemon Creek Kids’ Dentistry & Orthodontics,"10049 Lemon Creek Blvd Ste 110, Boerne, TX 78006, USA",Boerne,TX,+18303415651,https://www.lemoncreekkidsdentistry.com/?sc_cid=GBP%3AO%3AKD%3A21274%3AOrganic_Search%3AGeneral%3Ana&_vsrefdom=organic_gbp&y_source=1_MjAxNTExMjkwNi03MTUtbG9jYXRpb24ud2Vic2l0ZQ%3D%3D,Dental,"AI Automation ICP, Dental",Google Places,Boerne TX
Boerne Endodontics Associates,"124 E Bandera Rd, Boerne, TX 78006, USA",Boerne,TX,+18302173992,http://www.boerneendo.com/contact-us/,Dental,"AI Automation ICP, Dental",Google Places,Boerne TX
Mindy Thomas Realty,"204 River Ridge, Boerne, TX 78006, USA",Boerne,TX,+18304466057,http://www.homesforsaleboernetx.com/,Real Estate,"AI Automation ICP, Real Estate",Google Places,Boerne TX
RISE PROPERTY GROUP,"27650 I-10 Ste 107, Boerne, TX 78015, USA",Boerne,TX,+12103002744,http://www.therisepropertygroup.com/,Real Estate,"AI Automation ICP, Real Estate",Google Places,Boerne TX
The Boehm Team | Boerne Realty Experts | Hill Country Real Estate,"116 Herff Rd Ste 203, Boerne, TX 78006, USA",Boerne,TX,+18304288106,http://www.myboehmteam.com/,Real Estate,"AI Automation ICP, Real Estate",Google Places,Boerne TX
Hill Country Flat Fee Realty,"933 N Main St, Boerne, TX 78006, USA",Boerne,TX,+12104193604,http://hillcountryflatfeerealty.com/,Real Estate,"AI Automation ICP, Real Estate",Google Places,Boerne TX
"Solid Realty Group, LLC | Jessica Johnson, REALTORS","119 E Theissen St, Boerne, TX 78006, USA",Boerne,TX,+12108273733,https://www.solidrealtygroup.com/,Real Estate,"AI Automation ICP, Real Estate",Google Places,Boerne TX
Keller Williams Boerne,"116 Herff Rd Ste 203, Boerne, TX 78006, USA",Boerne,TX,+18308163500,http://kwboerne.com/,Real Estate,"AI Automation ICP, Real Estate",Google Places,Boerne TX
LoneStar Properties,"706 E Blanco Rd #100, Boerne, TX 78006, USA",Boerne,TX,+18302497979,http://www.lonestarboerne.com/,Real Estate,"AI Automation ICP, Real Estate",Google Places,Boerne TX
Legacy Broker Group,"710 E Blanco Rd, Boerne, TX 78006, USA",Boerne,TX,+18304463378,https://legacybrokergroup.com/,Real Estate,"AI Automation ICP, Real Estate",Google Places,Boerne TX
The Gahm Real Estate Team,"1018 River Rd #300, Boerne, TX 78006, USA",Boerne,TX,+12104158329,https://thegahmrealestateteam.com/,Real Estate,"AI Automation ICP, Real Estate",Google Places,Boerne TX
Kuper Sotheby's International Realty,"1002 River Rd #100, Boerne, TX 78006, USA",Boerne,TX,+18308165260,http://www.kuperrealty.com/,Real Estate,"AI Automation ICP, Real Estate",Google Places,Boerne TX
Collins Real Estate Team,"1018 River Rd #300, Boerne, TX 78006, USA",Boerne,TX,+12104781876,https://collinsrealestateteam.com/,Real Estate,"AI Automation ICP, Real Estate",Google Places,Boerne TX
RE/MAX Associates Boerne,"309 Water St, Boerne, TX 78006, USA",Boerne,TX,+18308162660,http://todaysboerne.com/,Real Estate,"AI Automation ICP, Real Estate",Google Places,Boerne TX
"The House Company, Realtors","216 E Blanco Rd #204, Boerne, TX 78006, USA",Boerne,TX,+18302493535,,Real Estate,"AI Automation ICP, Real Estate",Google Places,Boerne TX
"JBGoodwin REALTORS®, Hill Country","32255 I-10 E, Boerne, TX 78006, USA",Boerne,TX,+18302166971,https://jbgoodwin.com/,Real Estate,"AI Automation ICP, Real Estate",Google Places,Boerne TX
The Branch Real Estate,"101 Ledge Springs, Boerne, TX 78006, USA",Boerne,TX,+12109687653,http://www.thebranchinc.com/,Real Estate,"AI Automation ICP, Real Estate",Google Places,Boerne TX
The Teich Group,"711 S Main St, Boerne, TX 78006, USA",Boerne,TX,+12102865686,https://gillteichgroup.com/?utm_source=gbp&utm_medium=organic,Real Estate,"AI Automation ICP, Real Estate",Google Places,Boerne TX
"Krista Upham, Real Estate Broker Associate","710 E Blanco Rd, Boerne, TX 78006, USA",Boerne,TX,+12109990291,https://uphamgrouprealtors.com/?utm_source=gbp&utm_medium=organic,Real Estate,"AI Automation ICP, Real Estate",Google Places,Boerne TX
Welcome Home Real Estate,"604 River Rd, Boerne, TX 78006, USA",Boerne,TX,+18303318944,http://www.welcomehomeboerne.com/,Real Estate,"AI Automation ICP, Real Estate",Google Places,Boerne TX
"The Rivers Team, Phyllis Browning Co","711 S Main St, Boerne, TX 78006, USA",Boerne,TX,+12103933231,http://theriversteam.com/,Real Estate,"AI Automation ICP, Real Estate",Google Places,Boerne TX
Woodward Suzann M CPA,"512 E Blanco Rd #200, Boerne, TX 78006, USA",Boerne,TX,+18302494159,http://www.cpaboerne.com/,Accounting / Finance,"AI Automation ICP, Accounting / Finance",Google Places,Boerne TX
Dower & Associates,"908 S Main St, Boerne, TX 78006, USA",Boerne,TX,+18302490505,https://boernetxcpa.com/?utm_source=organic&utm_medium=gbp&utm_campaign=Dower,Accounting / Finance,"AI Automation ICP, Accounting / Finance",Google Places,Boerne TX
"M. D. Blake, CPA, Inc.","138 Old San Antonio Rd #201, Boerne, TX 78006, USA",Boerne,TX,+17143866127,http://www.mdblakecpa.com/,Accounting / Finance,"AI Automation ICP, Accounting / Finance",Google Places,Boerne TX
Essick Tax Services Inc,"100 W Hosack St Ste 104, Boerne, TX 78006, USA",Boerne,TX,+18303319218,http://sanantoniotaxservices.com/,Accounting / Finance,"AI Automation ICP, Accounting / Finance",Google Places,Boerne TX
T. DAVID PHILLIP CPA,"409 E San Antonio Ave, Boerne, TX 78006, USA",Boerne,TX,+18302481075,http://tdavidphillipcpa.com/,Accounting / Finance,"AI Automation ICP, Accounting / Finance",Google Places,Boerne TX
The Firm Roberts & Martin PC,"115 Oak Park Dr, Boerne, TX 78006, USA",Boerne,TX,+18304703046,https://www.thefirmrm.com/,Accounting / Finance,"AI Automation ICP, Accounting / Finance",Google Places,Boerne TX
"Quick Account Services, LLC","624 N Main St #101, Boerne, TX 78006, USA",Boerne,TX,+18305373717,http://qasspace.com/,Accounting / Finance,"AI Automation ICP, Accounting / Finance",Google Places,Boerne TX
ClearView Bookkeeping - Operational Bookkeeping & CFO Support,"S Main St, Boerne, TX 78006, USA",Boerne,TX,+12108889800,https://clearviewbookkeepers.com/,Accounting / Finance,"AI Automation ICP, Accounting / Finance",Google Places,Boerne TX
Christopher Dulin CPA,"1046 E Blanco Rd, Boerne, TX 78006, USA",Boerne,TX,+18306931700,https://www.dulin.cpa/,Accounting / Finance,"AI Automation ICP, Accounting / Finance",Google Places,Boerne TX
"Jennifer K Miller, CPA, LLC","108 Balcones Bend, Boerne, TX 78006, USA",Boerne,TX,+18306606460,,Accounting / Finance,"AI Automation ICP, Accounting / Finance",Google Places,Boerne TX
Affordable Reliable Bookkeeping,"28720 IH 10 West, Ste 700, Boerne, TX 78006, USA",Boerne,TX,+18307554235,http://www.arbkllc.com/,Accounting / Finance,"AI Automation ICP, Accounting / Finance",Google Places,Boerne TX
"Stahmann Holdings, LLC ""arbkllc"" Bookkeeping & Payroll","28720 IH 10 West, Ste 700, Boerne, TX 78006, USA",Boerne,TX,+18307554235,http://www.arbkllc.com/,Accounting / Finance,"AI Automation ICP, Accounting / Finance",Google Places,Boerne TX
Davidson Freedle,"301 E San Antonio Ave, Boerne, TX 78006, USA",Boerne,TX,+18308961100,http://www.df.cpa/,Accounting / Finance,"AI Automation ICP, Accounting / Finance",Google Places,Boerne TX
SnB Bookkeeping LLC,"118 Deer Trail, Boerne, TX 78006, USA",Boerne,TX,+18304310210,,Accounting / Finance,"AI Automation ICP, Accounting / Finance",Google Places,Boerne TX
Strategic Financial Group,"229 N Main St, Boerne, TX 78006, USA",Boerne,TX,+12102098622,https://strategicfg.com/,Accounting / Finance,"AI Automation ICP, Accounting / Finance",Google Places,Boerne TX
ADKF | with you all the way,"371 N Main St Ste 202, Boerne, TX 78006, USA",Boerne,TX,+18308151100,https://www.adkf.com/,Accounting / Finance,"AI Automation ICP, Accounting / Finance",Google Places,Boerne TX
Frost Francis D CPA,"122 Cibolo Creek Dr, Boerne, TX 78006, USA",Boerne,TX,+18302493601,,Accounting / Finance,"AI Automation ICP, Accounting / Finance",Google Places,Boerne TX
"ATKG, LLP","C, 31320 I-10 W Suite, Boerne, TX 78006, USA",Boerne,TX,+12107336611,http://www.atkgcpa.com/,Accounting / Finance,"AI Automation ICP, Accounting / Finance",Google Places,Boerne TX
Julie Muro Bookkeeping,"1001 S Main St #1, Boerne, TX 78006, USA",Boerne,TX,+18302493650,,Accounting / Finance,"AI Automation ICP, Accounting / Finance",Google Places,Boerne TX
Glick Insurance,"1201 S Main St #122, Boerne, TX 78006, USA",Boerne,TX,+18308162811,https://glickinsurance.com/,Insurance,"AI Automation ICP, Insurance",Google Places,Boerne TX
Fiesta Auto Insurance & Tax Service,"1012 N Main St, Boerne, TX 78006, USA",Boerne,TX,+18308165118,https://fiestainsurance.com/stores/fiesta-insurance-and-tax-boerne-texas-tx034/,Insurance,"AI Automation ICP, Insurance",Google Places,Boerne TX
"Davison Insurance Agency, LLC","915 N Main St, Boerne, TX 78006, USA",Boerne,TX,+18304654634,http://www.davison-insurance.com/,Insurance,"AI Automation ICP, Insurance",Google Places,Boerne TX
Guardian Agency,"1415 E Blanco Rd #7, Boerne, TX 78006, USA",Boerne,TX,+18305155565,https://www.guardianagencytx.com/,Insurance,"AI Automation ICP, Insurance",Google Places,Boerne TX
Dreiss Insurance Agency LLC,"805 N Main St, Boerne, TX 78006, USA",Boerne,TX,+18302493502,http://www.dreissinsurance.com/,Insurance,"AI Automation ICP, Insurance",Google Places,Boerne TX
"Garrett Insurance Agency, LLC","301 E San Antonio Ave, Boerne, TX 78006, USA",Boerne,TX,+18308966600,https://www.garrettinsurance.com/locations/garrett-insurance-boerne-tx/,Insurance,"AI Automation ICP, Insurance",Google Places,Boerne TX
Dependable Insurance Agency,"604 N Main St #300, Boerne, TX 78006, USA",Boerne,TX,+18302493528,,Insurance,"AI Automation ICP, Insurance",Google Places,Boerne TX
Yates & Associates Insurance,"1002 E Blanco Rd, Boerne, TX 78006, USA",Boerne,TX,+18308166601,http://www.yatesinsurance.com/,Insurance,"AI Automation ICP, Insurance",Google Places,Boerne TX
Genuine Insurance Agency TX,"1221 S Main St, Boerne, TX 78006, USA",Boerne,TX,+12102011590,,Insurance,"AI Automation ICP, Insurance",Google Places,Boerne TX
Independent Insurance Center (IIC) - Boerne Branch,"34910 I-10 #100, Boerne, TX 78006, USA",Boerne,TX,+18303318551,https://www.iicboerne.com/,Insurance,"AI Automation ICP, Insurance",Google Places,Boerne TX
Farmers Insurance Boerne - John Harvey Agency,"1201 S Main St #122, Boerne, TX 78006, USA",Boerne,TX,+18308165161,https://jharveyinsurance.com/,Insurance,"AI Automation ICP, Insurance",Google Places,Boerne TX
Texas Insurance Now,"195 Oak Forest Dr, Boerne, TX 78006, USA",Boerne,TX,+12108602525,https://www.texasinsurancenow.com/,Insurance,"AI Automation ICP, Insurance",Google Places,Boerne TX
Texas Farm Bureau Insurance Company,"1 Sisterdale Rd, Boerne, TX 78006, USA",Boerne,TX,+18302498837,https://www.txfb-ins.com/county/details/kendall,Insurance,"AI Automation ICP, Insurance",Google Places,Boerne TX
Mojo Insurance,"1415 E Blanco Rd, Boerne, TX 78006, USA",Boerne,TX,+12107225292,http://www.mojoprotects.com/,Insurance,"AI Automation ICP, Insurance",Google Places,Boerne TX
"Sparrow Haus Insurance and Notary, LLC.","607 E Blanco Rd #1075, Boerne, TX 78006, USA",Boerne,TX,+12106200876,https://www.sparrowhausins.com/,Insurance,"AI Automation ICP, Insurance",Google Places,Boerne TX
Farmers Insurance - Kimberly Dolch,"10004 Johns Rd, Boerne, TX 78006, USA",Boerne,TX,+12105454454,https://agents.farmers.com/tx/boerne/kimberly-dolch?SourceID=AMPALFGMAG&utm_source=GMB&utm_medium=Local&y_source=1_MTg5MTkwMi03MTUtbG9jYXRpb24ud2Vic2l0ZQ%3D%3D,Insurance,"AI Automation ICP, Insurance",Google Places,Boerne TX
Olive Branch Insurance Agency,"1844 Bandera Rd, Helotes, TX 78023, USA",Boerne,TX,+12102021115,http://www.olivebranch.insure/,Insurance,"AI Automation ICP, Insurance",Google Places,Boerne TX
Hulett Insurance,"616 E Blanco Rd #100, Boerne, TX 78006, USA",Boerne,TX,+12104958444,https://hulettinsurance.com/locations/boerne-tx-insurance/,Insurance,"AI Automation ICP, Insurance",Google Places,Boerne TX
FCIS Insurance formerly TXIIB Boerne,"1002 River Rd Ste 200, Boerne, TX 78006, USA",Boerne,TX,+12819938890,https://tx.fcisinsurance.com/locations/boerne,Insurance,"AI Automation ICP, Insurance",Google Places,Boerne TX
Ruben Cardenas Jr - State Farm Insurance Agent,"410 E San Antonio Ave, Boerne, TX 78006, USA",Boerne,TX,+18302493325,https://www.rubencardenasjr.com/?cmpid=CPBE_blm_0001,Insurance,"AI Automation ICP, Insurance",Google Places,Boerne TX
"Edward Jones - Financial Advisor: Caleb K Clark, CIMA®","124 E Bandera Rd Suite 204, Boerne, TX 78006, USA",Boerne,TX,+18302835534,https://www.edwardjones.com/us-en/financial-advisor/caleb-clark?y_source=1_MzY1OTc2ODctNzE1LWxvY2F0aW9uLndlYnNpdGU%3D,Financial Advisory,"AI Automation ICP, Financial Advisory",Google Places,Boerne TX
Raymond James & Associates,"116 W Blanco Rd Ste 204, Boerne, TX 78006, USA",Boerne,TX,+18303319252,https://www.raymondjames.com/boerne-branch,Financial Advisory,"AI Automation ICP, Financial Advisory",Google Places,Boerne TX
Live Oak Investors - Private Wealth Mgmt,"114 Oak Park Dr, Boerne, TX 78006, USA",Boerne,TX,+18303311113,http://liveoakinvestors.com/,Financial Advisory,"AI Automation ICP, Financial Advisory",Google Places,Boerne TX
"Edward Jones - Financial Advisor: Rick Reyes, CFP®|CLU®|AAMS®","1011 S Main St, Boerne, TX 78006, USA",Boerne,TX,+18302492748,https://www.edwardjones.com/us-en/financial-advisor/rick-reyes?y_source=1_MjcxMjE3MjUtNzE1LWxvY2F0aW9uLndlYnNpdGU%3D,Financial Advisory,"AI Automation ICP, Financial Advisory",Google Places,Boerne TX
Crestmont Private Wealth,"604 S Main St, Boerne, TX 78006, USA",Boerne,TX,+18304685366,https://crestmontpw.com/,Financial Advisory,"AI Automation ICP, Financial Advisory",Google Places,Boerne TX
Bergin Financial Group,"904 S Main St, Boerne, TX 78006, USA",Boerne,TX,+18302240844,https://www.bergininvest.com/,Financial Advisory,"AI Automation ICP, Financial Advisory",Google Places,Boerne TX
Prime Capital Financial,"616 E Blanco Rd Ste 201-a, Boerne, TX 78006, USA",Boerne,TX,+18308165131,https://primefinancial.com/,Financial Advisory,"AI Automation ICP, Financial Advisory",Google Places,Boerne TX
CAPTRUST,"114 E Highland Dr, Boerne, TX 78006, USA",Boerne,TX,+12105260057,http://captrust.com/locations/texas/boerne-tx/?utm_source=gmb&utm_medium=organic,Financial Advisory,"AI Automation ICP, Financial Advisory",Google Places,Boerne TX
Andrew Voiles - Raymond James,"118 W Bandera Rd, Boerne, TX 78006, USA",Boerne,TX,+18307555050,https://www.raymondjames.com/boerne/,Financial Advisory,"AI Automation ICP, Financial Advisory",Google Places,Boerne TX
"Edward Jones - Financial Advisor: Amanda B Reyes, RICP®","116 Herff Rd #109, Boerne, TX 78006, USA",Boerne,TX,+18304319234,https://www.edwardjones.com/us-en/financial-advisor/amanda-reyes?y_source=1_MTA3ODY1NDgwMS03MTUtbG9jYXRpb24ud2Vic2l0ZQ%3D%3D,Financial Advisory,"AI Automation ICP, Financial Advisory",Google Places,Boerne TX
"Edward Jones - Financial Advisor: Kristin Blow, CEPA®|AAMS®|CRPC™|CRPS™","138 Old San Antonio Rd Ste 203, Boerne, TX 78006, USA",Boerne,TX,+18304280162,https://www.edwardjones.com/us-en/financial-advisor/kristin-blow?y_source=1_MTg2OTU5OTktNzE1LWxvY2F0aW9uLndlYnNpdGU%3D,Financial Advisory,"AI Automation ICP, Financial Advisory",Google Places,Boerne TX
Hill Country Group,"2 Spencer Rd #102, Boerne, TX 78006, USA",Boerne,TX,+18308152000,,Financial Advisory,"AI Automation ICP, Financial Advisory",Google Places,Boerne TX
Flying Forward Wealth Management,"309 Water St Suite 120, Boerne, TX 78006, USA",Boerne,TX,+18304708088,https://flyingforward.com/,Financial Advisory,"AI Automation ICP, Financial Advisory",Google Places,Boerne TX
Sendero Wealth Management,"1580 S Main St Ste 203, Boerne, TX 78006, USA",Boerne,TX,,https://sendero.com/,Financial Advisory,"AI Automation ICP, Financial Advisory",Google Places,Boerne TX
"Edward Jones - Financial Advisor: Ryan Marquard, AAMS®","512 E Blanco Rd #301, Boerne, TX 78006, USA",Boerne,TX,+18308151404,https://www.edwardjones.com/us-en/financial-advisor/ryan-marquard?y_source=1_NDE3NjExOS03MTUtbG9jYXRpb24ud2Vic2l0ZQ%3D%3D,Financial Advisory,"AI Automation ICP, Financial Advisory",Google Places,Boerne TX
"Edward Jones - Financial Advisor: Alfred Fuentes Jr, AAMS®|CRPC™","614 Frey St Ste 201, Boerne, TX 78006, USA",Boerne,TX,+18302494630,https://www.edwardjones.com/us-en/financial-advisor/alfred-fuentes?y_source=1_Mjc4MDUyMS03MTUtbG9jYXRpb24ud2Vic2l0ZQ%3D%3D,Financial Advisory,"AI Automation ICP, Financial Advisory",Google Places,Boerne TX
BERIT WEALTH MANAGEMENT of Raymond James,"116 W Blanco Rd Ste 204, Boerne, TX 78006, USA",Boerne,TX,+18304283822,https://www.raymondjames.com/beritwealth,Financial Advisory,"AI Automation ICP, Financial Advisory",Google Places,Boerne TX
Wallace Wealth Management,"119 Greystone Point, Boerne, TX 78006, USA",Boerne,TX,+17137853404,http://www.wallace-wealth.com/,Financial Advisory,"AI Automation ICP, Financial Advisory",Google Places,Boerne TX
Edward Jones - Financial Advisor: Blake McAnelly,"27511 I-10 Ste 403, Boerne, TX 78006, USA",Boerne,TX,+12103469758,https://www.edwardjones.com/us-en/financial-advisor/blake-mcanelly?y_source=1_OTY3MDY3LTcxNS1sb2NhdGlvbi53ZWJzaXRl,Financial Advisory,"AI Automation ICP, Financial Advisory",Google Places,Boerne TX
Texas Home Loans and Mortgage Lending,"908 S Main St, Boerne, TX 78006, USA",Boerne,TX,+18309297100,https://www.texashomeloans.com/,Mortgage,"AI Automation ICP, Mortgage",Google Places,Boerne TX
Guild Mortgage Company,"212 Saunders St, Boerne, TX 78006, USA",Boerne,TX,+18302800600,https://branches.guildmortgage.com/tx/boerne/boerne-649.html,Mortgage,"AI Automation ICP, Mortgage",Google Places,Boerne TX
Lisa Blake - Mortgage Broker - Lisa Blake Loans,"7 Upper Balcones Rd, Boerne, TX 78006, USA",Boerne,TX,,https://lisablakeloans.com/,Mortgage,"AI Automation ICP, Mortgage",Google Places,Boerne TX
Legacy Mutual Mortgage - The Terrell Team,"116 W Blanco Rd #100, Boerne, TX 78006, USA",Boerne,TX,+18303284205,https://legacymutual.com/officers/donna-terrell/,Mortgage,"AI Automation ICP, Mortgage",Google Places,Boerne TX
Guild Mortgage - Jeff Anderson,"212 Saunders St, Boerne, TX 78006, USA",Boerne,TX,+18302800600,https://branches.guildmortgage.com/tx/boerne/jeff-anderson-649-apjan.html,Mortgage,"AI Automation ICP, Mortgage",Google Places,Boerne TX
Legacy Mutual Mortgage - Bethany Bump Team,"116 W Blanco Rd #100, Boerne, TX 78006, USA",Boerne,TX,+18302512026,https://legacymutual.com/officers/bethany-bump/,Mortgage,"AI Automation ICP, Mortgage",Google Places,Boerne TX
Rosemary Walding,"1022 River Rd Ste 100B, Boerne, TX 78006, USA",Boerne,TX,+12108018814,https://www.cmghomeloans.com/mysite/rosemary-walding,Mortgage,"AI Automation ICP, Mortgage",Google Places,Boerne TX
New American Funding - Boerne,"1018 River Rd Ste 300, Boerne, TX 78006, USA",Boerne,TX,+18309658196,https://www.newamericanfunding.com/branches/sanantonio-boerne,Mortgage,"AI Automation ICP, Mortgage",Google Places,Boerne TX
New American Funding - Jay Gilmore,"1018 River Rd Ste 300, Boerne, TX 78006, USA",Boerne,TX,+18304654875,https://www.newamericanfunding.com/mortgage-loans/JayGilmore,Mortgage,"AI Automation ICP, Mortgage",Google Places,Boerne TX
Legacy Mutual Mortgage,"116 W Blanco Rd, Boerne, TX 78006, USA",Boerne,TX,+18308165399,https://legacymutual.com/locations/boerne/,Mortgage,"AI Automation ICP, Mortgage",Google Places,Boerne TX
Guild Mortgage - Joshua Mitchell,"212 Saunders St, Boerne, TX 78006, USA",Boerne,TX,+19362322044,https://branches.guildmortgage.com/tx/boerne/joshua-mitchell-649-apjmit.html,Mortgage,"AI Automation ICP, Mortgage",Google Places,Boerne TX
Security Service Federal Credit Union,"135 W Bandera Rd, Boerne, TX 78006, USA",Boerne,TX,+18005259570,https://www.ssfcu.org/locations/texas/boerne/boerne?utm_source=google&utm_medium=Yext,Mortgage,"AI Automation ICP, Mortgage",Google Places,Boerne TX
PNC Mortgage,"1410 S Main St, Boerne, TX 78006, USA",Boerne,TX,+18302493547,https://www.pnc.com/en/personal-banking/borrowing/home-lending.html?lnksrc=mortgage-listing-google,Mortgage,"AI Automation ICP, Mortgage",Google Places,Boerne TX
New American Funding - Cyrena Adams-Durkee,"1018 River Rd Ste 300, Boerne, TX 78006, USA",Boerne,TX,,https://www.newamericanfunding.com/mortgage-loans/CyrenaAdamsDurkee,Mortgage,"AI Automation ICP, Mortgage",Google Places,Boerne TX
"Victoria Munoz, NMLS # 1627455 - Security Service Federal Credit Union","135 W Bandera Rd, Boerne, TX 78006, USA",Boerne,TX,+18005259570,https://www.ssfcu.org/home-loans/mortgage?utm_source=google&utm_medium=Yext,Mortgage,"AI Automation ICP, Mortgage",Google Places,Boerne TX
ALLIANCE Credit Union,"1440 S Main St, Boerne, TX 78006, USA",Boerne,TX,+18006874328,https://www.alliancecutx.com/,Mortgage,"AI Automation ICP, Mortgage",Google Places,Boerne TX
New American Funding - Toby Leal,"1018 River Rd Ste 300, Boerne, TX 78006, USA",Boerne,TX,,https://www.newamericanfunding.com/mortgage-loans/TobyLeal,Mortgage,"AI Automation ICP, Mortgage",Google Places,Boerne TX
Hero Marketing Agency,"206 Saunders St Ste 105, Boerne, TX 78006, USA",Boerne,TX,+18303888110,https://heromarketingagency.com/?utm_source=GBP&utm_medium=GBP&utm_campaign=GBP,Marketing Agency,"AI Automation ICP, Marketing Agency",Google Places,Boerne TX
Penguin Suits Advertising Agency,"106 Austin Dr S, Boerne, TX 78006, USA",Boerne,TX,+18308168238,http://www.penguinsuits.com/,Marketing Agency,"AI Automation ICP, Marketing Agency",Google Places,Boerne TX
Andrus Social Co. L.L.C.,"1201 S Main St Ste 204, Boerne, TX 78006, USA",Boerne,TX,+19563718989,https://www.andrussocialco.com/,Marketing Agency,"AI Automation ICP, Marketing Agency",Google Places,Boerne TX
5 Stones Digital Marketing,"1001 S Main St Ste 4, Boerne, TX 78006, USA",Boerne,TX,+12105969632,,Marketing Agency,"AI Automation ICP, Marketing Agency",Google Places,Boerne TX
Rudkin Productions,"34910 Interstate 10 #701, Boerne, TX 78006, USA",Boerne,TX,+18302491744,https://rudkinproductions.com/,Marketing Agency,"AI Automation ICP, Marketing Agency",Google Places,Boerne TX
Digital Domino Marketing,"34910 W I-10 #701, Boerne, TX 78006, USA",Boerne,TX,+18305215615,https://digitaldominomarketing.com/,Marketing Agency,"AI Automation ICP, Marketing Agency",Google Places,Boerne TX
Manifestive Design,"1201 S Main St Ste 206, Boerne, TX 78006, USA",Boerne,TX,+18302010787,https://www.manifestivedesign.com/,Marketing Agency,"AI Automation ICP, Marketing Agency",Google Places,Boerne TX
Local SEO,"103 Ranger Dr Bldg 2, Boerne, TX 78006, USA",Boerne,TX,+12107762433,https://www.local-seo.co/,Marketing Agency,"AI Automation ICP, Marketing Agency",Google Places,Boerne TX
Droptine Studios,"31007 I-10 Ste 103, Boerne, TX 78006, USA",Boerne,TX,+18303684285,https://www.droptinestudios.com/,Marketing Agency,"AI Automation ICP, Marketing Agency",Google Places,Boerne TX
La Jolla Digital Agency,"26871 Nelson Hill, Boerne, TX 78006, USA",Boerne,TX,+12108600908,https://lajolladigitalagency.com/,Marketing Agency,"AI Automation ICP, Marketing Agency",Google Places,Boerne TX
Vector Marketing Boerne TX,"801 N Main St Ste C, Boerne, TX 78006, USA",Boerne,TX,+18305103517,https://www.vectormarketing.com/gm,Marketing Agency,"AI Automation ICP, Marketing Agency",Google Places,Boerne TX
"Rainman Digital, Inc.","1100 N Main St Ste 205, Boerne, TX 78006, USA",Boerne,TX,+12106476333,http://rainmandigital.com/,Marketing Agency,"AI Automation ICP, Marketing Agency",Google Places,Boerne TX
Ntegrity I.T.,"112 Jolie Cir, Boerne, TX 78015, USA",Boerne,TX,+12106064144,http://www.ntegrityit.com/,Marketing Agency,"AI Automation ICP, Marketing Agency",Google Places,Boerne TX
The Loomis Agency,"17120 Dallas Pkwy #200, Dallas, TX 75248, USA",Boerne,TX,+19723317000,https://www.theloomisagency.com/,Marketing Agency,"AI Automation ICP, Marketing Agency",Google Places,Boerne TX
Workforce Solutions Alamo Career Center - Boerne,"124 E Bandera Rd STE 401, Boerne, TX 78006, USA",Boerne,TX,+18302499229,https://www.workforcesolutionsalamo.org/,Staffing / HR,"AI Automation ICP, Staffing / HR",Google Places,Boerne TX
Hart Employment Services,"216 E Blanco Rd, Boerne, TX 78006, USA",Boerne,TX,+18308165400,http://www.hartjobs.com/,Staffing / HR,"AI Automation ICP, Staffing / HR",Google Places,Boerne TX
Industrial Foundation-America,"402 E San Antonio Ave, Boerne, TX 78006, USA",Boerne,TX,+18005921433,,Staffing / HR,"AI Automation ICP, Staffing / HR",Google Places,Boerne TX
2-Workonline,"223 Cibolo Branch Dr, Boerne, TX 78006, USA",Boerne,TX,+18304487705,,Staffing / HR,"AI Automation ICP, Staffing / HR",Google Places,Boerne TX
Kendall County Abstract Company,"103 Saunders St, Boerne, TX 78006, USA",Boerne,TX,+18308162131,https://kcac.net/,Staffing / HR,"AI Automation ICP, Staffing / HR",Google Places,Boerne TX
Clinical Pathology Laboratories (CPL) - Boerne,"112 Herff Rd Ste 340, Boerne, TX 78006, USA",Boerne,TX,+18303319588,https://www.cpllabs.com/,Staffing / HR,"AI Automation ICP, Staffing / HR",Google Places,Boerne TX
Christian Women Job Corps,"Omega Retreat Campus, 316 W Highland Dr #400, Boerne, TX 78006, USA",Boerne,TX,+18303319916,http://www.cjcboerne.org/,Staffing / HR,"AI Automation ICP, Staffing / HR",Google Places,Boerne TX
Texas Highlands Custom Homes & Remodel,"10102 Johns Rd, Boerne, TX 78006, USA",Boerne,TX,+18304430757,https://www.texashighlands.com/,Construction / Contractor,"AI Automation ICP, Construction / Contractor",Google Places,Boerne TX
Rossbach Construction,"607 E Blanco Rd Box 267, Boerne, TX 78006, USA",Boerne,TX,+17209904547,http://www.rossbachconstruction-tx.com/,Construction / Contractor,"AI Automation ICP, Construction / Contractor",Google Places,Boerne TX
"Tisdale Construction, LLC","309 Water St Ste 128, Boerne, TX 78006, USA",Boerne,TX,+18308165557,http://tisdaleconstruction.com/,Construction / Contractor,"AI Automation ICP, Construction / Contractor",Google Places,Boerne TX
Kellers Imperial Construction LLC,"10016 Johns Rd, Boerne, TX 78006, USA",Boerne,TX,+12105353105,http://www.kiconstructiontx.com/,Construction / Contractor,"AI Automation ICP, Construction / Contractor",Google Places,Boerne TX
Namvar Construction Company LLC,"142 TX-46, Boerne, TX 78006, USA",Boerne,TX,+12108588281,http://namvarconstruction.com/,Construction / Contractor,"AI Automation ICP, Construction / Contractor",Google Places,Boerne TX
T&R Contracting and Remodeling,"224 Majestic Oaks Dr, Boerne, TX 78006, USA",Boerne,TX,+18304312767,https://www.facebook.com/TRContractingandRemodeling/,Construction / Contractor,"AI Automation ICP, Construction / Contractor",Google Places,Boerne TX
GREER CONSTRUCTION,"130 Hampton Bend, Boerne, TX 78006, USA",Boerne,TX,+12104809993,,Construction / Contractor,"AI Automation ICP, Construction / Contractor",Google Places,Boerne TX
Bible Built Texas Homes,"926 E Blanco Rd, Boerne, TX 78006, USA",Boerne,TX,+18302226272,http://www.biblebuilthomes.com/,Construction / Contractor,"AI Automation ICP, Construction / Contractor",Google Places,Boerne TX
Lone Star Construction Design-Build-Remodel,"1018 River Rd #300, Boerne, TX 78006, USA",Boerne,TX,+18306886912,https://builtbylonestar.com/,Construction / Contractor,"AI Automation ICP, Construction / Contractor",Google Places,Boerne TX
GRIT Co.,"9 Spanish Pass Rd Bldg B, Boerne, TX 78006, USA",Boerne,TX,+12108024844,http://www.gritbuilt.com/,Construction / Contractor,"AI Automation ICP, Construction / Contractor",Google Places,Boerne TX
BlueSky Construction and Remodeling LLC,"229 Market Ave Ste 105, Boerne, TX 78006, USA",Boerne,TX,+12106604445,https://www.blueskyconstructionandremodeling.com/,Construction / Contractor,"AI Automation ICP, Construction / Contractor",Google Places,Boerne TX
G.J. Gardner Homes Boerne,"904 S Main St, Boerne, TX 78006, USA",Boerne,TX,+18302515098,https://www.gjgardner.com/home-builders/texas/boerne-us0010/,Construction / Contractor,"AI Automation ICP, Construction / Contractor",Google Places,Boerne TX
Huband Mantor Construction,"43000 I-10, Boerne, TX 78006, USA",Boerne,TX,+18308165477,http://www.hmctexas.com/,Construction / Contractor,"AI Automation ICP, Construction / Contractor",Google Places,Boerne TX
Broadshield LLC,"10008 Johns Rd, Boerne, TX 78006, USA",Boerne,TX,+18303319993,http://www.broadshieldllc.com/,Construction / Contractor,"AI Automation ICP, Construction / Contractor",Google Places,Boerne TX
BCI Custom Homes,"110 E Theissen St, Boerne, TX 78006, USA",Boerne,TX,+18302493001,https://bcihomes.com/,Construction / Contractor,"AI Automation ICP, Construction / Contractor",Google Places,Boerne TX
Wolff Custom Homes,"624 N Main St #106, Boerne, TX 78006, USA",Boerne,TX,+12102546650,http://wolffcustomhomes.com/,Construction / Contractor,"AI Automation ICP, Construction / Contractor",Google Places,Boerne TX
Black Canyon Construction,"139 Oak Acres Ln, Boerne, TX 78006, USA",Boerne,TX,+18303317440,https://blackcanyonconstruction.com/,Construction / Contractor,"AI Automation ICP, Construction / Contractor",Google Places,Boerne TX
Ebner Custom Homes,"1750 River Rd, Boerne, TX 78006, USA",Boerne,TX,+18302493055,http://www.ebnercustomhomes.com/,Construction / Contractor,"AI Automation ICP, Construction / Contractor",Google Places,Boerne TX
Pinto Roofing & Construction LLC,"117 Francis Ave, Boerne, TX 78006, USA",Boerne,TX,+12103006329,https://pintoroofing.com/,Construction / Contractor,"AI Automation ICP, Construction / Contractor",Google Places,Boerne TX
Hometown Roofing & Restoration,"1252-2 N Main St, Boerne, TX 78006, USA",Boerne,TX,+18304282820,https://www.hometownroofingtx.com/,Construction / Contractor,"AI Automation ICP, Construction / Contractor",Google Places,Boerne TX
Mark Motors,"140 Enterprise Pkwy, Boerne, TX 78006, USA",Boerne,TX,+18309815050,https://www.themarkmotors.com/,Auto Dealership,"AI Automation ICP, Auto Dealership",Google Places,Boerne TX
Boerne Dodge Chrysler Jeep Ram,"30300 I-10, Boerne, TX 78006, USA",Boerne,TX,+18304439432,https://www.boernedodge.com/?utm_source=google&utm_medium=organic&utm_campaign=google_my_business&utm_content=website_button,Auto Dealership,"AI Automation ICP, Auto Dealership",Google Places,Boerne TX
Cavender Chevrolet,"30700 I-10, Boerne, TX 78015, USA",Boerne,TX,+17262620507,https://www.cavenderchevrolet.com/?utm_source=google&utm_medium=GBP,Auto Dealership,"AI Automation ICP, Auto Dealership",Google Places,Boerne TX
Ford of Boerne,"31480 I-10, Boerne, TX 78006, USA",Boerne,TX,+18303682633,https://www.fordofboerne.com/?utm_source=google&utm_medium=organic&utm_campaign=GBP,Auto Dealership,"AI Automation ICP, Auto Dealership",Google Places,Boerne TX
Vic Vaughan Toyota of Boerne,"31205 Frontage Rd #10, Boerne, TX 78006, USA",Boerne,TX,+18338083925,https://www.toyotaofboerne.com/,Auto Dealership,"AI Automation ICP, Auto Dealership",Google Places,Boerne TX
Ancira Buick GMC,"30500 I-10, Boerne, TX 78006, USA",Boerne,TX,+18304434821,https://www.ancirabuickgmc.com/,Auto Dealership,"AI Automation ICP, Auto Dealership",Google Places,Boerne TX
Nissan of Boerne,"31805 I-10, Boerne, TX 78006, USA",Boerne,TX,+12102336700,http://www.nissanboerne.com/,Auto Dealership,"AI Automation ICP, Auto Dealership",Google Places,Boerne TX
INFINITI of Boerne,"32275 Interstate Hwy, 10, Boerne, TX 78006, USA",Boerne,TX,+12104771775,https://www.infinitiofboerne.com/?utm_source=google&utm_medium=organic&utm_campaign=gbp,Auto Dealership,"AI Automation ICP, Auto Dealership",Google Places,Boerne TX
Sewell Land Rover Boerne,"32120 I-10, Boerne, TX 78006, USA",Boerne,TX,+12103412800,https://www.landroverboerne.com/new-vehicles//?utm_medium=organic&utm_source=GMBlisting&utm_campaign=landroversales,Auto Dealership,"AI Automation ICP, Auto Dealership",Google Places,Boerne TX
Mercedes-Benz of Boerne,"31445 I-10, Boerne, TX 78006, USA",Boerne,TX,+18309816000,https://www.mbboerne.com/,Auto Dealership,"AI Automation ICP, Auto Dealership",Google Places,Boerne TX
Principle Hyundai Boerne,"32499 I-10, Boerne, TX 78006, USA",Boerne,TX,+12106351000,http://www.principlehyundaiboerne.com/?utm_campaign=gmb&utm_medium=organic&utm_source=local,Auto Dealership,"AI Automation ICP, Auto Dealership",Google Places,Boerne TX
Sewell Jaguar Boerne Certified Pre-Owned and Service,"32120 I-10, Boerne, TX 78006, USA",Boerne,TX,+12103412800,https://www.jaguarboerne.com/,Auto Dealership,"AI Automation ICP, Auto Dealership",Google Places,Boerne TX
Genesis of Northwest San Antonio,"25766 I-10, Boerne, TX 78006, USA",Boerne,TX,+17262073479,https://www.genesisnorthwest.com/?utm_source=google&utm_medium=organic&utm_campaign=gbp_sales_website,Auto Dealership,"AI Automation ICP, Auto Dealership",Google Places,Boerne TX
On The Move Car Sales,"28825 I-10 W, Boerne, TX 78006, USA",Boerne,TX,+18307552474,https://www.onthemovevehicles.com/,Auto Dealership,"AI Automation ICP, Auto Dealership",Google Places,Boerne TX
9 SP Motors,"9 Spanish Pass Rd Ste 1A, Boerne, TX 78006, USA",Boerne,TX,+12108161876,https://www.9spmotors.com/,Auto Dealership,"AI Automation ICP, Auto Dealership",Google Places,Boerne TX
Bird Imports,"140 Enterprise Pkwy, Boerne, TX 78006, USA",Boerne,TX,+12102731027,http://www.birdimportstx.com/,Auto Dealership,"AI Automation ICP, Auto Dealership",Google Places,Boerne TX
HP MOTORS OF TEXAS,"30775 I-10, Boerne, TX 78006, USA",Boerne,TX,+12104487775,https://www.hpmotorsoftexas.com/,Auto Dealership,"AI Automation ICP, Auto Dealership",Google Places,Boerne TX
Principle INFINITI of Boerne Service & Parts,"32275 I-10, Boerne, TX 78006, USA",Boerne,TX,+12105826081,https://www.infinitiofboerne.com/infiniti-of-boerne-service-center-boerne-tx/?utm_source=google&utm_medium=organic&utm_campaign=gmb_service,Auto Dealership,"AI Automation ICP, Auto Dealership",Google Places,Boerne TX
Vic Vaughan Toyota of Boerne Body Shop,"31001 I-10, Boerne, TX 78006, USA",Boerne,TX,+12108701824,https://www.toyotaofboerne.com/vic-vaughan-toyota-of-boerne-certified-collision-center.html?utm_source=google&utm_medium=organic&utm_campaign=gbp_bodyshop,Auto Dealership,"AI Automation ICP, Auto Dealership",Google Places,Boerne TX
Boerne Dodge Chrysler Jeep Ram Service Center,"30300 I-10, Boerne, TX 78006, USA",Boerne,TX,+18304439710,https://www.boernedodge.com/service-department/?clientId=1075682932.1571243612#utm_source=google&utm_medium=organic&utm_campaign=google_my_business_service&utm_content=website_%20button,Auto Dealership,"AI Automation ICP, Auto Dealership",Google Places,Boerne TX
Real Property Management Hill Country,"116 N Plant Ave, Boerne, TX 78006, USA",Boerne,TX,+12105711780,https://www.rpmhillcountry.com/?cid=LSTL_RPM000203&utm_source=gmb&utm_campaign=local&utm_medium=organic,Property Management,"AI Automation ICP, Property Management",Google Places,Boerne TX
Wheeler Property Management,"1018 River Rd, Boerne, TX 78006, USA",Boerne,TX,+12105055210,https://www.wheeler-pm.com/,Property Management,"AI Automation ICP, Property Management",Google Places,Boerne TX
830 Property Management,"933 N Main St, Boerne, TX 78006, USA",Boerne,TX,+18305225501,http://www.830management.com/,Property Management,"AI Automation ICP, Property Management",Google Places,Boerne TX
ALG Property Management Boerne,"128 W Bandera Rd Ste. 6, Boerne, TX 78006, USA",Boerne,TX,+12109999430,,Property Management,"AI Automation ICP, Property Management",Google Places,Boerne TX
Home Sweet Home Boerne,"103 E Kronkosky St, Boerne, TX 78006, USA",Boerne,TX,+12105351355,,Property Management,"AI Automation ICP, Property Management",Google Places,Boerne TX
Vista Management Group,"14743 Old Bandera Rd Unit 14-202, Helotes, TX 78023, USA",Boerne,TX,+12109708388,https://www.vistamanagementgroup.com/,Property Management,"AI Automation ICP, Property Management",Google Places,Boerne TX
Real Property Management LoneStar,"12702 Toepperwein Rd #204, San Antonio, TX 78233, USA",Boerne,TX,+12103141039,https://www.rpmlonestar.com/?cid=LSTL_RPM000203&utm_source=gmb&utm_campaign=local&utm_medium=organic,Property Management,"AI Automation ICP, Property Management",Google Places,Boerne TX
Real Property Management First Class,"1846 N Loop 1604 W Ste 205, San Antonio, TX 78248, USA",Boerne,TX,+12108763915,https://www.rpmfirstclass.com/?cid=LSTL_RPM000203&utm_source=gmb&utm_campaign=local&utm_medium=organic,Property Management,"AI Automation ICP, Property Management",Google Places,Boerne TX
Simply Life Realty,"128 W Bandera Rd Ste 5B, Boerne, TX 78006, USA",Boerne,TX,+12109050595,https://simplyliferealty.com/,Property Management,"AI Automation ICP, Property Management",Google Places,Boerne TX
Alpha Properties,"224 Market Ave, Boerne, TX 78006, USA",Boerne,TX,+12107642600,http://www.alpha-properties.com/,Property Management,"AI Automation ICP, Property Management",Google Places,Boerne TX
Trophy Properties,"10004 Johns Rd, Boerne, TX 78006, USA",Boerne,TX,+18303863352,http://www.realestateofboerne.com/,Property Management,"AI Automation ICP, Property Management",Google Places,Boerne TX
"Xalogy, Inc.","215 W Bandera Rd Ste 114-130, Boerne, TX 78006, USA",Boerne,TX,+18002543529,https://xalogy.com/,IT / MSP,"AI Automation ICP, IT / MSP",Google Places,Boerne TX
Apparatus IT,"138 Old San Antonio Rd Ste 502-B, Boerne, TX 78006, USA",Boerne,TX,+12105705625,https://www.apparatusit.com/,IT / MSP,"AI Automation ICP, IT / MSP",Google Places,Boerne TX
Complete Computer Solutions,"409 E San Antonio Ave, Boerne, TX 78006, USA",Boerne,TX,+12103077600,http://www.completecomputersolutions.net/,IT / MSP,"AI Automation ICP, IT / MSP",Google Places,Boerne TX
Tech 1 Computers,"115 W Highland Dr #101, Boerne, TX 78006, USA",Boerne,TX,+18308158324,http://www.tech1computers.net/,IT / MSP,"AI Automation ICP, IT / MSP",Google Places,Boerne TX
P&J Robinson Corporation (PJR),"946 Adler St, Boerne, TX 78006, USA",Boerne,TX,+16192430961,http://www.pjrcorp.com/,IT / MSP,"AI Automation ICP, IT / MSP",Google Places,Boerne TX
Monday Morning I.T.,"32880 I-10 Ste 104, Boerne, TX 78006, USA",Boerne,TX,+12107501060,https://www.mondaymorningit.com/,IT / MSP,"AI Automation ICP, IT / MSP",Google Places,Boerne TX
Impremis Technology,"6804 Arbor Falls, Boerne, TX 78015, USA",Boerne,TX,+12103923331,,IT / MSP,"AI Automation ICP, IT / MSP",Google Places,Boerne TX
Boerne CSI: Computer Repair,"409 E San Antonio Ave, Boerne, TX 78006, USA",Boerne,TX,+12103077600,https://www.completecomputersolutions.net/,IT / MSP,"AI Automation ICP, IT / MSP",Google Places,Boerne TX
Gigahurtz,"32882 I-10 Ste. 101, Boerne, TX 78006, USA",Boerne,TX,+18302481109,http://www.gigahurtz.com/,IT / MSP,"AI Automation ICP, IT / MSP",Google Places,Boerne TX
MMI Home Manager,"5 Upper Cibolo Creek Rd Ste 107, Boerne, TX 78006, USA",Boerne,TX,+12108802077,https://mmihomemanager.com/,IT / MSP,"AI Automation ICP, IT / MSP",Google Places,Boerne TX
SUURV Technologies,"10300 Heritage Blvd #200, San Antonio, TX 78216, USA",Boerne,TX,+12107291200,https://suurv.com/,IT / MSP,"AI Automation ICP, IT / MSP",Google Places,Boerne TX
"Red Maple Press, LLC","E San Antonio Ave, Boerne, TX 78006, USA",Boerne,TX,+18302800400,https://www.redmaple.com/,IT / MSP,"AI Automation ICP, IT / MSP",Google Places,Boerne TX
"Straight Edge Technology, Inc.","17300 Henderson Pass #200, San Antonio, TX 78232, USA",Boerne,TX,+12109049177,http://www.straightedgetech.com/,IT / MSP,"AI Automation ICP, IT / MSP",Google Places,Boerne TX
"OverWatch Enterprises, LLC","138 Old San Antonio Rd Ste 305, Boerne, TX 78006, USA",Boerne,TX,+18308165405,http://www.overwatchent.com/,IT / MSP,"AI Automation ICP, IT / MSP",Google Places,Boerne TX
Guaranty Title Company of Boerne,"910 N Main St, Boerne, TX 78006, USA",Boerne,TX,+18308162577,http://guarantytitleboerne.com/,Title / Closing,"AI Automation ICP, Title / Closing",Google Places,Boerne TX
Preserve Title Company Boerne,"1002 River Rd Ste 400, Boerne, TX 78006, USA",Boerne,TX,+12109672683,http://www.preservetitle.com/,Title / Closing,"AI Automation ICP, Title / Closing",Google Places,Boerne TX
Texas Investors Title,"116 W Blanco Rd #101, Boerne, TX 78006, USA",Boerne,TX,+18308165888,https://www.texasinvestorstitle.com/,Title / Closing,"AI Automation ICP, Title / Closing",Google Places,Boerne TX
Chicago Title - Boerne,"116 Herff Rd Ste 206, Boerne, TX 78006, USA",Boerne,TX,+18303316100,https://sanantonio.ctic.com/,Title / Closing,"AI Automation ICP, Title / Closing",Google Places,Boerne TX
Abstract & Title Resources Inc,"1281 W Bandera Rd, Boerne, TX 78006, USA",Boerne,TX,+18303319170,,Title / Closing,"AI Automation ICP, Title / Closing",Google Places,Boerne TX
"Coach Logistics, Inc.","216 E Blanco Rd Ste. 206, Boerne, TX 78006, USA",Boerne,TX,+18884121411,http://www.coachlogistics.net/,Logistics / Trucking,"AI Automation ICP, Logistics / Trucking",Google Places,Boerne TX
Vehicle-Trans Auto Transport's,"812 US-87 BUS, Boerne, TX 78006, USA",Boerne,TX,+18305055064,https://vehicle-transautotransport.com/,Logistics / Trucking,"AI Automation ICP, Logistics / Trucking",Google Places,Boerne TX
ASAP Transportation & Hot Shot,"207 Spanish Pass Rd, Boerne, TX 78006, USA",Boerne,TX,+12103160936,,Logistics / Trucking,"AI Automation ICP, Logistics / Trucking",Google Places,Boerne TX
"Federal Defense Industries, Inc.","37535 I-10 Bldg 1, Boerne, TX 78006, USA",Boerne,TX,+12104359013,https://www.fdi.us.com/,Logistics / Trucking,"AI Automation ICP, Logistics / Trucking",Google Places,Boerne TX
Boerne I.S.D. Warehouse,"320 S Esser Rd, Boerne, TX 78006, USA",Boerne,TX,,,Logistics / Trucking,"AI Automation ICP, Logistics / Trucking",Google Places,Boerne TX
THE Moving Company,"28720 I-10 Ste 210, Boerne, TX 78006, USA",Boerne,TX,+18307558620,http://www.themovingcompany.net/,Logistics / Trucking,"AI Automation ICP, Logistics / Trucking",Google Places,Boerne TX
FedEx OnSite,"1223 S Main St, Boerne, TX 78006, USA",Boerne,TX,+18004633339,https://local.fedex.com/en-us/tx/boerne/birfn?cmp=LOC-1001545-3-2-971-1110000-US-US-EN-GPLFEDEXONSITEL,Logistics / Trucking,"AI Automation ICP, Logistics / Trucking",Google Places,Boerne TX
"Danford Law Firm, PLLC","813 Barnett St, Kerrville, TX 78028, USA",Kerrville,TX,+18302574045,https://www.thedwiguy.com/?utm_source=google-local&utm_medium=organic&utm_campaign=2560,Legal Services,"AI Automation ICP, Legal Services",Google Places,Kerrville TX
"The Law Office of Patrick O’Fiel, P.C.","222 Sidney Baker St S #500, Kerrville, TX 78028, USA",Kerrville,TX,+18303315977,https://www.ofiellaw.com/,Legal Services,"AI Automation ICP, Legal Services",Google Places,Kerrville TX
"Doss Law Firm, PLLC","105 Woodhill Rd Suite A, Kerrville, TX 78028, USA",Kerrville,TX,+18308500622,https://www.dosslegal.com/,Legal Services,"AI Automation ICP, Legal Services",Google Places,Kerrville TX
"The Law Firm of Richard L. Ellison, P.C","Broadway Bank Bldg, 500 W Main St Ste J, Kerrville, TX 78028, USA",Kerrville,TX,+18307925601,https://www.richardellisonlaw.com/,Legal Services,"AI Automation ICP, Legal Services",Google Places,Kerrville TX
Law Offices of S. Dylan Pearcy,"144 Fairway Dr Ste C, Kerrville, TX 78028, USA",Kerrville,TX,+18302228629,https://www.dylanpearcylaw.com/kerrville/,Legal Services,"AI Automation ICP, Legal Services",Google Places,Kerrville TX
Garrett Emerson - Kerr County Criminal Defense Attorney,"100 Fairway Dr, Kerrville, TX 78028, USA",Kerrville,TX,+18305900589,https://www.coferconnelly.com/kerr-county-criminal-defense-attorney/,Legal Services,"AI Automation ICP, Legal Services",Google Places,Kerrville TX
Amos Barton Law Firm,"301 Junction Hwy Ste 100, Kerrville, TX 78028, USA",Kerrville,TX,+18302577575,https://www.amosbarton.com/?utm_source=google&utm_medium=organic&utm_campaign=gbp,Legal Services,"AI Automation ICP, Legal Services",Google Places,Kerrville TX
Lemeilleur Lynn B Atty At Law,"956 Jefferson St, Kerrville, TX 78028, USA",Kerrville,TX,+18308961882,,Legal Services,"AI Automation ICP, Legal Services",Google Places,Kerrville TX
"The Law Office of Chad R. Hyde, PLLC","301 Junction Hwy Suite 238, Kerrville, TX 78028, USA",Kerrville,TX,+18304362500,,Legal Services,"AI Automation ICP, Legal Services",Google Places,Kerrville TX
"Gregory A. Richards, P.C.","280 Thompson Dr, Kerrville, TX 78028, USA",Kerrville,TX,+18302578080,https://gregrichardslaw.com/,Legal Services,"AI Automation ICP, Legal Services",Google Places,Kerrville TX
Garcia Law - Criminal and Immigration,"820 Main St #211, Kerrville, TX 78028, USA",Kerrville,TX,+12103460046,,Legal Services,"AI Automation ICP, Legal Services",Google Places,Kerrville TX
Clay B. Steadman,"612 Earl Garrett St, Kerrville, TX 78028, USA",Kerrville,TX,+18302575005,,Legal Services,"AI Automation ICP, Legal Services",Google Places,Kerrville TX
John W Carlson & Associates,"260 Thompson Dr #10, Kerrville, TX 78028, USA",Kerrville,TX,+18308964488,http://www.johnwcarlsonpc.com/,Legal Services,"AI Automation ICP, Legal Services",Google Places,Kerrville TX
Law Office of Brett L. Ferguson,"327 Earl Garrett St Ste 104, Kerrville, TX 78028, USA",Kerrville,TX,+18308952544,http://www.blfergusonlaw.com/,Legal Services,"AI Automation ICP, Legal Services",Google Places,Kerrville TX
"Stitely Draznin, PLLC","313 Schreiner St, Kerrville, TX 78028, USA",Kerrville,TX,+18309556666,http://stitelydrazninlaw.com/,Legal Services,"AI Automation ICP, Legal Services",Google Places,Kerrville TX
"Law Offices of Deborah S. Perry, PLLC.","829 B Main St, Kerrville, TX 78028, USA",Kerrville,TX,+18303124844,https://www.deborahperrylaw.com/?npcmp=dir:local:4650060:78028,Legal Services,"AI Automation ICP, Legal Services",Google Places,Kerrville TX
"Craig Wolcott, PLLC Attorney at Law","222 Sidney Baker St S Ste 350F, Kerrville, TX 78028, USA",Kerrville,TX,+18307304450,https://www.craigwolcott.com/?npcmp=dir:local:4592364:78028,Legal Services,"AI Automation ICP, Legal Services",Google Places,Kerrville TX
Mosty Law Firm,"222 Sidney Baker St S #400, Kerrville, TX 78028, USA",Kerrville,TX,+18307927711,http://www.mostylaw.com/,Legal Services,"AI Automation ICP, Legal Services",Google Places,Kerrville TX
john carlson kerrville attorney,"260 Thompson Dr #10, Kerrville, TX 78028, USA",Kerrville,TX,+18308964488,http://johnwcarlsonpc.com/contact.html,Legal Services,"AI Automation ICP, Legal Services",Google Places,Kerrville TX
"Groce Family Law, PLLC","1216 Water St, Kerrville, TX 78028, USA",Kerrville,TX,+18303135983,https://www.grocefamilylaw.com/,Legal Services,"AI Automation ICP, Legal Services",Google Places,Kerrville TX
Peterson Community Care Clinic,"1740 Junction Hwy, Kerrville, TX 78028, USA",Kerrville,TX,+18302587900,https://www.petersonhealth.com/services/community-care/,Medical / Healthcare,"AI Automation ICP, Medical / Healthcare",Google Places,Kerrville TX
Franklin Clinic by InnovaCare Health,"723 Hill Country Dr Ste C, Kerrville, TX 78028, USA",Kerrville,TX,+18307925800,http://www.franklinclinickerrville.com/,Medical / Healthcare,"AI Automation ICP, Medical / Healthcare",Google Places,Kerrville TX
Peterson Medical Associates - Kerrville Medical Plaza,"1331 Bandera Hwy, Kerrville, TX 78028, USA",Kerrville,TX,+18302587762,https://www.petersonhealth.com/locations/,Medical / Healthcare,"AI Automation ICP, Medical / Healthcare",Google Places,Kerrville TX
Peterson Urgent Care,"130 W Main St, Kerrville, TX 78028, USA",Kerrville,TX,+18302587669,https://www.petersonhealth.com/services/urgent-care/,Medical / Healthcare,"AI Automation ICP, Medical / Healthcare",Google Places,Kerrville TX
Kerrville Urgent Care by InnovaCare Health,"723 Hill Country Dr Ste C, Kerrville, TX 78028, USA",Kerrville,TX,+18307925870,http://www.urgentcarekerrville.com/,Medical / Healthcare,"AI Automation ICP, Medical / Healthcare",Google Places,Kerrville TX
Peterson Regional Medical Center,"551 Hill Country Dr, Kerrville, TX 78028, USA",Kerrville,TX,+18308964200,https://www.petersonhealth.com/,Medical / Healthcare,"AI Automation ICP, Medical / Healthcare",Google Places,Kerrville TX
Peterson Medical Associates,"575 Hill Country Dr Suite 101, Kerrville, TX 78028, USA",Kerrville,TX,+18302587762,https://www.petersonhealth.com/peterson-medical-associates/,Medical / Healthcare,"AI Automation ICP, Medical / Healthcare",Google Places,Kerrville TX
Family Practice Associates,"220 Wesley Dr, Kerrville, TX 78028, USA",Kerrville,TX,+18308964711,http://www.fpa-docs.com/,Medical / Healthcare,"AI Automation ICP, Medical / Healthcare",Google Places,Kerrville TX
Raphael Community Free Clinic,"1807 Water St, Kerrville, TX 78028, USA",Kerrville,TX,+18308954201,http://www.raphaelclinic.org/,Medical / Healthcare,"AI Automation ICP, Medical / Healthcare",Google Places,Kerrville TX
Peterson Women’s Associates,"575 Hill Country Dr #202, Kerrville, TX 78028, USA",Kerrville,TX,+18302586237,https://www.petersonhealth.com/peterson-womens-associates/,Medical / Healthcare,"AI Automation ICP, Medical / Healthcare",Google Places,Kerrville TX
Hill Country Men's Health,"301 Junction Hwy Ste 229, Kerrville, TX 78028, USA",Kerrville,TX,+18302854394,https://www.hillcountrymenshealth.net/,Medical / Healthcare,"AI Automation ICP, Medical / Healthcare",Google Places,Kerrville TX
830 Wellness,"2210 Bandera Hwy Ste C2, Kerrville, TX 78028, USA",Kerrville,TX,+18302080588,https://830wellness.com/?utm_source=google&utm_medium=organic&utm_campaign=gbp,Medical / Healthcare,"AI Automation ICP, Medical / Healthcare",Google Places,Kerrville TX
Kerrville Medical Associates,"1001 Water St, Kerrville, TX 78028, USA",Kerrville,TX,+18308950651,,Medical / Healthcare,"AI Automation ICP, Medical / Healthcare",Google Places,Kerrville TX
"Doctor David R. Miloy, MD-Optimum Health| Kerrville - Internal Medicine","1411 Water St, Kerrville, TX 78028, USA",Kerrville,TX,+18308955599,http://optimumhealthdoc.com/,Medical / Healthcare,"AI Automation ICP, Medical / Healthcare",Google Places,Kerrville TX
Peterson Ambulatory Care Center,"260 Cully Dr, Kerrville, TX 78028, USA",Kerrville,TX,+18308964200,https://www.petersonhealth.com/services/ambulatory-care-center/,Medical / Healthcare,"AI Automation ICP, Medical / Healthcare",Google Places,Kerrville TX
"Dian Horton, MD","1331 Bandera Hwy, Kerrville, TX 78028, USA",Kerrville,TX,+18302587762,https://www.petersonhealth.com/providers/dian-horton/,Medical / Healthcare,"AI Automation ICP, Medical / Healthcare",Google Places,Kerrville TX
Peterson Regional Medical Center: Emergency Room,"551 Hill Country Dr, Kerrville, TX 78028, USA",Kerrville,TX,+18308964200,http://www.petersonrmc.com/,Medical / Healthcare,"AI Automation ICP, Medical / Healthcare",Google Places,Kerrville TX
"Odus Martin Franklin, D.O.","723 Hill Country Dr, Kerrville, TX 78028, USA",Kerrville,TX,+18307925800,https://www.texasveins.com/,Medical / Healthcare,"AI Automation ICP, Medical / Healthcare",Google Places,Kerrville TX
Cypress Valley Clinic,"718 Alpine Dr Ste B, Kerrville, TX 78028, USA",Kerrville,TX,+18309558252,https://cypressvalleyclinic.com/,Medical / Healthcare,"AI Automation ICP, Medical / Healthcare",Google Places,Kerrville TX
Santé Clinical Research,"1230 Bandera Hwy, Kerrville, TX 78028, USA",Kerrville,TX,+18308905171,http://santeclinicalresearch.com/,Medical / Healthcare,"AI Automation ICP, Medical / Healthcare",Google Places,Kerrville TX
Hill Country Dental Associates,"710 Hill Country Dr #1, Kerrville, TX 78028, USA",Kerrville,TX,+18302573000,http://hillcountrydentalassociates.com/,Dental,"AI Automation ICP, Dental",Google Places,Kerrville TX
Kerrville Family Dental,"321 Quinlan St, Kerrville, TX 78028, USA",Kerrville,TX,+18302576455,http://www.kerrvillefamilydental.com/,Dental,"AI Automation ICP, Dental",Google Places,Kerrville TX
"Carroll R. Butler, DDS Family Dentistry","321 W Water St, Kerrville, TX 78028, USA",Kerrville,TX,+18302574900,https://www.carrollbutlerdds.com/,Dental,"AI Automation ICP, Dental",Google Places,Kerrville TX
Precision Dentistry and Implants of Kerrville,"117 Hugo St Ste A, Kerrville, TX 78028, USA",Kerrville,TX,+18308968343,https://kerrvilledentistry.com/,Dental,"AI Automation ICP, Dental",Google Places,Kerrville TX
Star Smiles,"1304 Junction Hwy Ste 750, Kerrville, TX 78028, USA",Kerrville,TX,+18308953889,https://www.visitstarsmiles.com/,Dental,"AI Automation ICP, Dental",Google Places,Kerrville TX
West Kerr Dental,"3164 Junction Hwy Ste W-1, Ingram, TX 78025, USA",Kerrville,TX,+18303671171,https://www.westkerrdental.com/,Dental,"AI Automation ICP, Dental",Google Places,Kerrville TX
Dylan Feigenbaum,"1205 Junction Hwy, Kerrville, TX 78028, USA",Kerrville,TX,+18302534360,https://www.aspendental.com/providers/Dylan-Feigenbaum/1427782978/?utm_source=googleplaces&utm_medium=lociqgoogleplaces&utm_campaign=&utm_content=listing,Dental,"AI Automation ICP, Dental",Google Places,Kerrville TX
Paige Priour DDS,"715 Hill Country Dr Suite 1, Kerrville, TX 78028, USA",Kerrville,TX,+18302574333,https://paigepriourdds.com/?utm_source=google&utm_medium=organic&utm_campaign=gmb-listing-website,Dental,"AI Automation ICP, Dental",Google Places,Kerrville TX
"Aspen Dental - Kerrville, TX","1205 Junction Hwy, Kerrville, TX 78028, USA",Kerrville,TX,+18302534360,"https://www.aspendental.com/dentist/tx/kerrville/1205-junction-hwy-south?utm_source=googleplaces&utm_medium=lociqgoogleplaces&utm_campaign=Kerrville,TX-Kerrville_TX-4040&utm_content=listing",Dental,"AI Automation ICP, Dental",Google Places,Kerrville TX
Kerrville Pediatric Dentistry,"1004 Junction Hwy, Kerrville, TX 78028, USA",Kerrville,TX,+18302554197,http://www.kerrvillepediatricdentistry.com/,Dental,"AI Automation ICP, Dental",Google Places,Kerrville TX
"Daniel Gomez, DDS, DMD","1205 Junction Hwy, Kerrville, TX 78028, USA",Kerrville,TX,+18302534360,https://www.aspendental.com/providers/daniel-gomez/1043918774/,Dental,"AI Automation ICP, Dental",Google Places,Kerrville TX
"Kerrville Oral & Maxillofacial Surgery, Dr. James Lussier","204 Wesley Dr, Kerrville, TX 78028, USA",Kerrville,TX,+18308953494,http://www.kerrvilleoms.com/,Dental,"AI Automation ICP, Dental",Google Places,Kerrville TX
"Kevin Gill, DDS, DMD","1205 Junction Hwy, Kerrville, TX 78028, USA",Kerrville,TX,+18302534360,https://www.aspendental.com/providers/Kevin-Gill/1871693010/?utm_source=googleplaces&utm_medium=lociqgoogleplaces&utm_campaign=&utm_content=listing,Dental,"AI Automation ICP, Dental",Google Places,Kerrville TX
Tots to Teens Pediatric Dentistry & Orthodontics,"1700 Sidney Baker St #200, Kerrville, TX 78028, USA",Kerrville,TX,+18303554488,https://www.totstoteenspediatricdentistry.com/locations/kerrville-pediatric-dentistry,Dental,"AI Automation ICP, Dental",Google Places,Kerrville TX
"Dr. April A. Brown, DMD","417 Tivy St, Kerrville, TX 78028, USA",Kerrville,TX,+18308965400,http://hillcountrysmiles.com/,Dental,"AI Automation ICP, Dental",Google Places,Kerrville TX
"SLP Dentistry, PLLC. Susan Putthoff, DDS Gary Crozier, DDS","700 Earl Garrett St, Kerrville, TX 78028, USA",Kerrville,TX,+18308966264,http://www.mykerrvilledentist.com/,Dental,"AI Automation ICP, Dental",Google Places,Kerrville TX
Dr. Patricia Beatrix Reyes,"1205 Junction Hwy, Kerrville, TX 78028, USA",Kerrville,TX,+12147483647,,Dental,"AI Automation ICP, Dental",Google Places,Kerrville TX
Wagner Randall L DDS,"501 Jefferson St #1, Kerrville, TX 78028, USA",Kerrville,TX,+18302575400,,Dental,"AI Automation ICP, Dental",Google Places,Kerrville TX
Hill Country Smiles Orthodontics,"417 Tivy St, Kerrville, TX 78028, USA",Kerrville,TX,+18308965400,http://hillcountrysmiles.com/,Dental,"AI Automation ICP, Dental",Google Places,Kerrville TX
"Susan Putthoff, DDS","700 Earl Garrett St, Kerrville, TX 78028, USA",Kerrville,TX,+18308966264,https://www.mykerrvilledentist.com/,Dental,"AI Automation ICP, Dental",Google Places,Kerrville TX
Fore Premier Properties,"804 Water St, Kerrville, TX 78028, USA",Kerrville,TX,+18302574000,https://www.forepremierproperties.com/,Real Estate,"AI Automation ICP, Real Estate",Google Places,Kerrville TX
CENTURY 21 The Hills Realty,"1726 Sidney Baker St, Kerrville, TX 78028, USA",Kerrville,TX,+18302575010,http://www.century21thehills.com/,Real Estate,"AI Automation ICP, Real Estate",Google Places,Kerrville TX
Tinsley Realty Group,"817 Sidney Baker St, Kerrville, TX 78028, USA",Kerrville,TX,+18309287193,https://tinsleyhomesforsale.com/,Real Estate,"AI Automation ICP, Real Estate",Google Places,Kerrville TX
JP Properties,"945 Barnett St, Kerrville, TX 78028, USA",Kerrville,TX,+18307393755,http://www.jppropertiestx.com/,Real Estate,"AI Automation ICP, Real Estate",Google Places,Kerrville TX
Keller Williams Realty -Kerrville,"1112 Sidney Baker St, Kerrville, TX 78028, USA",Kerrville,TX,+18308961122,https://kerrville.kw.com/,Real Estate,"AI Automation ICP, Real Estate",Google Places,Kerrville TX
AMERICA HOMES AND RANCHES,"2220 Medina Hwy, Kerrville, TX 78028, USA",Kerrville,TX,+18304595263,http://www.americahomesandranches.com/,Real Estate,"AI Automation ICP, Real Estate",Google Places,Kerrville TX
Mikeska Realty Co.,"820 Main St #212, Kerrville, TX 78028, USA",Kerrville,TX,+18303154700,http://mikeskarealtyco.com/,Real Estate,"AI Automation ICP, Real Estate",Google Places,Kerrville TX
Home in the Hills Realty,"840 Earl Garrett St, Kerrville, TX 78028, USA",Kerrville,TX,+18309555047,https://homeinthehillsrealty.com/contact-us/,Real Estate,"AI Automation ICP, Real Estate",Google Places,Kerrville TX
Reno Realty Group,"1614 Sidney Baker St #200, Kerrville, TX 78028, USA",Kerrville,TX,+18302575777,http://www.therenorealtygroup.com/,Real Estate,"AI Automation ICP, Real Estate",Google Places,Kerrville TX
Hill Country Realty,"824 Earl Garrett St, Kerrville, TX 78028, USA",Kerrville,TX,+18303776437,http://www.kerrvilleproperties.com/,Real Estate,"AI Automation ICP, Real Estate",Google Places,Kerrville TX
RE/MAX Kerrville,"1835 Sidney Baker St, Kerrville, TX 78028, USA",Kerrville,TX,+18308957771,http://www.remaxkerrville.net/,Real Estate,"AI Automation ICP, Real Estate",Google Places,Kerrville TX
Legacy Partners,"521 Earl Garrett St, Kerrville, TX 78028, USA",Kerrville,TX,,https://www.hillcountrylegacypartners.com/,Real Estate,"AI Automation ICP, Real Estate",Google Places,Kerrville TX
Realty Executives Kerrville,"512 Sidney Baker St, Kerrville, TX 78028, USA",Kerrville,TX,+18303152000,https://www.realtyexecutives.com/offices/realty-executives-kerrville/2448,Real Estate,"AI Automation ICP, Real Estate",Google Places,Kerrville TX
Cornerstone Realty Company,"1600 Broadway # K, Kerrville, TX 78028, USA",Kerrville,TX,+18302850450,https://www.facebook.com/KatieTheRealEstateLady830/,Real Estate,"AI Automation ICP, Real Estate",Google Places,Kerrville TX
Arden Hills Realty and Property Management,"324 Clay St, Kerrville, TX 78028, USA",Kerrville,TX,+18307925775,http://www.ardenhillspropertymanagement.com/,Real Estate,"AI Automation ICP, Real Estate",Google Places,Kerrville TX
First Realty of Kerrville,"500 Main St C, Kerrville, TX 78028, USA",Kerrville,TX,+18308963200,https://www.patpsellskerrville.com/?y_source=1_Mjc4NDAwMDEtNzE1LWxvY2F0aW9uLndlYnNpdGU%3D,Real Estate,"AI Automation ICP, Real Estate",Google Places,Kerrville TX
Summit Real Estate,"550 Earl Garrett St #211, Kerrville, TX 78028, USA",Kerrville,TX,+18304280101,http://summithillcountry.com/,Real Estate,"AI Automation ICP, Real Estate",Google Places,Kerrville TX
Brinkman Preferred Properties,"225 Waggoman Rd, Kerrville, TX 78028, USA",Kerrville,TX,+18303155555,http://www.brinkmansales.com/,Real Estate,"AI Automation ICP, Real Estate",Google Places,Kerrville TX
Southern Sky Realty Group LLC,"1094 Harper Rd, Kerrville, TX 78028, USA",Kerrville,TX,+18307778840,https://hangyourhat.adthomes.com/,Real Estate,"AI Automation ICP, Real Estate",Google Places,Kerrville TX
"Sherman & Co., REALTORS","327 Earl Garrett St, Kerrville, TX 78028, USA",Kerrville,TX,+18302577588,http://shermanandcompany.com/,Real Estate,"AI Automation ICP, Real Estate",Google Places,Kerrville TX
"Massey Itschner & Company, P.C.","820 Main St Ste 101, Kerrville, TX 78028, USA",Kerrville,TX,+18302575330,http://www.micocpa.com/,Accounting / Finance,"AI Automation ICP, Accounting / Finance",Google Places,Kerrville TX
Goldman Herod and Associates,"313 Earl Garrett St, Kerrville, TX 78028, USA",Kerrville,TX,+18302573112,https://www.madcpa.com/,Accounting / Finance,"AI Automation ICP, Accounting / Finance",Google Places,Kerrville TX
Pressler Thompson & Co,"819 Water St #320, Kerrville, TX 78028, USA",Kerrville,TX,+18302577241,https://www.ptcocpa.com/,Accounting / Finance,"AI Automation ICP, Accounting / Finance",Google Places,Kerrville TX
Davidson Freedle,"222 Sidney Baker St S #635, Kerrville, TX 78028, USA",Kerrville,TX,+18308961100,https://www.df.cpa/,Accounting / Finance,"AI Automation ICP, Accounting / Finance",Google Places,Kerrville TX
"Susan I. Nidever, CPA","222 Sidney Baker St S #436, Kerrville, TX 78028, USA",Kerrville,TX,+18302576980,http://www.snidevercpa.com/,Accounting / Finance,"AI Automation ICP, Accounting / Finance",Google Places,Kerrville TX
Spies Kneese & Bailey LLC,"720 Earl Garrett St, Kerrville, TX 78028, USA",Kerrville,TX,+18308951367,,Accounting / Finance,"AI Automation ICP, Accounting / Finance",Google Places,Kerrville TX
Corey C Davis CPA Attorney at Law,"320 W Main St, Kerrville, TX 78028, USA",Kerrville,TX,+18302578800,http://www.coreydaviscpa.com/,Accounting / Finance,"AI Automation ICP, Accounting / Finance",Google Places,Kerrville TX
Traci Seymour Bookkeeping & Tax,"500 W Main St Ste. B, Kerrville, TX 78028, USA",Kerrville,TX,+18308964033,http://sbskerrville.com/,Accounting / Finance,"AI Automation ICP, Accounting / Finance",Google Places,Kerrville TX
"Four Seasons Tax Solutions, LLC","115 Travis St, Kerrville, TX 78028, USA",Kerrville,TX,+18302572704,https://taxsolution.guru/,Accounting / Finance,"AI Automation ICP, Accounting / Finance",Google Places,Kerrville TX
Cornerstone Business Solutions,"623 Myrta St # E, Kerrville, TX 78028, USA",Kerrville,TX,+18302578484,,Accounting / Finance,"AI Automation ICP, Accounting / Finance",Google Places,Kerrville TX
Porter Timothy R CPA,"819 Water St #320, Kerrville, TX 78028, USA",Kerrville,TX,+18302577241,,Accounting / Finance,"AI Automation ICP, Accounting / Finance",Google Places,Kerrville TX
"Gregory R. Seibert, CPA","820 Main St #216, Kerrville, TX 78028, USA",Kerrville,TX,+18302575900,http://www.gregseibertcpa.com/,Accounting / Finance,"AI Automation ICP, Accounting / Finance",Google Places,Kerrville TX
"BD & Associates, CPAs","1401 Sidney Baker St, Kerrville, TX 78028, USA",Kerrville,TX,+18308901975,https://www.bdcpafirm.com/,Accounting / Finance,"AI Automation ICP, Accounting / Finance",Google Places,Kerrville TX
"Paul Anderson, CPA, PLLC","One Schreiner Center, 819 Water St Ste 152, Kerrville, TX 78028, USA",Kerrville,TX,+18303152244,,Accounting / Finance,"AI Automation ICP, Accounting / Finance",Google Places,Kerrville TX
KBS Bookkeeping and Tax Services,"924 Jefferson St, Kerrville, TX 78028, USA",Kerrville,TX,+18302577733,https://kerrbusinessservices.com/,Accounting / Finance,"AI Automation ICP, Accounting / Finance",Google Places,Kerrville TX
Oyler Ruth A,"850 Sidney Baker St Ste A, Kerrville, TX 78028, USA",Kerrville,TX,+18308962001,,Accounting / Finance,"AI Automation ICP, Accounting / Finance",Google Places,Kerrville TX
Salt Group,"2123 Sidney Baker St, Kerrville, TX 78028, USA",Kerrville,TX,+18882571266,http://www.thesaltgroup.com/,Accounting / Finance,"AI Automation ICP, Accounting / Finance",Google Places,Kerrville TX
Taxes N More,"501 Clay St, Kerrville, TX 78028, USA",Kerrville,TX,+18308963349,,Accounting / Finance,"AI Automation ICP, Accounting / Finance",Google Places,Kerrville TX
Talarico and Associates,"2210 Bandera Hwy Ste H, Kerrville, TX 78028, USA",Kerrville,TX,+18303156533,http://talaricowm.com/,Accounting / Finance,"AI Automation ICP, Accounting / Finance",Google Places,Kerrville TX
Tax Check Express,"1016 Junction Hwy, Kerrville, TX 78028, USA",Kerrville,TX,+18308964060,,Accounting / Finance,"AI Automation ICP, Accounting / Finance",Google Places,Kerrville TX
"Garrett Insurance Agency, LLC","212 Sidney Baker St S, Kerrville, TX 78028, USA",Kerrville,TX,+18308966600,https://www.garrettinsurance.com/locations/garrett-insurance-kerrville-tx/,Insurance,"AI Automation ICP, Insurance",Google Places,Kerrville TX
First Insurance Agency of The Hill Country,"123 Commerce St B, Kerrville, TX 78028, USA",Kerrville,TX,+18308962400,https://www.firstinsagency.com/,Insurance,"AI Automation ICP, Insurance",Google Places,Kerrville TX
Fiesta Auto Insurance & Tax Service,"326 Francisco Lemos St Ste 3, Kerrville, TX 78028, USA",Kerrville,TX,+18309558888,https://fiestainsurance.com/stores/fiesta-insurance-and-tax-kerrville-texas-tx015/,Insurance,"AI Automation ICP, Insurance",Google Places,Kerrville TX
"Joe Cook & Associates, Inc.","741 Water St #103, Kerrville, TX 78028, USA",Kerrville,TX,+18308952288,https://www.joecookinsurance.com/,Insurance,"AI Automation ICP, Insurance",Google Places,Kerrville TX
Advanced Insurance Group,"1225 Bandera Hwy, Kerrville, TX 78028, USA",Kerrville,TX,+18308954477,http://www.kerraig.com/,Insurance,"AI Automation ICP, Insurance",Google Places,Kerrville TX
Frizzell Insurance,"1130 Junction Hwy #300, Kerrville, TX 78028, USA",Kerrville,TX,+18308952213,https://www.frizzellins.com/,Insurance,"AI Automation ICP, Insurance",Google Places,Kerrville TX
Hill Car Insurance,"2702 Junction Hwy, Kerrville, TX 78028, USA",Kerrville,TX,,http://hillins.com/,Insurance,"AI Automation ICP, Insurance",Google Places,Kerrville TX
Texas Farm Bureau Insurance Company,"341 Junction Hwy, Kerrville, TX 78028, USA",Kerrville,TX,+18308952525,https://www.txfb-ins.com/,Insurance,"AI Automation ICP, Insurance",Google Places,Kerrville TX
Pronto Insurance,"1464 Junction Hwy, Kerrville, TX 78028, USA",Kerrville,TX,+18304964108,https://www.prontoinsurance.com/agentdetail/kerr-auto-170,Insurance,"AI Automation ICP, Insurance",Google Places,Kerrville TX
Texas Insurance Advisers LLC,"339 W Water St Ste 6, Kerrville, TX 78028, USA",Kerrville,TX,+18303077585,http://www.texasinsuranceadvisers.com/,Insurance,"AI Automation ICP, Insurance",Google Places,Kerrville TX
Farmers Insurance - Andrea Cobb,"301 Junction Hwy Ste 343, Kerrville, TX 78028, USA",Kerrville,TX,+18304963589,https://agents.farmers.com/tx/kerrville/andrea-cobb/,Insurance,"AI Automation ICP, Insurance",Google Places,Kerrville TX
Wise Car Insurance,"2108 Arcadia Loop, Kerrville, TX 78028, USA",Kerrville,TX,+18302392908,,Insurance,"AI Automation ICP, Insurance",Google Places,Kerrville TX
"Acrisure Aerospace Kerrville, TX","1001 Water St Bld K, Ste 100, Kerrville, TX 78028, USA",Kerrville,TX,,https://www.acrisure.com/?utm_source=platform&utm_medium=aerospace,Insurance,"AI Automation ICP, Insurance",Google Places,Kerrville TX
"Insurance One Agency, LLC - B K Cody","100 Fairway Dr, Kerrville, TX 78028, USA",Kerrville,TX,+18308905719,https://www.bkcodyinsurance.com/,Insurance,"AI Automation ICP, Insurance",Google Places,Kerrville TX
Farmers Insurance - Nathaniel Turner,"260 Thompson Dr Ste 3, Kerrville, TX 78028, USA",Kerrville,TX,+18308964100,https://agents.farmers.com/tx/kerrville/nathaniel-turner?SourceID=AMPALFGMAG&utm_source=GMB&utm_medium=Local&y_source=1_MTU1NTIyMi03MTUtbG9jYXRpb24ud2Vic2l0ZQ==,Insurance,"AI Automation ICP, Insurance",Google Places,Kerrville TX
Imagine Insurance Agency Inc: Allstate Insurance,"141 W Water St Ste C-2, Kerrville, TX 78028, USA",Kerrville,TX,+18302573992,https://agents.allstate.com/imagine-insurance-agency-inc-kerrville-tx.html?utm_source=GMB&utm_medium=Website,Insurance,"AI Automation ICP, Insurance",Google Places,Kerrville TX
Farmers Insurance - Rolando Lopez,"1214 Bandera Hwy, Kerrville, TX 78028, USA",Kerrville,TX,+18302577272,https://agents.farmers.com/tx/kerrville/rolando-lopez?SourceID=AMPALFGMAG&utm_source=GMB&utm_medium=Local&y_source=1_OTg3MTgwOS03MTUtbG9jYXRpb24ud2Vic2l0ZQ==,Insurance,"AI Automation ICP, Insurance",Google Places,Kerrville TX
Amber Thomason - State Farm Insurance Agent,"221 Thompson Dr, Kerrville, TX 78028, USA",Kerrville,TX,+18303155433,https://www.myagentamber.com/,Insurance,"AI Automation ICP, Insurance",Google Places,Kerrville TX
Anco Auto Insurance,"221 Water St, Kerrville, TX 78028, USA",Kerrville,TX,+18307454916,,Insurance,"AI Automation ICP, Insurance",Google Places,Kerrville TX
First Insurance Agency Of The Hill Country,"616 Front St B, Comfort, TX 78013, USA",Kerrville,TX,+18309952700,https://www.firstinsagency.com/,Insurance,"AI Automation ICP, Insurance",Google Places,Kerrville TX
Texas Hill Country Advisors,"929 Barnett St, Kerrville, TX 78028, USA",Kerrville,TX,+18309559900,http://www.texashillcountryadvisors.com/,Financial Advisory,"AI Automation ICP, Financial Advisory",Google Places,Kerrville TX
Stevens Wealth Management,"1400 Water St, Kerrville, TX 78028, USA",Kerrville,TX,+18304963625,http://www.stevens-wealth.com/,Financial Advisory,"AI Automation ICP, Financial Advisory",Google Places,Kerrville TX
"Edward Jones - Financial Advisor: Guy R Overby, CKA®","2210 Bandera Hwy Ste A, Kerrville, TX 78028, USA",Kerrville,TX,+18309555818,https://www.edwardjones.com/us-en/financial-advisor/guy-overby?y_source=1_Mjc4MDQ5My03MTUtbG9jYXRpb24ud2Vic2l0ZQ%3D%3D,Financial Advisory,"AI Automation ICP, Financial Advisory",Google Places,Kerrville TX
"Edward Jones - Financial Advisor: Joyce D Mechler, AAMS®","301 Earl Garrett St, Kerrville, TX 78028, USA",Kerrville,TX,+18302574059,https://www.edwardjones.com/us-en/financial-advisor/joyce-mechler?y_source=1_OTY3MDIwLTcxNS1sb2NhdGlvbi53ZWJzaXRl,Financial Advisory,"AI Automation ICP, Financial Advisory",Google Places,Kerrville TX
Finley Financial Services,"874 Harper Rd #109, Kerrville, TX 78028, USA",Kerrville,TX,+18308964400,http://www.finleyfinancialservices.com/,Financial Advisory,"AI Automation ICP, Financial Advisory",Google Places,Kerrville TX
"Edward Jones - Financial Advisor: Kendall N Davison, AAMS®","712 Hill Country Dr Ste 201, Kerrville, TX 78028, USA",Kerrville,TX,+18302577877,https://www.edwardjones.com/us-en/financial-advisor/kendall-davison?y_source=1_NjQyMjM0LTcxNS1sb2NhdGlvbi53ZWJzaXRl,Financial Advisory,"AI Automation ICP, Financial Advisory",Google Places,Kerrville TX
Edward Jones - Financial Advisor: Bryon Mein,"339 W Water St, Kerrville, TX 78028, USA",Kerrville,TX,+18302575254,https://www.edwardjones.com/us-en/financial-advisor/bryon-mein?y_source=1_NjM5NzcxLTcxNS1sb2NhdGlvbi53ZWJzaXRl,Financial Advisory,"AI Automation ICP, Financial Advisory",Google Places,Kerrville TX
"The Collum Group - Ameriprise Financial Services, LLC","301 Junction Hwy Ste 249, Kerrville, TX 78028, USA",Kerrville,TX,+18302570406,https://www.ameripriseadvisors.com/team/the-collum-group/?cid=IP_local_google,Financial Advisory,"AI Automation ICP, Financial Advisory",Google Places,Kerrville TX
"Edward Jones - Financial Advisor: Zach Riffett, CFP®|ChFC®|CPWA®","713 Sidney Baker St, Kerrville, TX 78028, USA",Kerrville,TX,+18302575311,https://www.edwardjones.com/us-en/financial-advisor/zach-riffett?y_source=1_MTIzOTA3NC03MTUtbG9jYXRpb24ud2Vic2l0ZQ%3D%3D,Financial Advisory,"AI Automation ICP, Financial Advisory",Google Places,Kerrville TX
True North Advisors,"200 Earl Garrett St #202, Kerrville, TX 78028, USA",Kerrville,TX,+18303152555,https://www.truenorthadvisors.com/,Financial Advisory,"AI Automation ICP, Financial Advisory",Google Places,Kerrville TX
Guadalupe Investments & Advisory Services,"953 Myrta St, Kerrville, TX 78028, USA",Kerrville,TX,+18303701185,http://guadalupeinvestments.com/,Financial Advisory,"AI Automation ICP, Financial Advisory",Google Places,Kerrville TX
Mein Wealth Management,"337 W Water St, Kerrville, TX 78028, USA",Kerrville,TX,+18302575254,https://www.edwardjones.com/mein-wealth-management?y_source=1_MTA5NDUzODc0Mi03MTUtbG9jYXRpb24ud2Vic2l0ZQ%3D%3D,Financial Advisory,"AI Automation ICP, Financial Advisory",Google Places,Kerrville TX
Morgan Stanley Financial Advisors,"1304 Junction Hwy #300, Kerrville, TX 78028, USA",Kerrville,TX,+18307922100,https://advisor.morganstanley.com/kerrville-branch?y_source=1_MjM2MjA5Mi03MTUtbG9jYXRpb24ud2Vic2l0ZQ%3D%3D,Financial Advisory,"AI Automation ICP, Financial Advisory",Google Places,Kerrville TX
"Dawn Collum - Financial Advisor, Ameriprise Financial Services, LLC","301 Junction Hwy Ste 249, Kerrville, TX 78028, USA",Kerrville,TX,+18302570406,https://www.ameripriseadvisors.com/Dawn.Collum/?cid=IP_local_google,Financial Advisory,"AI Automation ICP, Financial Advisory",Google Places,Kerrville TX
Danny Dean - Thrivent,"819 Water St, Kerrville, TX 78028, USA",Kerrville,TX,+12107351130,https://connect.thrivent.com/danny-dean?utm_source=GMB&utm_medium=Yext&y_source=1_MTU4NzUzNjUtNzE1LWxvY2F0aW9uLndlYnNpdGU%3D,Financial Advisory,"AI Automation ICP, Financial Advisory",Google Places,Kerrville TX
Raymond James - Sage Investment Advice,"320 TX-39, Ingram, TX 78025, USA",Kerrville,TX,+18303677243,https://www.raymondjames.com/sageinvestment,Financial Advisory,"AI Automation ICP, Financial Advisory",Google Places,Kerrville TX
Edward Jones - Financial Advisor: Grant S Mein,"1234 Bandera Hwy, Kerrville, TX 78028, USA",Kerrville,TX,+18308950997,https://www.edwardjones.com/us-en/financial-advisor/grant-mein?y_source=1_OTY0MjQwLTcxNS1sb2NhdGlvbi53ZWJzaXRl,Financial Advisory,"AI Automation ICP, Financial Advisory",Google Places,Kerrville TX
"Mossman Financial Solutions, LLC.","961 Water St, Kerrville, TX 78028, USA",Kerrville,TX,+18302577283,http://www.callmossman.com/,Financial Advisory,"AI Automation ICP, Financial Advisory",Google Places,Kerrville TX
Money Concepts Financial Planning Center,"729 Sidney Baker St a, Kerrville, TX 78028, USA",Kerrville,TX,+12103601575,http://moneyconcepts.com/Independent-Financial-Services/Center/fbca88e8-411b-42f0-ad28-76814e921b38,Financial Advisory,"AI Automation ICP, Financial Advisory",Google Places,Kerrville TX
AGS Lending Partners - USA,"222 Sidney Baker St S #211, Kerrville, TX 78028, USA",Kerrville,TX,+18005201931,http://agslending.com/,Mortgage,"AI Automation ICP, Mortgage",Google Places,Kerrville TX
The Money Store,"322 Thompson Dr, Kerrville, TX 78028, USA",Kerrville,TX,+18309289080,https://themoneystore.com/branch/kerrville-tx/,Mortgage,"AI Automation ICP, Mortgage",Google Places,Kerrville TX
SWBC Mortgage Corporation,"322 Thompson Dr, Kerrville, TX 78028, USA",Kerrville,TX,+12103763600,http://www.swbcmortgage.com/?utm_source=google&utm_medium=location-listing&utm_content=gmb-branch-listing,Mortgage,"AI Automation ICP, Mortgage",Google Places,Kerrville TX
Chet Hearn - Coast2Coast Mortgage,"230 Castle Pne, Kerrville, TX 78028, USA",Kerrville,TX,+18306421507,https://www.chethearn.com/,Mortgage,"AI Automation ICP, Mortgage",Google Places,Kerrville TX
Capital Farm Credit,"1001 Sidney Baker St, Kerrville, TX 78028, USA",Kerrville,TX,+18302574444,https://www.capitalfarmcredit.com/office-location-detail/kerrville-credit-office?utm_source=gbp&utm_medium=organic&utm_campaign=Kerrville,Mortgage,"AI Automation ICP, Mortgage",Google Places,Kerrville TX
NewFed Mortgage Corp,"1726 Sidney Baker St, Kerrville, TX 78028, USA",Kerrville,TX,+18303779268,https://newfed.com/,Mortgage,"AI Automation ICP, Mortgage",Google Places,Kerrville TX
Western Finance,"1406 Sidney Baker St, Kerrville, TX 78028, USA",Kerrville,TX,+18307922161,https://westernshamrock.com/locations/texas/western-finance-kerrville-tx?utm_source=google&utm_medium=organic&utm_campaign=gbp+western+finance+kerrville+tx+location,Mortgage,"AI Automation ICP, Mortgage",Google Places,Kerrville TX
PNC Mortgage,"1425 Sidney Baker St, Kerrville, TX 78028, USA",Kerrville,TX,+18308955100,https://www.pnc.com/en/personal-banking/borrowing/home-lending.html?lnksrc=mortgage-listing-google,Mortgage,"AI Automation ICP, Mortgage",Google Places,Kerrville TX
"SouthStar Bank, Kerrville","1101 Junction Hwy, Kerrville, TX 78028, USA",Kerrville,TX,+18303152362,https://southstarbank.com/,Mortgage,"AI Automation ICP, Mortgage",Google Places,Kerrville TX
World Finance,"820 Sidney Baker St Ste G, Kerrville, TX 78028, USA",Kerrville,TX,+18308968050,https://www.loansbyworld.com/locations/branches/tx-kerrville-820-sidney-baker-st-1753?utm_source=google&utm_medium=organic&utm_campaign=loc&utm_content=cm-13gbp------bid-1753,Mortgage,"AI Automation ICP, Mortgage",Google Places,Kerrville TX
Guadalupe Bank,"1309 Bandera Hwy, Kerrville, TX 78028, USA",Kerrville,TX,+18307921950,http://guadalupebank.com/,Mortgage,"AI Automation ICP, Mortgage",Google Places,Kerrville TX
Stepstone Credit,"1426 Sidney Baker St, Kerrville, TX 78028, USA",Kerrville,TX,+18308905688,https://stepstonecredit.com/branch/kerrville/?utm_source=google&utm_medium=organic&utm_campaign=gbplocation&utm_content=kerrville,Mortgage,"AI Automation ICP, Mortgage",Google Places,Kerrville TX
RBFCU - Kerrville,"1801 Sidney Baker St, Kerrville, TX 78028, USA",Kerrville,TX,+12109453300,https://www.rbfcu.org/locations/kerrville-branch-kerrville-tx,Mortgage,"AI Automation ICP, Mortgage",Google Places,Kerrville TX
Security Finance,"208 Cully Dr #500, Kerrville, TX 78028, USA",Kerrville,TX,+18308968880,https://www.securityfinance.com/locations/kerrville-tx-0352?utm_source=googlebusiness&utm_medium=organic&utm_campaign=locallistings,Mortgage,"AI Automation ICP, Mortgage",Google Places,Kerrville TX
Bitkower Real Estate-Mortgage,"229 Waggoman Rd B, Kerrville, TX 78028, USA",Kerrville,TX,+18302576592,http://www.bitkower.com/,Mortgage,"AI Automation ICP, Mortgage",Google Places,Kerrville TX
Kerr County Federal Credit Union,"2335 Junction Hwy, Kerrville, TX 78028, USA",Kerrville,TX,+18308966808,https://www.kerrcountyfcu.com/,Mortgage,"AI Automation ICP, Mortgage",Google Places,Kerrville TX
Advance America,"1305-I Sidney Baker St, Kerrville, TX 78028, USA",Kerrville,TX,+18307928894,https://www.advanceamerica.net/store-locations/texas/1305-i-sidney-baker-street-kerrville-78028?utm_source=soci-gmb&utm_medium=local&utm_content=3178&utm_campaign=website,Mortgage,"AI Automation ICP, Mortgage",Google Places,Kerrville TX
Sunflower Bank,"600 Main St, Kerrville, TX 78028, USA",Kerrville,TX,+18307926655,https://www.sunflowerbank.com/find-a-location/kerrville-texas-main-st-branch/,Mortgage,"AI Automation ICP, Mortgage",Google Places,Kerrville TX
Texas Regional Bank,"601 W Main St, Kerrville, TX 78028, USA",Kerrville,TX,+18303925060,https://trb.bank/locations/kerrville/,Mortgage,"AI Automation ICP, Mortgage",Google Places,Kerrville TX
Trever Kerr - Gateway Mortgage,"4606 Park Springs Blvd Ste 100, Arlington, TX 76017, USA",Kerrville,TX,+16829993197,https://www.gatewayfirst.com/locations-atms/trever-kerr?utm_source=google&utm_medium=yext&utm_campaign=yext_referral,Mortgage,"AI Automation ICP, Mortgage",Google Places,Kerrville TX
Alara Strategic + Creative,"507 Earl Garrett St Suite 100, Kerrville, TX 78028, USA",Kerrville,TX,+18308951544,https://alaracreative.com/,Marketing Agency,"AI Automation ICP, Marketing Agency",Google Places,Kerrville TX
Webs On The Fly,"1407 Sidney Baker St, Kerrville, TX 78028, USA",Kerrville,TX,+18308902159,https://websonthefly.com/,Marketing Agency,"AI Automation ICP, Marketing Agency",Google Places,Kerrville TX
Hill Co Creative Haus LLC,"1016 Junction Hwy # C, Kerrville, TX 78028, USA",Kerrville,TX,+18303776086,https://www.hillcocreativehaus.com/,Marketing Agency,"AI Automation ICP, Marketing Agency",Google Places,Kerrville TX
Vector Marketing Kerrville,"222 Sidney Baker St S #350, Kerrville, TX 78028, USA",Kerrville,TX,+12102013427,http://www.vectormarketing.com/gm,Marketing Agency,"AI Automation ICP, Marketing Agency",Google Places,Kerrville TX
Phantarram Advertising,"114 Texas Cir, Kerrville, TX 78028, USA",Kerrville,TX,+18303776005,https://phantarramadvertising.ueniweb.com/?utm_campaign=gmb,Marketing Agency,"AI Automation ICP, Marketing Agency",Google Places,Kerrville TX
Ranch Radio Marketing Group,"3505 Fredericksburg Rd, Kerrville, TX 78028, USA",Kerrville,TX,+18308964990,http://www.ranchrmg.com/,Marketing Agency,"AI Automation ICP, Marketing Agency",Google Places,Kerrville TX
1 - STOP Advertising & Printing,"404 Junction Hwy, Kerrville, TX 78028, USA",Kerrville,TX,+18308960480,,Marketing Agency,"AI Automation ICP, Marketing Agency",Google Places,Kerrville TX
Modern Marketing & Media,"30703 Raleigh Creek Dr, Tomball, TX 77375, USA",Kerrville,TX,+13466852422,https://www.marketingtomball.com/,Marketing Agency,"AI Automation ICP, Marketing Agency",Google Places,Kerrville TX
Palm Marketing,"2040 N Loop 336 W Ste 124, Conroe, TX 77304, USA",Kerrville,TX,+19362063059,https://palmsbm.com/,Marketing Agency,"AI Automation ICP, Marketing Agency",Google Places,Kerrville TX
Exposition Studio,"213 Los Cedros Loop, Kerrville, TX 78028, USA",Kerrville,TX,+12109725960,http://expositionstudio.com/,Marketing Agency,"AI Automation ICP, Marketing Agency",Google Places,Kerrville TX
Ollie Marketing,"Mueller Blvd, Austin, TX 78723, USA",Kerrville,TX,+18604223940,https://olliemarketing.com/,Marketing Agency,"AI Automation ICP, Marketing Agency",Google Places,Kerrville TX
Red Bison Design,"317 Sidney Baker St S Ste 400-253, Kerrville, TX 78028, USA",Kerrville,TX,+12105047331,,Marketing Agency,"AI Automation ICP, Marketing Agency",Google Places,Kerrville TX
San Saba Cap Inc,"1818 Broadway, Kerrville, TX 78028, USA",Kerrville,TX,+18302572434,https://www.sansabacap.com/,Marketing Agency,"AI Automation ICP, Marketing Agency",Google Places,Kerrville TX
Morris Strategic Communications,"507 Earl Garrett St, Kerrville, TX 78028, USA",Kerrville,TX,+18303778102,https://www.morrisstratcom.com/,Marketing Agency,"AI Automation ICP, Marketing Agency",Google Places,Kerrville TX
Creative Cruises & Tours,"2144 Summit Crest Dr, Kerrville, TX 78028, USA",Kerrville,TX,+18308950841,http://www.creativecruisesandtours.com/,Marketing Agency,"AI Automation ICP, Marketing Agency",Google Places,Kerrville TX
Advent Trinity Marketing Agency,"2909 E Arkansas Ln c-34, Arlington, TX 76010, USA",Kerrville,TX,+16822708035,https://adventtrinity.com/,Marketing Agency,"AI Automation ICP, Marketing Agency",Google Places,Kerrville TX
Crowd Kinetics,"507 Earl Garrett St, Kerrville, TX 78028, USA",Kerrville,TX,+18773761516,http://crowdkinetics.com/,Marketing Agency,"AI Automation ICP, Marketing Agency",Google Places,Kerrville TX
KWIKSIGNS Kerrville,"1204 Sidney Baker St S, Kerrville, TX 78028, USA",Kerrville,TX,+18308905100,,Marketing Agency,"AI Automation ICP, Marketing Agency",Google Places,Kerrville TX
Reliable Staffing,"1005 Sidney Baker St Ste B, Kerrville, TX 78028, USA",Kerrville,TX,+18305225406,http://reliablestaffing.com/kerrville,Staffing / HR,"AI Automation ICP, Staffing / HR",Google Places,Kerrville TX
Workforce Solutions Alamo Career Center - Kerrville,"1700 Sidney Baker St #500, Kerrville, TX 78028, USA",Kerrville,TX,+18302573171,https://www.workforcesolutionsalamo.org/,Staffing / HR,"AI Automation ICP, Staffing / HR",Google Places,Kerrville TX
Merritt Personnel,"843 Sidney Baker St #101, Kerrville, TX 78028, USA",Kerrville,TX,+18307923939,,Staffing / HR,"AI Automation ICP, Staffing / HR",Google Places,Kerrville TX
Imel Construction,"2104 Memorial Blvd C, Kerrville, TX 78028, USA",Kerrville,TX,+18309288930,http://imelconstructionllc.com/,Construction / Contractor,"AI Automation ICP, Construction / Contractor",Google Places,Kerrville TX
Pike Brothers Construction and Roofing,"842 Sidney Baker St, Kerrville, TX 78028, USA",Kerrville,TX,+18303157663,http://www.pikebros.net/,Construction / Contractor,"AI Automation ICP, Construction / Contractor",Google Places,Kerrville TX
White Construction Company,"605 Earl Garrett St, Kerrville, TX 78028, USA",Kerrville,TX,+18302577477,https://www.whiteconstructioncompany.com/,Construction / Contractor,"AI Automation ICP, Construction / Contractor",Google Places,Kerrville TX
"Task Building, LLC","239 Goat Creek Cutoff Rd W, Kerrville, TX 78028, USA",Kerrville,TX,+18303538434,https://taskbuilding.com/,Construction / Contractor,"AI Automation ICP, Construction / Contractor",Google Places,Kerrville TX
Guadalupe Contractors,"1526 Ranchero Rd Unit A, Kerrville, TX 78028, USA",Kerrville,TX,+18303770293,,Construction / Contractor,"AI Automation ICP, Construction / Contractor",Google Places,Kerrville TX
Taylord Jobs,"1322 Ranchero Rd Lot 6, Kerrville, TX 78028, USA",Kerrville,TX,+18303779501,,Construction / Contractor,"AI Automation ICP, Construction / Contractor",Google Places,Kerrville TX
2J&C Construction LLC,"601 Main St, Ingram, TX 78025, USA",Kerrville,TX,+18306837704,https://2jandc-construction.com/?utm_source=google&utm_medium=organic&utm_campaign=gbp,Construction / Contractor,"AI Automation ICP, Construction / Contractor",Google Places,Kerrville TX
Bledsoe General Contracting Inc,"1308 Paragon Pl, Kerrville, TX 78028, USA",Kerrville,TX,+18308961991,,Construction / Contractor,"AI Automation ICP, Construction / Contractor",Google Places,Kerrville TX
JK Bernhard Construction Co.,"2546 Goat Creek Rd, Kerrville, TX 78028, USA",Kerrville,TX,+18308951498,http://www.jkbernhard.com/,Construction / Contractor,"AI Automation ICP, Construction / Contractor",Google Places,Kerrville TX
CasaKeepers Design & Remodel,"1610 Goat Creek Rd, Kerrville, TX 78028, USA",Kerrville,TX,+18309557888,https://casakeepers.com/,Construction / Contractor,"AI Automation ICP, Construction / Contractor",Google Places,Kerrville TX
Swaim Remodeling and Handyman Services,"1208 Park St, Kerrville, TX 78028, USA",Kerrville,TX,+18309282676,,Construction / Contractor,"AI Automation ICP, Construction / Contractor",Google Places,Kerrville TX
"Chambers Design Build, LLC","713 Harper Rd, Kerrville, TX 78028, USA",Kerrville,TX,+18308960075,http://www.chambersdesignbuild.com/,Construction / Contractor,"AI Automation ICP, Construction / Contractor",Google Places,Kerrville TX
JLD Premier Homes,"217 Spanish Oak Blvd, Kerrville, TX 78028, USA",Kerrville,TX,+18303771957,http://jldpremierhomes.com/,Construction / Contractor,"AI Automation ICP, Construction / Contractor",Google Places,Kerrville TX
Kerrville Design Build,"88 Coronado Dr N Ste 1, Kerrville, TX 78028, USA",Kerrville,TX,+18303771847,https://www.kerrvilledesignbuild.com/,Construction / Contractor,"AI Automation ICP, Construction / Contractor",Google Places,Kerrville TX
Kevin Rule Homes,"1150 Sidney Baker St S C, Kerrville, TX 78028, USA",Kerrville,TX,+18307923449,http://www.kevinrulehomebuilder.com/,Construction / Contractor,"AI Automation ICP, Construction / Contractor",Google Places,Kerrville TX
Dyal Custom Homes,"1100 Main St, Kerrville, TX 78028, USA",Kerrville,TX,+18302579090,http://dyalcustomhomes.com/,Construction / Contractor,"AI Automation ICP, Construction / Contractor",Google Places,Kerrville TX
Kreative Solutions Construction,"1684 Junction Hwy, Kerrville, TX 78028, USA",Kerrville,TX,+18303770639,http://www.kreativesolutionsllc.com/,Construction / Contractor,"AI Automation ICP, Construction / Contractor",Google Places,Kerrville TX
Cecil Atkission Motors - Kerrville,"550 Benson Dr, Kerrville, TX 78028, USA",Kerrville,TX,+18665596786,https://www.cecilchevykerrville.com/?utm_source=GMB&utm_medium=Organic&utm_campaign=FF+SEO,Auto Dealership,"AI Automation ICP, Auto Dealership",Google Places,Kerrville TX
Crenwelge Motors,"301 W Main St, Kerrville, TX 78028, USA",Kerrville,TX,+18308964835,https://www.crenwelgemotors.net/?utm_source=GMBListing&utm_medium=organic&utm_campaign=googlebusinessprofile,Auto Dealership,"AI Automation ICP, Auto Dealership",Google Places,Kerrville TX
KerrTex Motors,"212 G St W, Kerrville, TX 78028, USA",Kerrville,TX,+18307926552,http://kerrtexmotors.com/,Auto Dealership,"AI Automation ICP, Auto Dealership",Google Places,Kerrville TX
Ken Stoepel Ford,"400 Sidney Baker St S, Kerrville, TX 78028, USA",Kerrville,TX,+18302575553,https://www.stoepelford.com/,Auto Dealership,"AI Automation ICP, Auto Dealership",Google Places,Kerrville TX
Del Rio Motors,"1480 Junction Hwy, Kerrville, TX 78028, USA",Kerrville,TX,+18308957507,http://delriomotorskerrville.com/,Auto Dealership,"AI Automation ICP, Auto Dealership",Google Places,Kerrville TX
Ken Stoepel Certified Pre-Owned Auto Center,"401 Sidney Baker St S, Kerrville, TX 78028, USA",Kerrville,TX,+18302575553,https://www.stoepelford.com/,Auto Dealership,"AI Automation ICP, Auto Dealership",Google Places,Kerrville TX
Crenwelge GMC,"220 Water St, Kerrville, TX 78028, USA",Kerrville,TX,+18302684941,https://www.crenwelgegmc.com/,Auto Dealership,"AI Automation ICP, Auto Dealership",Google Places,Kerrville TX
Family Auto Sales of Kerrville,"201 W Main St, Kerrville, TX 78028, USA",Kerrville,TX,+18307925115,,Auto Dealership,"AI Automation ICP, Auto Dealership",Google Places,Kerrville TX
Seymour Auto Sales,"2847 Junction Hwy Unit D, Kerrville, TX 78028, USA",Kerrville,TX,+18303671400,https://www.seymourautosales.com/,Auto Dealership,"AI Automation ICP, Auto Dealership",Google Places,Kerrville TX
AutoMart of Kerrville,"2020 Junction Hwy, Kerrville, TX 78028, USA",Kerrville,TX,+18309559602,http://www.txautomart.com/,Auto Dealership,"AI Automation ICP, Auto Dealership",Google Places,Kerrville TX
Texas Trucks,"2712 Memorial Blvd, Kerrville, TX 78028, USA",Kerrville,TX,+18302572114,https://www.texastruckskerrville.com/,Auto Dealership,"AI Automation ICP, Auto Dealership",Google Places,Kerrville TX
GLH Auto Group,"2850 Junction Hwy, Kerrville, TX 78028, USA",Kerrville,TX,+18303673414,http://glhautogroup.com/,Auto Dealership,"AI Automation ICP, Auto Dealership",Google Places,Kerrville TX
Crenwelge Motor Sales,"815 W Main St, Fredericksburg, TX 78624, USA",Kerrville,TX,+18309974331,https://www.crenwelgemotor.com/?utm_source=GMBListing&utm_medium=organic&utm_campaign=googlebusinessprofile,Auto Dealership,"AI Automation ICP, Auto Dealership",Google Places,Kerrville TX
Kerr Cars,"1462 Junction Hwy, Kerrville, TX 78028, USA",Kerrville,TX,+18302570014,,Auto Dealership,"AI Automation ICP, Auto Dealership",Google Places,Kerrville TX
Fredericksburg Chevrolet GMC,"1225 S State Hwy 16, Fredericksburg, TX 78624, USA",Kerrville,TX,+18303461309,https://www.chevroletoffredericksburg.com/?utm_source=google&utm_medium=organic&utm_campaign=GBP,Auto Dealership,"AI Automation ICP, Auto Dealership",Google Places,Kerrville TX
JCP Autos LLC,"228 W Main St, Kerrville, TX 78028, USA",Kerrville,TX,+18309282020,,Auto Dealership,"AI Automation ICP, Auto Dealership",Google Places,Kerrville TX
Kern’s Auto Sales,"213 W Main St, Kerrville, TX 78028, USA",Kerrville,TX,+18303155376,,Auto Dealership,"AI Automation ICP, Auto Dealership",Google Places,Kerrville TX
MacDonald Companies,"1515 Knapp Rd, Kerrville, TX 78028, USA",Kerrville,TX,+18302575323,http://www.macdonald-companies.com/,Property Management,"AI Automation ICP, Property Management",Google Places,Kerrville TX
The Hills Property Management Group,"842-D Sidney Baker St, Kerrville, TX 78028, USA",Kerrville,TX,+18303150021,https://www.thehillspropertymanagementgroup.com/,Property Management,"AI Automation ICP, Property Management",Google Places,Kerrville TX
Wilson Asset Management Inc,"231 Earl Garrett St Ste 300, Kerrville, TX 78028, USA",Kerrville,TX,+18307924200,http://www.kerrvillerentals.com/,Property Management,"AI Automation ICP, Property Management",Google Places,Kerrville TX
Well-Tended Life Properties,"201 Starkey St, Kerrville, TX 78028, USA",Kerrville,TX,+18303437259,http://www.welltendedlifeproperties.com/,Property Management,"AI Automation ICP, Property Management",Google Places,Kerrville TX
"L. Duff Enterprises, Inc.","301 La Casa Dr, Kerrville, TX 78028, USA",Kerrville,TX,+18302572454,https://ldeinc.managebuilding.com/Resident/public/home,Property Management,"AI Automation ICP, Property Management",Google Places,Kerrville TX
Hill Country Property Solutions,"526 Lehmann Dr, Kerrville, TX 78028, USA",Kerrville,TX,+19202645324,,Property Management,"AI Automation ICP, Property Management",Google Places,Kerrville TX
Green Tech Investments LLP,"244 Cully Dr #290347, Kerrville, TX 78029, USA",Kerrville,TX,+18888492041,http://greentechinvestments.biz/,Property Management,"AI Automation ICP, Property Management",Google Places,Kerrville TX
Dwell Well,"280 Thompson Dr, Kerrville, TX 78028, USA",Kerrville,TX,+18303777056,http://dwellwellexperience.com/,Property Management,"AI Automation ICP, Property Management",Google Places,Kerrville TX
Taylor Properties,"518 Junction Hwy, Kerrville, TX 78028, USA",Kerrville,TX,+18302570155,https://www.billytaylorproperties.com/featured-listings,Property Management,"AI Automation ICP, Property Management",Google Places,Kerrville TX
"The Hills Property Management Group, REALTOR","605 Llano St, Fredericksburg, TX 78624, USA",Kerrville,TX,+18309977564,https://www.fbgrentals.com/,Property Management,"AI Automation ICP, Property Management",Google Places,Kerrville TX
PURE Property Management of Texas,"13915 Burnet Rd #400, Austin, TX 78728, USA",Kerrville,TX,+15124393600,https://tx.purepm.co/,Property Management,"AI Automation ICP, Property Management",Google Places,Kerrville TX
JR Rentals And Property Management,"1450 Parnell St, Copperas Cove, TX 76522, USA",Kerrville,TX,+12545479994,https://forthoodrentalproperties.com/?utm_source=omg-gbp&utm_medium=webclick,Property Management,"AI Automation ICP, Property Management",Google Places,Kerrville TX
Fore Premier Properties,"1602 TX-39, Hunt, TX 78024, USA",Kerrville,TX,+18302383000,https://www.forepremierproperties.com/,Property Management,"AI Automation ICP, Property Management",Google Places,Kerrville TX
Structured Elements Marketing,"307 N Main St, Pleasanton, TX 78064, USA",Pleasanton,TX,+12107574701,https://www.structured-elements.com/,Marketing Agency,"AI Automation ICP, Marketing Agency",Google Places,Pleasanton TX
Watson Branding + Marketing,"300 Davis St Ste 16, McKinney, TX 75069, USA",Pleasanton,TX,+14697934941,http://www.watsoncrafted.com/,Marketing Agency,"AI Automation ICP, Marketing Agency",Google Places,Pleasanton TX
Kinetic Curve Marketing Agency,"291 S Preston Rd Ste 440, Prosper, TX 75078, USA",Pleasanton,TX,+14697310329,https://www.kineticcurve.com/,Marketing Agency,"AI Automation ICP, Marketing Agency",Google Places,Pleasanton TX
Cen-Tex Marketing,"16 E Avenue A Ste 208, Temple, TX 76501, USA",Pleasanton,TX,+12545003770,https://centexmarketing.com/,Marketing Agency,"AI Automation ICP, Marketing Agency",Google Places,Pleasanton TX
MacDaddy Prints,"1504 2nd St, Pleasanton, TX 78064, USA",Pleasanton,TX,+18305695055,http://facebook.com/macdaddyprints,Marketing Agency,"AI Automation ICP, Marketing Agency",Google Places,Pleasanton TX
"Century Graphics & Sign, Inc.","206 S Main St, Pleasanton, TX 78064, USA",Pleasanton,TX,+18302819020,https://www.centurygs.com/,Marketing Agency,"AI Automation ICP, Marketing Agency",Google Places,Pleasanton TX
Hallaron Advertising Agency,"2001 Timberloch Pl #500, The Woodlands, TX 77380, USA",Pleasanton,TX,+12812990538,https://hallaron.com/,Marketing Agency,"AI Automation ICP, Marketing Agency",Google Places,Pleasanton TX
Triforce Digital Marketing,"100 N Central Expy Ste 539, Richardson, TX 75080, USA",Pleasanton,TX,+14699981337,https://triforce.io/,Marketing Agency,"AI Automation ICP, Marketing Agency",Google Places,Pleasanton TX
Click4Corp Digital Marketing Agency,"115 Richardson Ct, Allen, TX 75002, USA",Pleasanton,TX,+14694414678,https://www.click4corp.com/,Marketing Agency,"AI Automation ICP, Marketing Agency",Google Places,Pleasanton TX
Reliable Staffing,"710 2nd St Suite 101, Pleasanton, TX 78064, USA",Pleasanton,TX,+18305225406,http://www.reliablestaffing.com/pleasanton,Marketing Agency,"AI Automation ICP, Marketing Agency",Google Places,Pleasanton TX
"Texas Stitchworx, LLC","416 W Oaklawn Rd Ste. B, Pleasanton, TX 78064, USA",Pleasanton,TX,+18305698828,http://www.texasstitchworx.com/,Marketing Agency,"AI Automation ICP, Marketing Agency",Google Places,Pleasanton TX
Mikel Allen Designs,"1020 Oakridge Dr, Pleasanton, TX 78064, USA",Pleasanton,TX,+12104545975,http://www.mikelallendesigns.com/,Marketing Agency,"AI Automation ICP, Marketing Agency",Google Places,Pleasanton TX
The Happy Dudes,"2132 2nd St, Pleasanton, TX 78064, USA",Pleasanton,TX,,http://thehappydudes.com/,Marketing Agency,"AI Automation ICP, Marketing Agency",Google Places,Pleasanton TX
Texoma Marketing Solutions,"1800 Teague Dr Ste 522, Sherman, TX 75090, USA",Pleasanton,TX,+14697900543,https://www.texomamarketing.com/,Marketing Agency,"AI Automation ICP, Marketing Agency",Google Places,Pleasanton TX
Fort Worth Dental,"4620 Citylake Blvd W, Fort Worth, TX 76132, USA",Fort Worth,TX,+18175928763,https://fortworthdental.com/,Dental,"AI Automation ICP, Dental",Google Places,Fort Worth TX
Fort Dental,"4000 Bryant Irvin Rd, Fort Worth, TX 76109, USA",Fort Worth,TX,+18172925957,https://www.fortdentaltx.com/,Dental,"AI Automation ICP, Dental",Google Places,Fort Worth TX
Fort Worth Cosmetic & Family Dentistry,"5720 Locke Ave, Fort Worth, TX 76107, USA",Fort Worth,TX,+18177376601,https://www.ngreendental.com/,Dental,"AI Automation ICP, Dental",Google Places,Fort Worth TX
Affordable Dentist Near Me of Fort Worth,"6426 Meadowbrook Dr, Fort Worth, TX 76112, USA",Fort Worth,TX,+18174962343,https://affordabledentistnearme.com/locations/fort-worth/?utm_source=yext&utm_medium=listings,Dental,"AI Automation ICP, Dental",Google Places,Fort Worth TX
Smile Fort Worth,"2900 S Hulen St #30, Fort Worth, TX 76109, USA",Fort Worth,TX,+18177326622,https://smilefortworth.com/,Dental,"AI Automation ICP, Dental",Google Places,Fort Worth TX
Fort Worth Dentist,"1612 Pennsylvania Ave, Fort Worth, TX 76104, USA",Fort Worth,TX,+18179261300,https://www.fortworthdentist.com/?utm_source=google&utm_medium=google_business_profile&utm_campaign=website_click,Dental,"AI Automation ICP, Dental",Google Places,Fort Worth TX
MINT dentistry | Fort Worth Horne,"2700 Horne St Ste 120, Fort Worth, TX 76107, USA",Fort Worth,TX,+18173102024,https://mintdentistry.com/dentist/dfw/ft-worth,Dental,"AI Automation ICP, Dental",Google Places,Fort Worth TX
Prestige Dental of Fort Worth,"9112 Camp Bowie W Blvd #135, Fort Worth, TX 76116, USA",Fort Worth,TX,+18172590671,https://prestigedentalfortworth.com/,Dental,"AI Automation ICP, Dental",Google Places,Fort Worth TX
Freedom Family Dental - Fort Worth,"2401 Heritage Trace Pkwy #121, Fort Worth, TX 76177, USA",Fort Worth,TX,+18172106062,https://www.freedomfamilydental.com/location-dentist-fort-worth-tx/,Dental,"AI Automation ICP, Dental",Google Places,Fort Worth TX
Emergency Dental Care USA,"4224 Heritage Trace Pkwy Ste 304, Fort Worth, TX 76244, USA",Fort Worth,TX,+18175005733,https://www.emergencydental.com/fort-worth/,Dental,"AI Automation ICP, Dental",Google Places,Fort Worth TX
Alegre Dental of Fort Worth,"4858 South Fwy, Fort Worth, TX 76115, USA",Fort Worth,TX,+18179275800,http://alegredentaldfw.com/,Dental,"AI Automation ICP, Dental",Google Places,Fort Worth TX
Rodeo Dental & Orthodontics of Fort Worth,"3204 N Main St #120, Fort Worth, TX 76106, USA",Fort Worth,TX,+18173805574,https://www.rodeodental.com/locations/fortworth-tx?utm_source=gmb&utm_medium=organic&utm_campaign=fortworth-tx&y_source=1_MTA5NzI5MDA1Ni03MTUtbG9jYXRpb24ud2Vic2l0ZQ%3D%3D,Dental,"AI Automation ICP, Dental",Google Places,Fort Worth TX
"Monarch Dental & Orthodontics - Fort Worth, TX","1900 Mall Cir, Fort Worth, TX 76116, USA",Fort Worth,TX,+18173772228,https://www.monarchdental.com/dental-office/fort-worth-dentist/30240/?utm_source=generic&utm_medium=profiles&utm_campaign=local_profiles,Dental,"AI Automation ICP, Dental",Google Places,Fort Worth TX
Jefferson Dental & Orthodontics - Fort Worth Dentist,"2800 8th Ave, Fort Worth, TX 76110, USA",Fort Worth,TX,+18179049162,https://www.jeffersondentalclinics.com/locations/clinic/west-berry/?utm_source=organic&utm_medium=gmb29-TF,Dental,"AI Automation ICP, Dental",Google Places,Fort Worth TX
Cowtown Dental,"4930 Camp Bowie Blvd, Fort Worth, TX 76107, USA",Fort Worth,TX,+18177354555,https://www.cowtowndental.com/?utm_source=GMB&utm_medium=organic&utm_campaign=DevOptimization&utm_content=Website,Dental,"AI Automation ICP, Dental",Google Places,Fort Worth TX
Smile Muse Spa,"609 Hemphill St #102, Fort Worth, TX 76104, USA",Fort Worth,TX,+12146997451,https://smilemusespa.com/,Dental,"AI Automation ICP, Dental",Google Places,Fort Worth TX
8th Avenue Dental,"2717 8th Ave, Fort Worth, TX 76110, USA",Fort Worth,TX,+18179455270,https://www.8thavenuedental.com/,Dental,"AI Automation ICP, Dental",Google Places,Fort Worth TX
Titanium Dental of Fort Worth,"2700 Western Center Blvd #128, Fort Worth, TX 76131, USA",Fort Worth,TX,+18173679333,https://dentistfwtx.com/,Dental,"AI Automation ICP, Dental",Google Places,Fort Worth TX
7 Day Dental,"2246 Jacksboro Hwy #112, Fort Worth, TX 76114, USA",Fort Worth,TX,+18175291799,http://www.7daydentalcenter.com/,Dental,"AI Automation ICP, Dental",Google Places,Fort Worth TX
Fort Worth Dental Arts,"2421 W 7th St #103, Fort Worth, TX 76107, USA",Fort Worth,TX,+18175291600,http://fwdentalarts.com/,Dental,"AI Automation ICP, Dental",Google Places,Fort Worth TX
Express Employment Professionals,"5449 Bear Ln #424, Corpus Christi, TX 78405, USA",Corpus Christi,TX,+13618552900,https://www.expresspros.com/us-texas-corpus-christi,Staffing / HR,"AI Automation ICP, Staffing / HR",Google Places,Corpus Christi TX
All Temps Personnel Services,"321 Texan Trail Ste 100, Corpus Christi, TX 78411, USA",Corpus Christi,TX,+13618088367,http://www.alltempspersonnel.com/,Staffing / HR,"AI Automation ICP, Staffing / HR",Google Places,Corpus Christi TX
"Sterling Personnel, Inc.","3833 S Staples St #103, Corpus Christi, TX 78411, USA",Corpus Christi,TX,+13618545151,http://www.sterlinghires.com/,Staffing / HR,"AI Automation ICP, Staffing / HR",Google Places,Corpus Christi TX
Unique Employment,"4646 Corona Dr Ste 100, Corpus Christi, TX 78411, USA",Corpus Christi,TX,+13618526392,https://www.uniqueemployment.com/,Staffing / HR,"AI Automation ICP, Staffing / HR",Google Places,Corpus Christi TX
Reliable Staffing,"5350 S Staples St Ste 345 C, Corpus Christi, TX 78411, USA",Corpus Christi,TX,+13618085050,http://reliablestaffing.com/corpuschristi,Staffing / HR,"AI Automation ICP, Staffing / HR",Google Places,Corpus Christi TX
Snelling Staffing of Corpus Christi,"4455 S Padre Island Dr Ste 121, Corpus Christi, TX 78411, USA",Corpus Christi,TX,+13618830200,https://corpuschristi.snelling.com/,Staffing / HR,"AI Automation ICP, Staffing / HR",Google Places,Corpus Christi TX
Labor Finders Corpus Christi,"4701 Ayers St, Corpus Christi, TX 78415, USA",Corpus Christi,TX,+13618547733,https://www.laborfinders.com/locations/tx/corpus-christi/21-22/,Staffing / HR,"AI Automation ICP, Staffing / HR",Google Places,Corpus Christi TX
AtWork Personnel,"4466 S Staples St, Corpus Christi, TX 78411, USA",Corpus Christi,TX,+13614004375,http://atwork.com/corpus-christi,Staffing / HR,"AI Automation ICP, Staffing / HR",Google Places,Corpus Christi TX
LaborMax Staffing - Corpus Christi (Anytime Labor - San Antonio LLC),"6410 Weber Rd Ste 17, Corpus Christi, TX 78413, USA",Corpus Christi,TX,+13614521720,http://www.labormax.net/,Staffing / HR,"AI Automation ICP, Staffing / HR",Google Places,Corpus Christi TX
Remedy Intelligent Staffing,"4444 Corona Dr Suite 230, Corpus Christi, TX 78411, USA",Corpus Christi,TX,+13618144660,https://www.remedystaffing.com/locations/corpus-christi-tx/67176-6108?utm_campaign=remedy_Branch_Listings_67176_nonpaid_3499&utm_medium=web_listing&utm_source=google,Staffing / HR,"AI Automation ICP, Staffing / HR",Google Places,Corpus Christi TX
PeopleReady,"2701 Morgan Ave #600, Corpus Christi, TX 78405, USA",Corpus Christi,TX,+13618848468,https://www.peopleready.com/location/corpus-christi-tx-1196/?utm_source=source_google_business&utm_medium=organic&utm_campaign=yext&utm_content=CorpusChristi_TX_1196,Staffing / HR,"AI Automation ICP, Staffing / HR",Google Places,Corpus Christi TX
L K Jordan & Associates,"400 Mann St Ste 410, Corpus Christi, TX 78401, USA",Corpus Christi,TX,+13618149700,https://www.lkjordan.com/,Staffing / HR,"AI Automation ICP, Staffing / HR",Google Places,Corpus Christi TX
Focus1 Staffing,"5151 Flynn Pkwy Ste 203, Corpus Christi, TX 78411, USA",Corpus Christi,TX,+13618837300,http://www.focus1staffing.com/,Staffing / HR,"AI Automation ICP, Staffing / HR",Google Places,Corpus Christi TX
Magnum Staffing Services,"451 Saratoga Blvd, Corpus Christi, TX 78417, USA",Corpus Christi,TX,+13615370150,https://www.magnumstaffing.com/,Staffing / HR,"AI Automation ICP, Staffing / HR",Google Places,Corpus Christi TX
SERCO of Texas,"555 N Carancahua St, Corpus Christi, TX 78401, USA",Corpus Christi,TX,+13619037888,http://www.sercooftexas.com/contact,Staffing / HR,"AI Automation ICP, Staffing / HR",Google Places,Corpus Christi TX
Work Source-The Coastal Bend,"520 N Staples St, Corpus Christi, TX 78401, USA",Corpus Christi,TX,+13618827491,,Staffing / HR,"AI Automation ICP, Staffing / HR",Google Places,Corpus Christi TX
Recana Staffing Solutions,"3759 Leopard St, Corpus Christi, TX 78408, USA",Corpus Christi,TX,+13614520974,,Staffing / HR,"AI Automation ICP, Staffing / HR",Google Places,Corpus Christi TX
