First Name,Last Name,Email,Phone,Company Name,City,State,Website,Tags,Source,ICP Category,Contact Title,Review Count,Rating
Mayda,Saltzman,mayda@jhplumbingcorporation.com,+12102746497,JH Plumbing,Boerne,TX,,"Digital Desert, Review Automation Target, Lead Gen Target, 11-25 Reviews, Home Services / Plumbing",Google Places,Home Services / Plumbing,Office Manager,15,4.7
,,,+12104148695,Snyder electric,Boerne,TX,,"Digital Desert, Review Automation Target, Lead Gen Target, 11-25 Reviews, Home Services / Electrical",Google Places,Home Services / Electrical,,13,5
,,,+18304072837,Climate Care Air Conditioning and Heating,Boerne,TX,,"Digital Desert, Review Automation Target, Lead Gen Target, 11-25 Reviews, Home Services / HVAC",Google Places,Home Services / HVAC,,17,5
,,,+12108828802,"Nations Air, LLC",Boerne,TX,https://nationsairtx.com/,"Digital Desert, Review Automation Target, Lead Gen Target, 1-5 Reviews, Home Services / HVAC",Google Places,Home Services / HVAC,,1,5
,,,+18308168230,Quality Roofing - Boerne,Boerne,TX,,"Digital Desert, Review Automation Target, Lead Gen Target, 11-25 Reviews, Home Services / Roofing",Google Places,Home Services / Roofing,,15,2.7
,,,+12108272060,HBT Construction LLC,Boerne,TX,,"Digital Desert, Review Automation Target, Lead Gen Target, 6-10 Reviews, Home Services / Roofing",Google Places,Home Services / Roofing,,10,4.9
,,,+12107777441,Boerne Painting LLC,Boerne,TX,,"Digital Desert, Review Automation Target, Lead Gen Target, 1-5 Reviews, Home Services / Painting",Google Places,Home Services / Painting,,2,5
,,,+18303882575,Mejiapainting,Boerne,TX,,"Digital Desert, Review Automation Target, Lead Gen Target, 1-5 Reviews, Home Services / Painting",Google Places,Home Services / Painting,,5,5
,,,+18302492960,Boerne Pest Control,Boerne,TX,,"Digital Desert, Review Automation Target, Lead Gen Target, 11-25 Reviews, Home Services / Pest Control",Google Places,Home Services / Pest Control,,16,4.6
,,,+12103264523,Central Texas Fence Inc,Boerne,TX,,"Digital Desert, Review Automation Target, Lead Gen Target, 1-5 Reviews, Home Services / Fencing",Google Places,Home Services / Fencing,,4,5
,,,+12103875827,TEXAS PRIDE Fenceline & Roadside,Boerne,TX,https://www.facebook.com/texasprideflrs/,"Digital Desert, Review Automation Target, Lead Gen Target, 1-5 Reviews, Home Services / Fencing",Google Places,Home Services / Fencing,,3,4
,,,,Shock & Ahhh Pool Service,Boerne,TX,,"Digital Desert, Review Automation Target, Lead Gen Target, 1-5 Reviews, Home Services / Pool",Google Places,Home Services / Pool,,3,3.7
,,,+12105561486,Dive In Pool Services,Boerne,TX,http://www.diveinpooltx.com/,"Digital Desert, Review Automation Target, Lead Gen Target, 11-25 Reviews, Home Services / Pool",Google Places,Home Services / Pool,,19,4.8
,,,+12104818467,Preferred Appliance Repair,Boerne,TX,,"Digital Desert, Review Automation Target, Lead Gen Target, 11-25 Reviews, Home Services / Appliance Repair",Google Places,Home Services / Appliance Repair,,13,4.2
,,,+12107087269,Vitality Massage,Boerne,TX,https://vitalitymassagetx.com/,"Digital Desert, Review Automation Target, Lead Gen Target, 11-25 Reviews, Beauty / Massage",Google Places,Beauty / Massage,,12,4.7
,,,+12104449497,Angela massage,Boerne,TX,,"Digital Desert, Review Automation Target, Lead Gen Target, 6-10 Reviews, Beauty / Massage",Google Places,Beauty / Massage,,6,5
,,,+13196948105,Massage by Julia,Boerne,TX,,"Digital Desert, Review Automation Target, Lead Gen Target, 0 Reviews - Highest Priority, Beauty / Massage",Google Places,Beauty / Massage,,0,
,,,+18303753333,Honey Layne Salon & Spa,Boerne,TX,http://honeylaynesalonbtx.com/,"Digital Desert, Review Automation Target, Lead Gen Target, 6-10 Reviews, Beauty / Salon",Google Places,Beauty / Salon,,9,5
,,,+12103945711,Eye Love Brows and Lashes LLC,Boerne,TX,,"Digital Desert, Review Automation Target, Lead Gen Target, 0 Reviews - Highest Priority, Beauty / Lash Studio",Google Places,Beauty / Lash Studio,,0,
,,,,Car wash,Boerne,TX,,"Digital Desert, Review Automation Target, Lead Gen Target, 1-5 Reviews, Auto Services / Car Wash",Google Places,Auto Services / Car Wash,,1,5
,,,+12103347631,Mata's Concepts,Boerne,TX,,"Digital Desert, Review Automation Target, Lead Gen Target, 11-25 Reviews, Auto Services / Body Shop",Google Places,Auto Services / Body Shop,,13,5
,,,,Mexican Food Truck,Boerne,TX,,"Digital Desert, Review Automation Target, Lead Gen Target, 6-10 Reviews, Food & Beverage / Food Truck",Google Places,Food & Beverage / Food Truck,,6,5
,,,+17262209598,Mi Paisano #2,Boerne,TX,https://mipaisanotx.com/,"Digital Desert, Review Automation Target, Lead Gen Target, 11-25 Reviews, Food & Beverage / Food Truck",Google Places,Food & Beverage / Food Truck,,25,4.8
,,,+12102182026,The Pavilion Food Park & Event Center,Boerne,TX,,"Digital Desert, Review Automation Target, Lead Gen Target, 1-5 Reviews, Food & Beverage / Food Truck",Google Places,Food & Beverage / Food Truck,,1,5
,,,+12105523235,Fugusushi SA,Boerne,TX,,"Digital Desert, Review Automation Target, Lead Gen Target, 11-25 Reviews, Food & Beverage / Food Truck",Google Places,Food & Beverage / Food Truck,,24,4.2
,,,+18304314986,GT Food Truck,Boerne,TX,,"Digital Desert, Review Automation Target, Lead Gen Target, 1-5 Reviews, Food & Beverage / Food Truck",Google Places,Food & Beverage / Food Truck,,5,4.2
,,,,Oven Lovin' Bakehouse,Boerne,TX,,"Digital Desert, Review Automation Target, Lead Gen Target, 1-5 Reviews, Food & Beverage / Bakery",Google Places,Food & Beverage / Bakery,,1,5
,,,+18309299555,Cakes Aweigh,Boerne,TX,,"Digital Desert, Review Automation Target, Lead Gen Target, 11-25 Reviews, Food & Beverage / Bakery",Google Places,Food & Beverage / Bakery,,25,4.7
,,,+12102942769,Tacos Losoya's Express,Boerne,TX,,"Digital Desert, Review Automation Target, Lead Gen Target, 11-25 Reviews, Food & Beverage / Restaurant",Google Places,Food & Beverage / Restaurant,,14,4.7
,,,,Mi Casa Tamales,Boerne,TX,,"Digital Desert, Review Automation Target, Lead Gen Target, 0 Reviews - Highest Priority, Food & Beverage / Tamales",Google Places,Food & Beverage / Tamales,,0,
,,,+12108444129,Topp's Plumbing Co LLC,Schertz,TX,,"Digital Desert, Review Automation Target, Lead Gen Target, 11-25 Reviews, Home Services / Plumbing",Google Places,Home Services / Plumbing,,18,4.3
,,,+12106618241,"Gerard Electric, LLC",Schertz,TX,,"Digital Desert, Review Automation Target, Lead Gen Target, 11-25 Reviews, Home Services / Electrical",Google Places,Home Services / Electrical,,15,4.9
,,,+18064591314,J G Electric Co,Schertz,TX,,"Digital Desert, Review Automation Target, Lead Gen Target, 1-5 Reviews, Home Services / Electrical",Google Places,Home Services / Electrical,,3,3.7
,,,+12102326722,CURTISERVICE,Schertz,TX,,"Digital Desert, Review Automation Target, Lead Gen Target, 1-5 Reviews, Home Services / HVAC",Google Places,Home Services / HVAC,,4,5
,,,+12104459640,Alpine Painting & Home Maintenance,Schertz,TX,,"Digital Desert, Review Automation Target, Lead Gen Target, 1-5 Reviews, Home Services / Painting",Google Places,Home Services / Painting,,5,5
,,,+18302882453,Terminix,Schertz,TX,https://www.terminix.com/exterminators/tx/cibolo-240652/?utm_source=gmb-listing&utm_medium=organic&utm_campaign=satellite_240652&utm_term=cibolo,"Digital Desert, Review Automation Target, Lead Gen Target, 11-25 Reviews, Home Services / Pest Control",Google Places,Home Services / Pest Control,,21,5
,,,+18309298848,Pure Pools,Schertz,TX,http://purepoolstx.com/,"Digital Desert, Review Automation Target, Lead Gen Target, 11-25 Reviews, Home Services / Pool",Google Places,Home Services / Pool,,16,5
,,,+12102544212,AquaTex Pool Solutions,Schertz,TX,,"Digital Desert, Review Automation Target, Lead Gen Target, 6-10 Reviews, Home Services / Pool",Google Places,Home Services / Pool,,10,5
,,,+18305900280,Schertz Appliance Repair Technologies,Schertz,TX,,"Digital Desert, Review Automation Target, Lead Gen Target, 1-5 Reviews, Home Services / Appliance Repair",Google Places,Home Services / Appliance Repair,,1,5
,,,+12105515624,Garay Gutters,Schertz,TX,,"Digital Desert, Review Automation Target, Lead Gen Target, 1-5 Reviews, Home Services / Gutters",Google Places,Home Services / Gutters,,5,5
,,,+12103066418,Hector's Seamless Rain Gutters,Schertz,TX,,"Digital Desert, Review Automation Target, Lead Gen Target, 6-10 Reviews, Home Services / Gutters",Google Places,Home Services / Gutters,,6,4.3
,,,+17263361299,ClearStream Gutter Cleaning,Schertz,TX,,"Digital Desert, Review Automation Target, Lead Gen Target, 0 Reviews - Highest Priority, Home Services / Gutters",Google Places,Home Services / Gutters,,0,
,,,+19158200329,Studio 33 Salon,Schertz,TX,https://www.facebook.com/profile.php?id=61551535713780,"Digital Desert, Review Automation Target, Lead Gen Target, 11-25 Reviews, Beauty / Hair Salon",Google Places,Beauty / Hair Salon,,16,5
,,,+12106594290,City of Hair,Schertz,TX,https://www.facebook.com/Cityofhairschertz/,"Digital Desert, Review Automation Target, Lead Gen Target, 11-25 Reviews, Beauty / Hair Salon",Google Places,Beauty / Hair Salon,,17,4.3
,,,+12103147668,Rustic Roots Salon,Schertz,TX,,"Digital Desert, Review Automation Target, Lead Gen Target, 11-25 Reviews, Beauty / Hair Salon",Google Places,Beauty / Hair Salon,,23,5
,,,+12102338536,Deedz Cutz Barber & Beauty,Schertz,TX,,"Digital Desert, Review Automation Target, Lead Gen Target, 11-25 Reviews, Beauty / Barber",Google Places,Beauty / Barber,,24,5
,,,+17262103320,Zaza Nail & Spa,Schertz,TX,,"Digital Desert, Review Automation Target, Lead Gen Target, 11-25 Reviews, Beauty / Nail Salon",Google Places,Beauty / Nail Salon,,15,5
,,,,VELA NAILS & SPA,Schertz,TX,,"Digital Desert, Review Automation Target, Lead Gen Target, 1-5 Reviews, Beauty / Nail Salon",Google Places,Beauty / Nail Salon,,3,5
,,,+12104469985,Brow Haus TX,Schertz,TX,https://www.browhaustx.com/,"Digital Desert, Review Automation Target, Lead Gen Target, 11-25 Reviews, Beauty / Lash Studio",Google Places,Beauty / Lash Studio,,11,5
,,,+12102558885,Beauty Mark Tattoo Salon & Suites,Schertz,TX,,"Digital Desert, Review Automation Target, Lead Gen Target, 11-25 Reviews, Beauty / Tattoo",Google Places,Beauty / Tattoo,,22,4.6
,,,,San Antonio Rose Tattoo,Schertz,TX,https://www.instagram.com/sanantoniorosetattoo?igsh=MTV2M2xhZDlkYjE0YQ==,"Digital Desert, Review Automation Target, Lead Gen Target, 1-5 Reviews, Beauty / Tattoo",Google Places,Beauty / Tattoo,,1,5
,,,+12102551300,Pan American Tattoo,Schertz,TX,,"Digital Desert, Review Automation Target, Lead Gen Target, 11-25 Reviews, Beauty / Tattoo",Google Places,Beauty / Tattoo,,20,4.5
,,,+12103077900,Ink About It Tattoo Studio,Schertz,TX,,"Digital Desert, Review Automation Target, Lead Gen Target, 11-25 Reviews, Beauty / Tattoo",Google Places,Beauty / Tattoo,,11,5
,,,+12106850314,Lonestar Tire Service,Schertz,TX,,"Digital Desert, Review Automation Target, Lead Gen Target, 11-25 Reviews, Auto Services / Tires",Google Places,Auto Services / Tires,,11,4.5
,,,,CAR WASH,Schertz,TX,,"Digital Desert, Review Automation Target, Lead Gen Target, 1-5 Reviews, Auto Services / Car Wash",Google Places,Auto Services / Car Wash,,3,5
,,,+12106590792,Witek Paint & Body,Schertz,TX,,"Digital Desert, Review Automation Target, Lead Gen Target, 11-25 Reviews, Auto Services / Body Shop",Google Places,Auto Services / Body Shop,,15,4.3
,,,+12105844080,POP's Custom Auto Body Repair And Restoration,Schertz,TX,,"Digital Desert, Review Automation Target, Lead Gen Target, 11-25 Reviews, Auto Services / Body Shop",Google Places,Auto Services / Body Shop,,16,4.9
,,,+18504184733,Jacinda’s Bakery,Schertz,TX,,"Digital Desert, Review Automation Target, Lead Gen Target, 1-5 Reviews, Food & Beverage / Bakery",Google Places,Food & Beverage / Bakery,,1,5
,,,+17133529960,Texan Sourdough Company,Schertz,TX,,"Digital Desert, Review Automation Target, Lead Gen Target, 1-5 Reviews, Food & Beverage / Bakery",Google Places,Food & Beverage / Bakery,,4,5
,,,,The Blended Bakery,Schertz,TX,,"Digital Desert, Review Automation Target, Lead Gen Target, 0 Reviews - Highest Priority, Food & Beverage / Bakery",Google Places,Food & Beverage / Bakery,,0,
,,,+17277094572,"Destiny's Delights- Custom Cakes, Cupcakes, and More",Schertz,TX,http://facebook.com/destinysdelightsmarket,"Digital Desert, Review Automation Target, Lead Gen Target, 11-25 Reviews, Food & Beverage / Bakery",Google Places,Food & Beverage / Bakery,,16,4
,,,,H-E-B Bakery,Schertz,TX,,"Digital Desert, Review Automation Target, Lead Gen Target, 1-5 Reviews, Food & Beverage / Bakery",Google Places,Food & Beverage / Bakery,,1,5
,,,+12109770195,Popcorn Piccadilly Ice Cream,Schertz,TX,,"Digital Desert, Review Automation Target, Lead Gen Target, 6-10 Reviews, Food & Beverage / Ice Cream",Google Places,Food & Beverage / Ice Cream,,7,5
,,,+12102498777,Michoacán Bajo Cero Plus,Schertz,TX,,"Digital Desert, Review Automation Target, Lead Gen Target, 11-25 Reviews, Food & Beverage / Ice Cream",Google Places,Food & Beverage / Ice Cream,,20,5
,,,+18303771726,KD's Janitorial Service LLC | Commercial & Post Construction Cleaning San Antonio TX,Schertz,TX,,"Digital Desert, Review Automation Target, Lead Gen Target, 1-5 Reviews, Cleaning / Commercial",Google Places,Cleaning / Commercial,,1,5
,,,+12103900740,Enviro Clean Carpet Cleaning,Schertz,TX,,"Digital Desert, Review Automation Target, Lead Gen Target, 1-5 Reviews, Cleaning / Carpet",Google Places,Cleaning / Carpet,,4,3
,,,+12108593333,Full Service Landscaping,Schertz,TX,http://fslandscapingtx.com/,"Digital Desert, Review Automation Target, Lead Gen Target, 11-25 Reviews, Landscaping",Google Places,Landscaping,,21,4.7
,,,+12104200983,Y & G Landscaping and Irrigation,Schertz,TX,,"Digital Desert, Review Automation Target, Lead Gen Target, 1-5 Reviews, Landscaping",Google Places,Landscaping,,1,5
,,,+19566430028,Kingdom Turf Company,Schertz,TX,https://business.facebook.com/latest/appointments/appointments_calendar?asset_id=322588677603354,"Digital Desert, Review Automation Target, Lead Gen Target, 6-10 Reviews, Landscaping / Lawn Care",Google Places,Landscaping / Lawn Care,,8,5
,,,,A's Tree Service Schertz .,Schertz,TX,,"Digital Desert, Review Automation Target, Lead Gen Target, 6-10 Reviews, Landscaping / Tree",Google Places,Landscaping / Tree,,7,4.4
,,,+12105661570,Little Cowboys and Tiaras Daycare,Schertz,TX,https://m.facebook.com/littlecowboysandtiaras/,"Digital Desert, Review Automation Target, Lead Gen Target, 11-25 Reviews, Childcare / Daycare",Google Places,Childcare / Daycare,,24,4.2
,,,+12105666130,Choo Choo Xpress Daycare and Learning Center,Schertz,TX,,"Digital Desert, Review Automation Target, Lead Gen Target, 11-25 Reviews, Childcare / Daycare",Google Places,Childcare / Daycare,,22,3.5
,,,+12105766841,PK's Sewing and Alterations,Schertz,TX,,"Digital Desert, Review Automation Target, Lead Gen Target, 6-10 Reviews, Retail / Alterations",Google Places,Retail / Alterations,,6,5
,,,+12108722331,Aguirre Notary Public,Schertz,TX,,"Digital Desert, Review Automation Target, Lead Gen Target, 11-25 Reviews, Professional / Notary",Google Places,Professional / Notary,,22,5
,,,+12109436374,Integrity Notary & Family Support Services,Schertz,TX,,"Digital Desert, Review Automation Target, Lead Gen Target, 0 Reviews - Highest Priority, Professional / Notary",Google Places,Professional / Notary,,0,
,,,+12105048984,Eleven Hundred Collective Studio,Schertz,TX,http://www.collectivestudiostx.com/,"Digital Desert, Review Automation Target, Lead Gen Target, 11-25 Reviews, Creative / Photography",Google Places,Creative / Photography,,24,4.8
,,,+19562466478,The Booth Studio,Schertz,TX,,"Digital Desert, Review Automation Target, Lead Gen Target, 0 Reviews - Highest Priority, Creative / Photography",Google Places,Creative / Photography,,0,
,,,,Divvee,Schertz,TX,,"Digital Desert, Review Automation Target, Lead Gen Target, 1-5 Reviews, Food & Beverage / Catering",Google Places,Food & Beverage / Catering,,1,5
,,,,Wild Whisk Catering,Schertz,TX,,"Digital Desert, Review Automation Target, Lead Gen Target, 1-5 Reviews, Food & Beverage / Catering",Google Places,Food & Beverage / Catering,,5,4.6
,,,+19073226738,Puppy Bunker LLC,Schertz,TX,,"Digital Desert, Review Automation Target, Lead Gen Target, 11-25 Reviews, Pet Services / Grooming",Google Places,Pet Services / Grooming,,13,5
,,,+12109845552,Urban Barkhaus Dog Grooming,Schertz,TX,,"Digital Desert, Review Automation Target, Lead Gen Target, 6-10 Reviews, Pet Services / Grooming",Google Places,Pet Services / Grooming,,9,5
,,,+12106590914,Cibolo Creek Kennels,Schertz,TX,,"Digital Desert, Review Automation Target, Lead Gen Target, 6-10 Reviews, Pet Services / Boarding",Google Places,Pet Services / Boarding,,6,3.7
Jason,Stewart,jason@stewartplumbin.com,+12106580041,Stewart Plumbing Co.,Converse,TX,,"Digital Desert, Review Automation Target, Lead Gen Target, 11-25 Reviews, Home Services / Plumbing",Google Places,Home Services / Plumbing,Business Owner,17,4.2
,,,+15125727832,Andrew Electrical Services,Converse,TX,,"Digital Desert, Review Automation Target, Lead Gen Target, 11-25 Reviews, Home Services / Electrical",Google Places,Home Services / Electrical,,14,3.9
,,,+12104127354,Stone Oak Quality Painting and flooring,Converse,TX,,"Digital Desert, Review Automation Target, Lead Gen Target, 11-25 Reviews, Home Services / Painting",Google Places,Home Services / Painting,,16,4.4
,,,+12106176476,Leiva painting,Converse,TX,,"Digital Desert, Review Automation Target, Lead Gen Target, 0 Reviews - Highest Priority, Home Services / Painting",Google Places,Home Services / Painting,,0,
,,,+18305343470,Handyman Converse TX,Converse,TX,,"Digital Desert, Review Automation Target, Lead Gen Target, 1-5 Reviews, Home Services / Handyman",Google Places,Home Services / Handyman,,4,4
,,,+12109088422,Converse Appliance Repair,Converse,TX,,"Digital Desert, Review Automation Target, Lead Gen Target, 11-25 Reviews, Home Services / Appliance Repair",Google Places,Home Services / Appliance Repair,,15,5
,,,+18304200699,Conway Appliance Repair Tech,Converse,TX,,"Digital Desert, Review Automation Target, Lead Gen Target, 1-5 Reviews, Home Services / Appliance Repair",Google Places,Home Services / Appliance Repair,,2,5
,,,,MAJESTIC SERVICE APPLIANCE REPAIR LLC,Converse,TX,,"Digital Desert, Review Automation Target, Lead Gen Target, 1-5 Reviews, Home Services / Appliance Repair",Google Places,Home Services / Appliance Repair,,1,5
,,,+18305900455,Universal City Appliance Repair Tech,Converse,TX,,"Digital Desert, Review Automation Target, Lead Gen Target, 1-5 Reviews, Home Services / Appliance Repair",Google Places,Home Services / Appliance Repair,,1,5
,,,+17262559284,San Antonio Appliance Repair Specialists,Converse,TX,,"Digital Desert, Review Automation Target, Lead Gen Target, 1-5 Reviews, Home Services / Appliance Repair",Google Places,Home Services / Appliance Repair,,2,5
,,,+12102044220,Palace Gutters,Converse,TX,,"Digital Desert, Review Automation Target, Lead Gen Target, 0 Reviews - Highest Priority, Home Services / Gutters",Google Places,Home Services / Gutters,,0,
,,,+12103040365,Drevawns Hair Salon 24/7,Converse,TX,,"Digital Desert, Review Automation Target, Lead Gen Target, 6-10 Reviews, Beauty / Hair Salon",Google Places,Beauty / Hair Salon,,7,4.4
,,,+12102486607,Joyous hands Hair Salon,Converse,TX,,"Digital Desert, Review Automation Target, Lead Gen Target, 1-5 Reviews, Beauty / Hair Salon",Google Places,Beauty / Hair Salon,,3,5
,,,+12109126684,BARBERSHOP LUXE,Converse,TX,,"Digital Desert, Review Automation Target, Lead Gen Target, 0 Reviews - Highest Priority, Beauty / Barber",Google Places,Beauty / Barber,,0,
,,,+12103140997,Edwin The Barber,Converse,TX,,"Digital Desert, Review Automation Target, Lead Gen Target, 11-25 Reviews, Beauty / Barber",Google Places,Beauty / Barber,,25,4.7
,,,+12109002464,Healing Hands and Wellness Massage Therapy,Converse,TX,,"Digital Desert, Review Automation Target, Lead Gen Target, 1-5 Reviews, Beauty / Massage",Google Places,Beauty / Massage,,1,5
,,,+12109904173,A Healing Place : Massage Therapy,Converse,TX,http://ahealingplacetx.com/,"Digital Desert, Review Automation Target, Lead Gen Target, 1-5 Reviews, Beauty / Massage",Google Places,Beauty / Massage,,4,5
,,,+12543689122,The Salon Hub,Converse,TX,,"Digital Desert, Review Automation Target, Lead Gen Target, 1-5 Reviews, Beauty / Lash Studio",Google Places,Beauty / Lash Studio,,1,5
,,,+12102777852,CD Auto Service Mechanic On Duty Wheel Alignments,Converse,TX,,"Digital Desert, Review Automation Target, Lead Gen Target, 1-5 Reviews, Auto Services / Repair",Google Places,Auto Services / Repair,,1,5
,,,+12109943301,JB AUTO MOBILE MECHANIC,Converse,TX,,"Digital Desert, Review Automation Target, Lead Gen Target, 11-25 Reviews, Auto Services / Repair",Google Places,Auto Services / Repair,,21,4.1
,,,,SA Car Wash,Converse,TX,,"Digital Desert, Review Automation Target, Lead Gen Target, 11-25 Reviews, Auto Services / Car Wash",Google Places,Auto Services / Car Wash,,18,3.1
,,,+12104209150,Regal Auto Detailing,Converse,TX,,"Digital Desert, Review Automation Target, Lead Gen Target, 6-10 Reviews, Auto Services / Car Wash",Google Places,Auto Services / Car Wash,,8,4.5
,,,,Coopers Car Wash,Converse,TX,,"Digital Desert, Review Automation Target, Lead Gen Target, 1-5 Reviews, Auto Services / Car Wash",Google Places,Auto Services / Car Wash,,1,5
,,,+12103167157,Dona Betty - Food Truck,Converse,TX,,"Digital Desert, Review Automation Target, Lead Gen Target, 1-5 Reviews, Food & Beverage / Food Truck",Google Places,Food & Beverage / Food Truck,,1,5
,,,+12764941837,Flour Power,Converse,TX,https://www.facebook.com/flourpowertexas,"Digital Desert, Review Automation Target, Lead Gen Target, 0 Reviews - Highest Priority, Food & Beverage / Bakery",Google Places,Food & Beverage / Bakery,,0,
,,,,Tommye ANDERSON,Converse,TX,,"Digital Desert, Review Automation Target, Lead Gen Target, 0 Reviews - Highest Priority, Food & Beverage / Ice Cream",Google Places,Food & Beverage / Ice Cream,,0,
,,,+12107213276,Star Cleaning - Cleaning Service,Converse,TX,,"Digital Desert, Review Automation Target, Lead Gen Target, 1-5 Reviews, Cleaning / Residential",Google Places,Cleaning / Residential,,2,5
,,,+12104642723,gscleaningserv,Converse,TX,,"Digital Desert, Review Automation Target, Lead Gen Target, 1-5 Reviews, Cleaning / Commercial",Google Places,Cleaning / Commercial,,2,5
,,,+12104452143,Laura's Cleaning Services,Converse,TX,https://laurascleaningservices-tx.com/,"Digital Desert, Review Automation Target, Lead Gen Target, 11-25 Reviews, Cleaning / Commercial",Google Places,Cleaning / Commercial,,12,5
,,,+12106614040,Cougar Division of Puma Inc,Converse,TX,,"Digital Desert, Review Automation Target, Lead Gen Target, 6-10 Reviews, Cleaning / Pressure Washing",Google Places,Cleaning / Pressure Washing,,6,5
,,,+19795574204,ALR Pressure Washing & Lawn Service,Converse,TX,,"Digital Desert, Review Automation Target, Lead Gen Target, 1-5 Reviews, Cleaning / Pressure Washing",Google Places,Cleaning / Pressure Washing,,1,5
,,,+12106093393,Tactical Yards,Converse,TX,,"Digital Desert, Review Automation Target, Lead Gen Target, 11-25 Reviews, Landscaping / Lawn Care",Google Places,Landscaping / Lawn Care,,12,4.9
,,,+12107225016,Paloma Lawn Care,Converse,TX,,"Digital Desert, Review Automation Target, Lead Gen Target, 1-5 Reviews, Landscaping / Lawn Care",Google Places,Landscaping / Lawn Care,,2,3
,,,+12106858933,Byron Tree Service,Converse,TX,,"Digital Desert, Review Automation Target, Lead Gen Target, 11-25 Reviews, Landscaping / Tree",Google Places,Landscaping / Tree,,12,5
,,,+12106627010,Stepping Stones Learning/Dev. Center,Converse,TX,,"Digital Desert, Review Automation Target, Lead Gen Target, 11-25 Reviews, Childcare / Daycare",Google Places,Childcare / Daycare,,25,4.6
,,,+12102488005,Charmayne's Daycare 2,Converse,TX,,"Digital Desert, Review Automation Target, Lead Gen Target, 1-5 Reviews, Childcare / Daycare",Google Places,Childcare / Daycare,,1,5
,,,+12106587001,Shady Oaks Learning Center,Converse,TX,,"Digital Desert, Review Automation Target, Lead Gen Target, 11-25 Reviews, Childcare / Daycare",Google Places,Childcare / Daycare,,11,4.3
,,,,Cloeys daycare designed by God,Converse,TX,,"Digital Desert, Review Automation Target, Lead Gen Target, 1-5 Reviews, Childcare / Daycare",Google Places,Childcare / Daycare,,4,5
,,,+12107070087,Tiny Disciples At The Center,Converse,TX,,"Digital Desert, Review Automation Target, Lead Gen Target, 0 Reviews - Highest Priority, Childcare / Daycare",Google Places,Childcare / Daycare,,0,
,,,+12105951089,Learn N' Play Clubhouse,Converse,TX,,"Digital Desert, Review Automation Target, Lead Gen Target, 11-25 Reviews, Childcare / Daycare",Google Places,Childcare / Daycare,,24,4.8
,,,+12102489764,Trusting Hands Learning Center,Converse,TX,,"Digital Desert, Review Automation Target, Lead Gen Target, 11-25 Reviews, Childcare / Daycare",Google Places,Childcare / Daycare,,17,5
,,,+12108463636,Self Serve Laundry,Converse,TX,,"Digital Desert, Review Automation Target, Lead Gen Target, 11-25 Reviews, Retail / Laundromat",Google Places,Retail / Laundromat,,15,2.9
,,,+19545580432,Landeros Remote Notary Services,Converse,TX,,"Digital Desert, Review Automation Target, Lead Gen Target, 1-5 Reviews, Professional / Notary",Google Places,Professional / Notary,,2,5
,,,+12105715820,Gp Notary Services,Converse,TX,,"Digital Desert, Review Automation Target, Lead Gen Target, 6-10 Reviews, Professional / Notary",Google Places,Professional / Notary,,8,5
,,,+12104711602,24/7 Sandoval Mobile Notary & Tax Service,Converse,TX,,"Digital Desert, Review Automation Target, Lead Gen Target, 11-25 Reviews, Professional / Notary",Google Places,Professional / Notary,,18,4.6
,,,+12108228688,Vicky's pet salon,Converse,TX,,"Digital Desert, Review Automation Target, Lead Gen Target, 1-5 Reviews, Pet Services / Grooming",Google Places,Pet Services / Grooming,,2,5
,,,+18303932480,Sralla's Electric,Floresville,TX,,"Digital Desert, Review Automation Target, Lead Gen Target, 11-25 Reviews, Home Services / Electrical",Google Places,Home Services / Electrical,,12,3.5
Aaron,Wagner,aaron.wagner@felps.us,+18303937202,Floresville Electric Light,Floresville,TX,,"Digital Desert, Review Automation Target, Lead Gen Target, 6-10 Reviews, Home Services / Electrical",Google Places,Home Services / Electrical,Chief Executive Officer,6,4.7
,,,,Floresville Electric Light & Power System,Floresville,TX,,"Digital Desert, Review Automation Target, Lead Gen Target, 0 Reviews - Highest Priority, Home Services / Electrical",Google Places,Home Services / Electrical,,0,
,,,+18302162429,Bryan Air Conditioning & Heating,Floresville,TX,,"Digital Desert, Review Automation Target, Lead Gen Target, 6-10 Reviews, Home Services / HVAC",Google Places,Home Services / HVAC,,10,4.3
,,,+12107272009,Air Pioneer Refrigeration and Air Conditioning,Floresville,TX,https://www.facebook.com/airpioneerNB,"Digital Desert, Review Automation Target, Lead Gen Target, 1-5 Reviews, Home Services / HVAC",Google Places,Home Services / HVAC,,3,5
,,,+18304806333,DIAMOND SAK LLC,Floresville,TX,,"Digital Desert, Review Automation Target, Lead Gen Target, 11-25 Reviews, Home Services / HVAC",Google Places,Home Services / HVAC,,17,5
,,,+18303934700,Tommy Johnson Air Conditioning,Floresville,TX,,"Digital Desert, Review Automation Target, Lead Gen Target, 1-5 Reviews, Home Services / HVAC",Google Places,Home Services / HVAC,,4,5
,,,+12103927099,Orona Roofing and Remodeling,Floresville,TX,,"Digital Desert, Review Automation Target, Lead Gen Target, 11-25 Reviews, Home Services / Roofing",Google Places,Home Services / Roofing,,11,5
,,,+12108349769,Chavez & Sons Painting,Floresville,TX,,"Digital Desert, Review Automation Target, Lead Gen Target, 0 Reviews - Highest Priority, Home Services / Painting",Google Places,Home Services / Painting,,0,
,,,+12102371705,Rodriguez Painting & Sons Remodeling,Floresville,TX,https://www.facebook.com/rodriguezpaintingandsons/,"Digital Desert, Review Automation Target, Lead Gen Target, 11-25 Reviews, Home Services / Painting",Google Places,Home Services / Painting,,21,4.7
,,,+12107658479,EIS Nachos Painting,Floresville,TX,,"Digital Desert, Review Automation Target, Lead Gen Target, 0 Reviews - Highest Priority, Home Services / Painting",Google Places,Home Services / Painting,,0,
,,,+18303936964,TEXAS PEST RX,Floresville,TX,https://texaspestrx.com/,"Digital Desert, Review Automation Target, Lead Gen Target, 1-5 Reviews, Home Services / Pest Control",Google Places,Home Services / Pest Control,,3,4
,,,+18302595059,Beasley Pest Control,Floresville,TX,,"Digital Desert, Review Automation Target, Lead Gen Target, 1-5 Reviews, Home Services / Pest Control",Google Places,Home Services / Pest Control,,4,5
,,,+12104137513,Pro-Tech Automatic Gates,Floresville,TX,,"Digital Desert, Review Automation Target, Lead Gen Target, 1-5 Reviews, Home Services / Fencing",Google Places,Home Services / Fencing,,1,5
,,,+18305344464,Asebedo Pools,Floresville,TX,,"Digital Desert, Review Automation Target, Lead Gen Target, 1-5 Reviews, Home Services / Pool",Google Places,Home Services / Pool,,2,5
,,,+12103735597,Hair by Gabriela,Floresville,TX,,"Digital Desert, Review Automation Target, Lead Gen Target, 1-5 Reviews, Beauty / Hair Salon",Google Places,Beauty / Hair Salon,,2,5
,,,+12108383722,HAIR TO DYE FOR by Kae,Floresville,TX,,"Digital Desert, Review Automation Target, Lead Gen Target, 1-5 Reviews, Beauty / Hair Salon",Google Places,Beauty / Hair Salon,,2,5
,,,,XO Beauty Salon,Floresville,TX,,"Digital Desert, Review Automation Target, Lead Gen Target, 11-25 Reviews, Beauty / Hair Salon",Google Places,Beauty / Hair Salon,,13,5
,,,+18302510319,181 Barbershop,Floresville,TX,,"Digital Desert, Review Automation Target, Lead Gen Target, 6-10 Reviews, Beauty / Hair Salon",Google Places,Beauty / Hair Salon,,10,4
,,,+12108448687,Adrianas Beauty Salon,Floresville,TX,,"Digital Desert, Review Automation Target, Lead Gen Target, 1-5 Reviews, Beauty / Hair Salon",Google Places,Beauty / Hair Salon,,4,5
,,,+18303934111,Hair Creations,Floresville,TX,,"Digital Desert, Review Automation Target, Lead Gen Target, 6-10 Reviews, Beauty / Hair Salon",Google Places,Beauty / Hair Salon,,9,4.4
,,,,The Town Barbershop,Floresville,TX,,"Digital Desert, Review Automation Target, Lead Gen Target, 0 Reviews - Highest Priority, Beauty / Barber",Google Places,Beauty / Barber,,0,
,,,,Towns barbershop,Floresville,TX,,"Digital Desert, Review Automation Target, Lead Gen Target, 6-10 Reviews, Beauty / Barber",Google Places,Beauty / Barber,,6,4.5
,,,,Classic Barbershop,Floresville,TX,,"Digital Desert, Review Automation Target, Lead Gen Target, 1-5 Reviews, Beauty / Barber",Google Places,Beauty / Barber,,3,5
,,,+18302510254,Ortiz Barbershop,Floresville,TX,,"Digital Desert, Review Automation Target, Lead Gen Target, 11-25 Reviews, Beauty / Barber",Google Places,Beauty / Barber,,11,4.6
,,,+12103077292,Merlin's Barber & Beauty Shop,Floresville,TX,,"Digital Desert, Review Automation Target, Lead Gen Target, 0 Reviews - Highest Priority, Beauty / Barber",Google Places,Beauty / Barber,,0,
,,,+18305420059,The Nailery,Floresville,TX,,"Digital Desert, Review Automation Target, Lead Gen Target, 11-25 Reviews, Beauty / Nail Salon",Google Places,Beauty / Nail Salon,,21,4.2
,,,+12103863372,Bare Nails,Floresville,TX,,"Digital Desert, Review Automation Target, Lead Gen Target, 1-5 Reviews, Beauty / Nail Salon",Google Places,Beauty / Nail Salon,,2,5
,,,+12107719638,The Art of Nails,Floresville,TX,,"Digital Desert, Review Automation Target, Lead Gen Target, 0 Reviews - Highest Priority, Beauty / Nail Salon",Google Places,Beauty / Nail Salon,,0,
,,,+12102796687,Renee Faifer LMT Massage Therapy,Floresville,TX,,"Digital Desert, Review Automation Target, Lead Gen Target, 0 Reviews - Highest Priority, Beauty / Massage",Google Places,Beauty / Massage,,0,
,,,+18302510599,"Crown of Beauty Wellness, LLC",Floresville,TX,,"Digital Desert, Review Automation Target, Lead Gen Target, 1-5 Reviews, Beauty / Salon",Google Places,Beauty / Salon,,5,5
,,,+18303917384,Serene Ave,Floresville,TX,,"Digital Desert, Review Automation Target, Lead Gen Target, 0 Reviews - Highest Priority, Beauty / Lash Studio",Google Places,Beauty / Lash Studio,,0,
,,,+12107481432,Girlcrush Lash Salon,Floresville,TX,https://www.facebook.com/share/1CUhJKuLKT/?mibextid=wwXIfr,"Digital Desert, Review Automation Target, Lead Gen Target, 11-25 Reviews, Beauty / Lash Studio",Google Places,Beauty / Lash Studio,,13,5
,,,+17012138216,Full Moon Tattoos,Floresville,TX,,"Digital Desert, Review Automation Target, Lead Gen Target, 0 Reviews - Highest Priority, Beauty / Tattoo",Google Places,Beauty / Tattoo,,0,
,,,+18303912238,MACIAS AUTO WORKS,Floresville,TX,,"Digital Desert, Review Automation Target, Lead Gen Target, 11-25 Reviews, Auto Services / Repair",Google Places,Auto Services / Repair,,22,5
,,,+18302164767,Midway Automotive Machine shop,Floresville,TX,,"Digital Desert, Review Automation Target, Lead Gen Target, 11-25 Reviews, Auto Services / Repair",Google Places,Auto Services / Repair,,18,4.7
,,,+12107490743,TX JPS LLC,Floresville,TX,,"Digital Desert, Review Automation Target, Lead Gen Target, 1-5 Reviews, Auto Services / Repair",Google Places,Auto Services / Repair,,1,5
,,,,Garrett Auto Repair,Floresville,TX,,"Digital Desert, Review Automation Target, Lead Gen Target, 6-10 Reviews, Auto Services / Repair",Google Places,Auto Services / Repair,,7,4.9
,,,,Sud daddy car wash floresville,Floresville,TX,,"Digital Desert, Review Automation Target, Lead Gen Target, 1-5 Reviews, Auto Services / Car Wash",Google Places,Auto Services / Car Wash,,1,5
,,,,Floresville Laser Car Wash,Floresville,TX,,"Digital Desert, Review Automation Target, Lead Gen Target, 1-5 Reviews, Auto Services / Car Wash",Google Places,Auto Services / Car Wash,,4,2
,,,,Refuel #318,Floresville,TX,,"Digital Desert, Review Automation Target, Lead Gen Target, 1-5 Reviews, Auto Services / Car Wash",Google Places,Auto Services / Car Wash,,1,5
,,,,Touchless Car Wash,Floresville,TX,,"Digital Desert, Review Automation Target, Lead Gen Target, 1-5 Reviews, Auto Services / Car Wash",Google Places,Auto Services / Car Wash,,3,2.3
,,,,H-E-B Wash,Floresville,TX,,"Digital Desert, Review Automation Target, Lead Gen Target, 1-5 Reviews, Auto Services / Car Wash",Google Places,Auto Services / Car Wash,,1,2
,,,+12107052806,Alfaro Mobile Detailing,Floresville,TX,,"Digital Desert, Review Automation Target, Lead Gen Target, 6-10 Reviews, Auto Services / Car Wash",Google Places,Auto Services / Car Wash,,9,4.2
,,,+18302511907,OCDetailing TX,Floresville,TX,https://www.ocdetailingtx.com/,"Digital Desert, Review Automation Target, Lead Gen Target, 11-25 Reviews, Auto Services / Car Wash",Google Places,Auto Services / Car Wash,,11,5
,,,,Come And Wash It,Floresville,TX,,"Digital Desert, Review Automation Target, Lead Gen Target, 11-25 Reviews, Auto Services / Car Wash",Google Places,Auto Services / Car Wash,,25,3.5
,,,+18302817775,Auto Provisions Group,Floresville,TX,,"Digital Desert, Review Automation Target, Lead Gen Target, 1-5 Reviews, Auto Services / Car Wash",Google Places,Auto Services / Car Wash,,5,5
,,,,Ten/28 Collision Repair & Refinishing,Floresville,TX,,"Digital Desert, Review Automation Target, Lead Gen Target, 1-5 Reviews, Auto Services / Body Shop",Google Places,Auto Services / Body Shop,,3,5
,,,,Bertha's Food truck,Floresville,TX,,"Digital Desert, Review Automation Target, Lead Gen Target, 6-10 Reviews, Food & Beverage / Food Truck",Google Places,Food & Beverage / Food Truck,,6,5
,,,,Elenitas Mexican Food,Floresville,TX,,"Digital Desert, Review Automation Target, Lead Gen Target, 1-5 Reviews, Food & Beverage / Food Truck",Google Places,Food & Beverage / Food Truck,,5,4.6
,,,,Valhalla Acres Farm Stand,Floresville,TX,,"Digital Desert, Review Automation Target, Lead Gen Target, 1-5 Reviews, Food & Beverage / Bakery",Google Places,Food & Beverage / Bakery,,2,5
,,,+12108427291,Scratch sweets by Gerri,Floresville,TX,,"Digital Desert, Review Automation Target, Lead Gen Target, 0 Reviews - Highest Priority, Food & Beverage / Bakery",Google Places,Food & Beverage / Bakery,,0,
,,,,The Kneaded Cupboard,Floresville,TX,,"Digital Desert, Review Automation Target, Lead Gen Target, 11-25 Reviews, Food & Beverage / Bakery",Google Places,Food & Beverage / Bakery,,15,5
,,,+12104719402,The Cozy Crumb,Floresville,TX,,"Digital Desert, Review Automation Target, Lead Gen Target, 0 Reviews - Highest Priority, Food & Beverage / Bakery",Google Places,Food & Beverage / Bakery,,0,
,,,,Bakery,Floresville,TX,,"Digital Desert, Review Automation Target, Lead Gen Target, 0 Reviews - Highest Priority, Food & Beverage / Bakery",Google Places,Food & Beverage / Bakery,,0,
,,,,Bakery,Floresville,TX,,"Digital Desert, Review Automation Target, Lead Gen Target, 0 Reviews - Highest Priority, Food & Beverage / Bakery",Google Places,Food & Beverage / Bakery,,0,
,,,+18302596139,Elite Nutrition,Floresville,TX,,"Digital Desert, Review Automation Target, Lead Gen Target, 11-25 Reviews, Food & Beverage / Bakery",Google Places,Food & Beverage / Bakery,,14,4.6
,,,,Bakery,Floresville,TX,,"Digital Desert, Review Automation Target, Lead Gen Target, 0 Reviews - Highest Priority, Food & Beverage / Bakery",Google Places,Food & Beverage / Bakery,,0,
,,,,Twice The Ice,Floresville,TX,,"Digital Desert, Review Automation Target, Lead Gen Target, 1-5 Reviews, Food & Beverage / Ice Cream",Google Places,Food & Beverage / Ice Cream,,2,5
,,,+18302162288,Floresville Food Mart,Floresville,TX,https://www.facebook.com/profile.php?id=61559799493279,"Digital Desert, Review Automation Target, Lead Gen Target, 11-25 Reviews, Food & Beverage / Ice Cream",Google Places,Food & Beverage / Ice Cream,,12,4.3
,,,+12104342090,Medina's Janitorial Services,Floresville,TX,,"Digital Desert, Review Automation Target, Lead Gen Target, 1-5 Reviews, Cleaning / Commercial",Google Places,Cleaning / Commercial,,3,5
,,,,Mission Cleaners,Floresville,TX,,"Digital Desert, Review Automation Target, Lead Gen Target, 0 Reviews - Highest Priority, Cleaning / Commercial",Google Places,Cleaning / Commercial,,0,
,,,+12106433812,Steam Solutions Carpet Cleaning,Floresville,TX,,"Digital Desert, Review Automation Target, Lead Gen Target, 11-25 Reviews, Cleaning / Carpet",Google Places,Cleaning / Carpet,,21,5
,,,+18303938473,City Dry Cleaning & Laundry,Floresville,TX,,"Digital Desert, Review Automation Target, Lead Gen Target, 11-25 Reviews, Cleaning / Carpet",Google Places,Cleaning / Carpet,,25,4.3
,,,,STX Power Wash,Floresville,TX,,"Digital Desert, Review Automation Target, Lead Gen Target, 1-5 Reviews, Cleaning / Pressure Washing",Google Places,Cleaning / Pressure Washing,,3,5
,,,+12107308445,Acme Pressure Washing Pros,Floresville,TX,https://www.facebook.com/100064198174891/,"Digital Desert, Review Automation Target, Lead Gen Target, 11-25 Reviews, Cleaning / Pressure Washing",Google Places,Cleaning / Pressure Washing,,17,4.8
,,,+17262348842,"Luna landscape and lawn services, LLC",Floresville,TX,,"Digital Desert, Review Automation Target, Lead Gen Target, 1-5 Reviews, Landscaping",Google Places,Landscaping,,3,5
,,,+18303746730,Alvizo lawn Care Services,Floresville,TX,,"Digital Desert, Review Automation Target, Lead Gen Target, 1-5 Reviews, Landscaping / Lawn Care",Google Places,Landscaping / Lawn Care,,1,5
,,,+12107421100,Bullseye Lawn Care,Floresville,TX,,"Digital Desert, Review Automation Target, Lead Gen Target, 1-5 Reviews, Landscaping / Lawn Care",Google Places,Landscaping / Lawn Care,,2,5
,,,,Tree Connection Tree Service Floresville,Floresville,TX,,"Digital Desert, Review Automation Target, Lead Gen Target, 1-5 Reviews, Landscaping / Tree",Google Places,Landscaping / Tree,,3,4.7
,,,+18303914611,Little Playhouse Learning center,Floresville,TX,,"Digital Desert, Review Automation Target, Lead Gen Target, 6-10 Reviews, Childcare / Daycare",Google Places,Childcare / Daycare,,6,4.3
,,,+18303933814,Giggles And Smiles Learning Center,Floresville,TX,https://www.facebook.com/gigglesandsmileslearningcenter/,"Digital Desert, Review Automation Target, Lead Gen Target, 6-10 Reviews, Childcare / Daycare",Google Places,Childcare / Daycare,,6,5
,,,+18302597312,Starlings Darlings Learning Center,Floresville,TX,,"Digital Desert, Review Automation Target, Lead Gen Target, 0 Reviews - Highest Priority, Childcare / Daycare",Google Places,Childcare / Daycare,,0,
,,,+18302512229,Floresville Early Education Academy,Floresville,TX,,"Digital Desert, Review Automation Target, Lead Gen Target, 0 Reviews - Highest Priority, Childcare / Daycare",Google Places,Childcare / Daycare,,0,
,,,+18303933980,Los Ninos Child Care,Floresville,TX,,"Digital Desert, Review Automation Target, Lead Gen Target, 1-5 Reviews, Childcare / Daycare",Google Places,Childcare / Daycare,,4,5
,,,+18303930575,Little Peeps Learning Center,Floresville,TX,,"Digital Desert, Review Automation Target, Lead Gen Target, 1-5 Reviews, Childcare / Daycare",Google Places,Childcare / Daycare,,1,5
,,,+18303210144,"Pirate Academy, LLC",Floresville,TX,,"Digital Desert, Review Automation Target, Lead Gen Target, 1-5 Reviews, Childcare / Daycare",Google Places,Childcare / Daycare,,2,3
,,,+18303936455,Floresville Head Start,Floresville,TX,,"Digital Desert, Review Automation Target, Lead Gen Target, 0 Reviews - Highest Priority, Childcare / Daycare",Google Places,Childcare / Daycare,,0,
,,,+12103330907,Frank's Moving Company,Floresville,TX,,"Digital Desert, Review Automation Target, Lead Gen Target, 11-25 Reviews, Moving & Storage",Google Places,Moving & Storage,,20,4.7
,,,,Lackland AFB Military Alterations/Tailoring,Floresville,TX,,"Digital Desert, Review Automation Target, Lead Gen Target, 1-5 Reviews, Retail / Alterations",Google Places,Retail / Alterations,,1,5
,,,+12109796121,Eunique Dressmaking & Alterations,Floresville,TX,,"Digital Desert, Review Automation Target, Lead Gen Target, 11-25 Reviews, Retail / Alterations",Google Places,Retail / Alterations,,21,4.7
,,,+18305811745,HINOJOSA INS AGENCY,Floresville,TX,,"Digital Desert, Review Automation Target, Lead Gen Target, 1-5 Reviews, Professional / Notary",Google Places,Professional / Notary,,5,4.6
,,,,Ace Bail Bonds,Floresville,TX,,"Digital Desert, Review Automation Target, Lead Gen Target, 1-5 Reviews, Professional / Notary",Google Places,Professional / Notary,,4,5
,,,+12102322230,Joyous 442 Event Planning + Design,Floresville,TX,,"Digital Desert, Review Automation Target, Lead Gen Target, 6-10 Reviews, Food & Beverage / Catering",Google Places,Food & Beverage / Catering,,8,5
,,,+12104207111,Country Tails Grooming,Floresville,TX,,"Digital Desert, Review Automation Target, Lead Gen Target, 11-25 Reviews, Pet Services / Grooming",Google Places,Pet Services / Grooming,,16,4.9
,,,+18303917950,Rachel's Paw Spa,Floresville,TX,,"Digital Desert, Review Automation Target, Lead Gen Target, 1-5 Reviews, Pet Services / Grooming",Google Places,Pet Services / Grooming,,4,5
,,,+18305695200,D C Plumbing,Pleasanton,TX,,"Digital Desert, Review Automation Target, Lead Gen Target, 1-5 Reviews, Home Services / Plumbing",Google Places,Home Services / Plumbing,,2,4.5
,,,+18305692493,Ricks Air Conditioning llc,Pleasanton,TX,,"Digital Desert, Review Automation Target, Lead Gen Target, 6-10 Reviews, Home Services / HVAC",Google Places,Home Services / HVAC,,7,5
,,,+18305693772,Scofield Service Co,Pleasanton,TX,,"Digital Desert, Review Automation Target, Lead Gen Target, 1-5 Reviews, Home Services / HVAC",Google Places,Home Services / HVAC,,4,5
,,,+18302001382,Artrageous,Pleasanton,TX,,"Digital Desert, Review Automation Target, Lead Gen Target, 11-25 Reviews, Home Services / Painting",Google Places,Home Services / Painting,,14,5
,,,+18305694785,Brush Country Pest Services,Pleasanton,TX,,"Digital Desert, Review Automation Target, Lead Gen Target, 1-5 Reviews, Home Services / Pest Control",Google Places,Home Services / Pest Control,,4,4.5
,,,,Annie Pest Control,Pleasanton,TX,,"Digital Desert, Review Automation Target, Lead Gen Target, 1-5 Reviews, Home Services / Pest Control",Google Places,Home Services / Pest Control,,4,5
,,,+18305704001,J.S. Services,Pleasanton,TX,,"Digital Desert, Review Automation Target, Lead Gen Target, 1-5 Reviews, Home Services / Fencing",Google Places,Home Services / Fencing,,2,4
,,,+18306314042,Appliance Repair Technologies Pleasanton,Pleasanton,TX,,"Digital Desert, Review Automation Target, Lead Gen Target, 0 Reviews - Highest Priority, Home Services / Appliance Repair",Google Places,Home Services / Appliance Repair,,0,
,,,+18302994532,Pleasanton Appliance Repair,Pleasanton,TX,,"Digital Desert, Review Automation Target, Lead Gen Target, 11-25 Reviews, Home Services / Appliance Repair",Google Places,Home Services / Appliance Repair,,16,3
,,,+18305697321,THE HAIR CO. LLC,Pleasanton,TX,,"Digital Desert, Review Automation Target, Lead Gen Target, 11-25 Reviews, Beauty / Hair Salon",Google Places,Beauty / Hair Salon,,12,5
,,,+12103231320,Hair by Mari Platinum style,Pleasanton,TX,,"Digital Desert, Review Automation Target, Lead Gen Target, 11-25 Reviews, Beauty / Hair Salon",Google Places,Beauty / Hair Salon,,15,5
,,,,The Luxx Beauty Bar,Pleasanton,TX,,"Digital Desert, Review Automation Target, Lead Gen Target, 6-10 Reviews, Beauty / Hair Salon",Google Places,Beauty / Hair Salon,,10,5
,,,+18305692081,Cutting Corner,Pleasanton,TX,,"Digital Desert, Review Automation Target, Lead Gen Target, 11-25 Reviews, Beauty / Hair Salon",Google Places,Beauty / Hair Salon,,25,4.7
,,,+18305693312,Gracie's Beauty Salon,Pleasanton,TX,,"Digital Desert, Review Automation Target, Lead Gen Target, 6-10 Reviews, Beauty / Hair Salon",Google Places,Beauty / Hair Salon,,10,4.9
,,,,The W Salon And Tanning,Pleasanton,TX,,"Digital Desert, Review Automation Target, Lead Gen Target, 11-25 Reviews, Beauty / Hair Salon",Google Places,Beauty / Hair Salon,,13,5
,,,+12108318852,Bella look beauty and barber shop,Pleasanton,TX,,"Digital Desert, Review Automation Target, Lead Gen Target, 1-5 Reviews, Beauty / Barber",Google Places,Beauty / Barber,,2,5
,,,+12108093903,Barbershop Estilo Urbano,Pleasanton,TX,,"Digital Desert, Review Automation Target, Lead Gen Target, 6-10 Reviews, Beauty / Barber",Google Places,Beauty / Barber,,6,4.8
,,,+12488204194,StayySlayed Nail Studio,Pleasanton,TX,,"Digital Desert, Review Automation Target, Lead Gen Target, 11-25 Reviews, Beauty / Nail Salon",Google Places,Beauty / Nail Salon,,15,4.5
,,,+18305696777,Sunset Beach,Pleasanton,TX,,"Digital Desert, Review Automation Target, Lead Gen Target, 11-25 Reviews, Beauty / Nail Salon",Google Places,Beauty / Nail Salon,,19,4.9
,,,+18305692237,Beauty Boutique,Pleasanton,TX,,"Digital Desert, Review Automation Target, Lead Gen Target, 1-5 Reviews, Beauty / Nail Salon",Google Places,Beauty / Nail Salon,,5,4.2
,,,+18305695009,Massage Therapy Center,Pleasanton,TX,,"Digital Desert, Review Automation Target, Lead Gen Target, 11-25 Reviews, Beauty / Massage",Google Places,Beauty / Massage,,18,4.9
,,,+12107898046,Make a Difference Massage,Pleasanton,TX,,"Digital Desert, Review Automation Target, Lead Gen Target, 6-10 Reviews, Beauty / Massage",Google Places,Beauty / Massage,,6,4.2
,,,+12105515767,Georgias Esthetics,Pleasanton,TX,,"Digital Desert, Review Automation Target, Lead Gen Target, 1-5 Reviews, Beauty / Waxing",Google Places,Beauty / Waxing,,1,5
,,,+18304807806,"CA Beauty Wellness, LLC",Pleasanton,TX,https://www.facebook.com/share/1MYYYLV6sR/?mibextid=wwXIfr,"Digital Desert, Review Automation Target, Lead Gen Target, 1-5 Reviews, Beauty / Waxing",Google Places,Beauty / Waxing,,3,5
,,,+18304800418,4k strong repair,Pleasanton,TX,,"Digital Desert, Review Automation Target, Lead Gen Target, 6-10 Reviews, Auto Services / Repair",Google Places,Auto Services / Repair,,6,5
,,,+18303994299,Precision Truck and Automotive,Pleasanton,TX,,"Digital Desert, Review Automation Target, Lead Gen Target, 11-25 Reviews, Auto Services / Repair",Google Places,Auto Services / Repair,,17,5
,,,+12103648572,Califa T.A. Diesel Repair,Pleasanton,TX,,"Digital Desert, Review Automation Target, Lead Gen Target, 11-25 Reviews, Auto Services / Repair",Google Places,Auto Services / Repair,,18,5
,,,+18302686444,Aace transmission,Pleasanton,TX,,"Digital Desert, Review Automation Target, Lead Gen Target, 11-25 Reviews, Auto Services / Repair",Google Places,Auto Services / Repair,,19,4.7
,,,+18306243455,24 Hr Mobile Tire Tex,Pleasanton,TX,https://www.24hrmobiletiretex.com/,"Digital Desert, Review Automation Target, Lead Gen Target, 6-10 Reviews, Auto Services / Tires",Google Places,Auto Services / Tires,,7,5
,,,+18303993432,wesleytires,Pleasanton,TX,,"Digital Desert, Review Automation Target, Lead Gen Target, 0 Reviews - Highest Priority, Auto Services / Tires",Google Places,Auto Services / Tires,,0,
,,,,22 Klean Karwash,Pleasanton,TX,,"Digital Desert, Review Automation Target, Lead Gen Target, 1-5 Reviews, Auto Services / Car Wash",Google Places,Auto Services / Car Wash,,5,3.4
,,,+18302001471,BL Enterprise,Pleasanton,TX,,"Digital Desert, Review Automation Target, Lead Gen Target, 1-5 Reviews, Auto Services / Body Shop",Google Places,Auto Services / Body Shop,,5,5
,,,+12107573111,Birrieria Y Taqueria Ay Arandas #2,Pleasanton,TX,https://birrieriaytaqueriaayarandastx.com/,"Digital Desert, Review Automation Target, Lead Gen Target, 11-25 Reviews, Food & Beverage / Taqueria",Google Places,Food & Beverage / Taqueria,,23,4.3
,,,,My food truck location,Pleasanton,TX,,"Digital Desert, Review Automation Target, Lead Gen Target, 6-10 Reviews, Food & Beverage / Food Truck",Google Places,Food & Beverage / Food Truck,,6,4.5
,,,+12108101962,El Fuego Food Truck,Pleasanton,TX,,"Digital Desert, Review Automation Target, Lead Gen Target, 11-25 Reviews, Food & Beverage / Food Truck",Google Places,Food & Beverage / Food Truck,,13,4.7
,,,,Corpus Christi,Pleasanton,TX,,"Digital Desert, Review Automation Target, Lead Gen Target, 0 Reviews - Highest Priority, Food & Beverage / Bakery",Google Places,Food & Beverage / Bakery,,0,
,,,+18305695866,Butter Krust Bakery,Pleasanton,TX,,"Digital Desert, Review Automation Target, Lead Gen Target, 0 Reviews - Highest Priority, Food & Beverage / Bakery",Google Places,Food & Beverage / Bakery,,0,
,,,,Bakery,Pleasanton,TX,,"Digital Desert, Review Automation Target, Lead Gen Target, 0 Reviews - Highest Priority, Food & Beverage / Bakery",Google Places,Food & Beverage / Bakery,,0,
,,,,Bakery,Pleasanton,TX,,"Digital Desert, Review Automation Target, Lead Gen Target, 0 Reviews - Highest Priority, Food & Beverage / Bakery",Google Places,Food & Beverage / Bakery,,0,
,,,+18305706677,Rosita's Barbacoa,Pleasanton,TX,https://www.facebook.com/profile.php?id=100057144922669&mibextid=LQQJ4d&mibextid=LQQJ4d,"Digital Desert, Review Automation Target, Lead Gen Target, 11-25 Reviews, Food & Beverage / Tamales",Google Places,Food & Beverage / Tamales,,24,4.7
,,,+19035758563,Lake Country Carpet Care,Pleasanton,TX,https://www.carpetcleaningmtpleasanttx.com/,"Digital Desert, Review Automation Target, Lead Gen Target, 11-25 Reviews, Cleaning / Carpet",Google Places,Cleaning / Carpet,,12,5
,,,+12102894164,Rudy's pressure washing,Pleasanton,TX,,"Digital Desert, Review Automation Target, Lead Gen Target, 6-10 Reviews, Cleaning / Pressure Washing",Google Places,Cleaning / Pressure Washing,,6,5
,,,+18305694477,Clearwater Outdoors,Pleasanton,TX,,"Digital Desert, Review Automation Target, Lead Gen Target, 0 Reviews - Highest Priority, Landscaping",Google Places,Landscaping,,0,
,,,+12104198921,Effectivetx Landscape,Pleasanton,TX,https://effectivetx.com/,"Digital Desert, Review Automation Target, Lead Gen Target, 11-25 Reviews, Landscaping",Google Places,Landscaping,,17,5
,,,+18305692725,Kid Depot,Pleasanton,TX,,"Digital Desert, Review Automation Target, Lead Gen Target, 6-10 Reviews, Childcare / Daycare",Google Places,Childcare / Daycare,,6,3
,,,+18305698822,Blossoms Early Childhood Educ,Pleasanton,TX,,"Digital Desert, Review Automation Target, Lead Gen Target, 1-5 Reviews, Childcare / Daycare",Google Places,Childcare / Daycare,,2,5
,,,+18305698840,Blossoms Preschool Academy,Pleasanton,TX,,"Digital Desert, Review Automation Target, Lead Gen Target, 1-5 Reviews, Childcare / Daycare",Google Places,Childcare / Daycare,,3,3
,,,+18307692340,Tender Care Day Care Center,Pleasanton,TX,,"Digital Desert, Review Automation Target, Lead Gen Target, 1-5 Reviews, Childcare / Daycare",Google Places,Childcare / Daycare,,4,3
,,,,Childcare Daycare,Pleasanton,TX,,"Digital Desert, Review Automation Target, Lead Gen Target, 0 Reviews - Highest Priority, Childcare / Daycare",Google Places,Childcare / Daycare,,0,
,,,,DF Express INC,Pleasanton,TX,,"Digital Desert, Review Automation Target, Lead Gen Target, 6-10 Reviews, Moving & Storage",Google Places,Moving & Storage,,6,5
,,,+18305693557,Errand Girl Services Inc,Pleasanton,TX,,"Digital Desert, Review Automation Target, Lead Gen Target, 1-5 Reviews, Moving & Storage",Google Places,Moving & Storage,,1,4
,,,+12105379621,Cactus Alterations,Pleasanton,TX,https://www.facebook.com/share/188Yd8Yoxs/?mibextid=wwXIfr,"Digital Desert, Review Automation Target, Lead Gen Target, 1-5 Reviews, Retail / Alterations",Google Places,Retail / Alterations,,4,5
,,,+12108904679,B&J United LLC,Pleasanton,TX,,"Digital Desert, Review Automation Target, Lead Gen Target, 1-5 Reviews, Professional / Notary",Google Places,Professional / Notary,,1,1
,,,+16309779998,Script,Pleasanton,TX,,"Digital Desert, Review Automation Target, Lead Gen Target, 0 Reviews - Highest Priority, Professional / Notary",Google Places,Professional / Notary,,0,
,,,,Southern Kindred Studios,Pleasanton,TX,,"Digital Desert, Review Automation Target, Lead Gen Target, 1-5 Reviews, Creative / Photography",Google Places,Creative / Photography,,5,5
,,,+12108378089,Lumipose,Pleasanton,TX,,"Digital Desert, Review Automation Target, Lead Gen Target, 1-5 Reviews, Creative / Photography",Google Places,Creative / Photography,,2,3
,,,+18302243176,Kullman Creek Acai Bowls,Pleasanton,TX,,"Digital Desert, Review Automation Target, Lead Gen Target, 6-10 Reviews, Food & Beverage / Catering",Google Places,Food & Beverage / Catering,,10,5
,,,,Coughran Hall,Pleasanton,TX,,"Digital Desert, Review Automation Target, Lead Gen Target, 11-25 Reviews, Food & Beverage / Catering",Google Places,Food & Beverage / Catering,,19,4.8
,,,+18304806955,Strawberry Capitol Dog Boarding,Pleasanton,TX,,"Digital Desert, Review Automation Target, Lead Gen Target, 0 Reviews - Highest Priority, Pet Services / Boarding",Google Places,Pet Services / Boarding,,0,
,,,+12102603984,West Charolais Ranch,Pleasanton,TX,,"Digital Desert, Review Automation Target, Lead Gen Target, 1-5 Reviews, Pet Services / Boarding",Google Places,Pet Services / Boarding,,1,5
,,,+12108608317,Cave Canem CourtGerman Shepherd,Pleasanton,TX,,"Digital Desert, Review Automation Target, Lead Gen Target, 1-5 Reviews, Pet Services / Boarding",Google Places,Pet Services / Boarding,,1,5
,,,+18305709339,Ten Oaks Akc Boxers,Pleasanton,TX,,"Digital Desert, Review Automation Target, Lead Gen Target, 1-5 Reviews, Pet Services / Boarding",Google Places,Pet Services / Boarding,,1,5
,,,+12103555679,Reliable Electric Company,Helotes,TX,,"Digital Desert, Review Automation Target, Lead Gen Target, 1-5 Reviews, Home Services / Electrical",Google Places,Home Services / Electrical,,2,5
,,,+12103930806,Cannonball Electric,Helotes,TX,,"Digital Desert, Review Automation Target, Lead Gen Target, 11-25 Reviews, Home Services / Electrical",Google Places,Home Services / Electrical,,14,4.7
,,,+12106953451,Consolidated Electric Services Inc,Helotes,TX,,"Digital Desert, Review Automation Target, Lead Gen Target, 1-5 Reviews, Home Services / Electrical",Google Places,Home Services / Electrical,,5,4.2
,,,,Helotes LoneStar Roofing Contractors,Helotes,TX,,"Digital Desert, Review Automation Target, Lead Gen Target, 0 Reviews - Highest Priority, Home Services / Roofing",Google Places,Home Services / Roofing,,0,
,,,+12102545944,Estrada Painting,Helotes,TX,https://www.facebook.com/estradapainting1?mibextid=LQQJ4d,"Digital Desert, Review Automation Target, Lead Gen Target, 11-25 Reviews, Home Services / Painting",Google Places,Home Services / Painting,,14,4.7
,,,+12104222849,Israel's Painting,Helotes,TX,,"Digital Desert, Review Automation Target, Lead Gen Target, 1-5 Reviews, Home Services / Painting",Google Places,Home Services / Painting,,2,4
,,,+12104885257,Level 5 Painting,Helotes,TX,,"Digital Desert, Review Automation Target, Lead Gen Target, 6-10 Reviews, Home Services / Painting",Google Places,Home Services / Painting,,7,5
,,,+12106799000,HOME SOLUTIONS: PEST CONTROL,Helotes,TX,https://www.facebook.com/HomeSolutionsPC,"Digital Desert, Review Automation Target, Lead Gen Target, 6-10 Reviews, Home Services / Pest Control",Google Places,Home Services / Pest Control,,8,5
,,,+12102017409,Garcia Fencing,Helotes,TX,http://www.garciafencingtx.com/,"Digital Desert, Review Automation Target, Lead Gen Target, 11-25 Reviews, Home Services / Fencing",Google Places,Home Services / Fencing,,14,3.4
,,,+18328373196,The Alamo Pool Solutions,Helotes,TX,,"Digital Desert, Review Automation Target, Lead Gen Target, 11-25 Reviews, Home Services / Pool",Google Places,Home Services / Pool,,18,5
,,,+17262470541,Helotes Appliance Repair Works,Helotes,TX,,"Digital Desert, Review Automation Target, Lead Gen Target, 1-5 Reviews, Home Services / Appliance Repair",Google Places,Home Services / Appliance Repair,,1,5
,,,+17262559331,Bluecrest Appliance Repair Pros,Helotes,TX,,"Digital Desert, Review Automation Target, Lead Gen Target, 1-5 Reviews, Home Services / Appliance Repair",Google Places,Home Services / Appliance Repair,,2,5
,,,+12108610676,Hair & Makeup by Marisela,Helotes,TX,,"Digital Desert, Review Automation Target, Lead Gen Target, 11-25 Reviews, Beauty / Hair Salon",Google Places,Beauty / Hair Salon,,13,4.9
,,,+12107082580,Up 1 Barbershop,Helotes,TX,,"Digital Desert, Review Automation Target, Lead Gen Target, 1-5 Reviews, Beauty / Barber",Google Places,Beauty / Barber,,1,5
,,,+17262463215,Nailssxhazelmarie,Helotes,TX,,"Digital Desert, Review Automation Target, Lead Gen Target, 1-5 Reviews, Beauty / Nail Salon",Google Places,Beauty / Nail Salon,,5,5
,,,+12109880079,The Healing Touch,Helotes,TX,,"Digital Desert, Review Automation Target, Lead Gen Target, 11-25 Reviews, Beauty / Massage",Google Places,Beauty / Massage,,15,4.9
,,,+12105001155,Health Massage,Helotes,TX,,"Digital Desert, Review Automation Target, Lead Gen Target, 6-10 Reviews, Beauty / Massage",Google Places,Beauty / Massage,,9,4.1
,,,+12103837577,Blue Aura Face and Body,Helotes,TX,,"Digital Desert, Review Automation Target, Lead Gen Target, 1-5 Reviews, Beauty / Massage",Google Places,Beauty / Massage,,1,5
,,,+12109511705,Lily’s Massage Studio,Helotes,TX,,"Digital Desert, Review Automation Target, Lead Gen Target, 1-5 Reviews, Beauty / Massage",Google Places,Beauty / Massage,,1,5
,,,+12106953311,Ella's Scenic Hill Beauty Shop,Helotes,TX,,"Digital Desert, Review Automation Target, Lead Gen Target, 6-10 Reviews, Beauty / Salon",Google Places,Beauty / Salon,,8,5
,,,,Helotes Sweet Peach Waxing (Brows to Brazilian Waxing),Helotes,TX,https://instagram.com/sweet_peach_waxing?utm_source=qr&igshid=ZDc4ODBmNjlmNQ%3D%3D,"Digital Desert, Review Automation Target, Lead Gen Target, 11-25 Reviews, Beauty / Salon",Google Places,Beauty / Salon,,23,5
,,,+12107710584,King Auto Service,Helotes,TX,,"Digital Desert, Review Automation Target, Lead Gen Target, 1-5 Reviews, Auto Services / Repair",Google Places,Auto Services / Repair,,1,5
,,,+12104468413,Adam’s Automotive Repair,Helotes,TX,,"Digital Desert, Review Automation Target, Lead Gen Target, 0 Reviews - Highest Priority, Auto Services / Repair",Google Places,Auto Services / Repair,,0,
,,,+12103221115,Martinez Auto & Truck Shop,Helotes,TX,,"Digital Desert, Review Automation Target, Lead Gen Target, 11-25 Reviews, Auto Services / Tires",Google Places,Auto Services / Tires,,12,4.7
,,,,Car Wash,Helotes,TX,,"Digital Desert, Review Automation Target, Lead Gen Target, 1-5 Reviews, Auto Services / Car Wash",Google Places,Auto Services / Car Wash,,3,2
,,,+12106953650,Kennedy Paint & Body,Helotes,TX,,"Digital Desert, Review Automation Target, Lead Gen Target, 11-25 Reviews, Auto Services / Body Shop",Google Places,Auto Services / Body Shop,,22,4.8
,,,+12107603196,El Sueño De Lola,Helotes,TX,,"Digital Desert, Review Automation Target, Lead Gen Target, 11-25 Reviews, Food & Beverage / Food Truck",Google Places,Food & Beverage / Food Truck,,13,4.7
,,,+17262180950,67 Flavor Route,Helotes,TX,,"Digital Desert, Review Automation Target, Lead Gen Target, 6-10 Reviews, Food & Beverage / Food Truck",Google Places,Food & Beverage / Food Truck,,10,5
,,,,The Snack Bar Food Truck,Helotes,TX,,"Digital Desert, Review Automation Target, Lead Gen Target, 1-5 Reviews, Food & Beverage / Food Truck",Google Places,Food & Beverage / Food Truck,,1,5
,,,,La Espada Food truck,Helotes,TX,,"Digital Desert, Review Automation Target, Lead Gen Target, 6-10 Reviews, Food & Beverage / Food Truck",Google Places,Food & Beverage / Food Truck,,6,5
,,,,Bakery,Helotes,TX,,"Digital Desert, Review Automation Target, Lead Gen Target, 0 Reviews - Highest Priority, Food & Beverage / Bakery",Google Places,Food & Beverage / Bakery,,0,
,,,,LUV-A-LOT Cookies,Helotes,TX,,"Digital Desert, Review Automation Target, Lead Gen Target, 0 Reviews - Highest Priority, Food & Beverage / Bakery",Google Places,Food & Beverage / Bakery,,0,
,,,+18172196464,Simple Skoopz,Helotes,TX,,"Digital Desert, Review Automation Target, Lead Gen Target, 1-5 Reviews, Food & Beverage / Ice Cream",Google Places,Food & Beverage / Ice Cream,,3,2.3
,,,+12102600966,Cleaning Angels Co LLC,Helotes,TX,,"Digital Desert, Review Automation Target, Lead Gen Target, 1-5 Reviews, Cleaning / Commercial",Google Places,Cleaning / Commercial,,5,4.2
,,,+12103866330,Carlos Powerwashing,Helotes,TX,,"Digital Desert, Review Automation Target, Lead Gen Target, 1-5 Reviews, Cleaning / Pressure Washing",Google Places,Cleaning / Pressure Washing,,2,5
,,,+12108162661,Dillon Landscape Concepts,Helotes,TX,https://www.instagram.com/DillonLandscapeConcepts,"Digital Desert, Review Automation Target, Lead Gen Target, 11-25 Reviews, Landscaping",Google Places,Landscaping,,16,5
,,,+15054482482,Mundo Feliz Daycare,Helotes,TX,,"Digital Desert, Review Automation Target, Lead Gen Target, 11-25 Reviews, Childcare / Daycare",Google Places,Childcare / Daycare,,17,5
,,,+12103727080,All Texas Laundry,Helotes,TX,,"Digital Desert, Review Automation Target, Lead Gen Target, 11-25 Reviews, Retail / Laundromat",Google Places,Retail / Laundromat,,23,3
,,,+12547444901,MJohanna Sign & Seal Notary,Helotes,TX,,"Digital Desert, Review Automation Target, Lead Gen Target, 1-5 Reviews, Professional / Notary",Google Places,Professional / Notary,,1,5
,,,+12102476100,FedEx Office Print & Ship Center,Helotes,TX,https://local.fedex.com/en-us/tx/helotes/office-0300?cmp=LOC-1001545-3-1-971-1110000-US-US-EN-GPLCOPYANDPRINT,"Digital Desert, Review Automation Target, Lead Gen Target, 11-25 Reviews, Professional / Notary",Google Places,Professional / Notary,,14,3.9
,,,+14075695368,Rush Mobile International Apostilles & Notary Services,Helotes,TX,,"Digital Desert, Review Automation Target, Lead Gen Target, 11-25 Reviews, Professional / Notary",Google Places,Professional / Notary,,14,5
,,,+12108523821,Timelapse Studios,Helotes,TX,,"Digital Desert, Review Automation Target, Lead Gen Target, 1-5 Reviews, Creative / Photography",Google Places,Creative / Photography,,3,5
,,,+17262223235,Sunny & Shine's Belly Buster's,Helotes,TX,,"Digital Desert, Review Automation Target, Lead Gen Target, 1-5 Reviews, Food & Beverage / Catering",Google Places,Food & Beverage / Catering,,4,4.8
,,,+12109201499,Steph’s Pet Spa,Helotes,TX,https://www.instagram.com/stephs_spg?igsh=MW05M3c3YnN0YnRoYw==&utm_source=qr,"Digital Desert, Review Automation Target, Lead Gen Target, 6-10 Reviews, Pet Services / Grooming",Google Places,Pet Services / Grooming,,8,5
,,,+15122708505,Sha-nicole Pampering,Helotes,TX,,"Digital Desert, Review Automation Target, Lead Gen Target, 0 Reviews - Highest Priority, Pet Services / Grooming",Google Places,Pet Services / Grooming,,0,
,,,+12107279269,Precision Plumbing Solutions LLC,Selma,TX,,"Digital Desert, Review Automation Target, Lead Gen Target, 11-25 Reviews, Home Services / Plumbing",Google Places,Home Services / Plumbing,,19,5
,,,+12103322121,Bob's Heating and Air Conditioning San Antonio,Selma,TX,http://bobshvactx.com/,"Digital Desert, Review Automation Target, Lead Gen Target, 6-10 Reviews, Home Services / HVAC",Google Places,Home Services / HVAC,,7,5
,,,+12108838843,Dittman Painting,Selma,TX,,"Digital Desert, Review Automation Target, Lead Gen Target, 1-5 Reviews, Home Services / Painting",Google Places,Home Services / Painting,,2,5
,,,+12104740060,Vista Painting & Resurfacing,Selma,TX,,"Digital Desert, Review Automation Target, Lead Gen Target, 1-5 Reviews, Home Services / Painting",Google Places,Home Services / Painting,,5,4.2
,,,+17262087799,SATX Pool Maintenance and Repair,Selma,TX,,"Digital Desert, Review Automation Target, Lead Gen Target, 11-25 Reviews, Home Services / Pool",Google Places,Home Services / Pool,,16,4.8
,,,+18449698727,Air & Appliance On-Site-Repair,Selma,TX,,"Digital Desert, Review Automation Target, Lead Gen Target, 6-10 Reviews, Home Services / Appliance Repair",Google Places,Home Services / Appliance Repair,,9,4.9
,,,+12106006895,Salon Two/22,Selma,TX,https://linktr.ee/salontwo22?utm_source=ig&utm_medium=social&utm_content=link_in_bio&fbclid=PAdGRleAQBb1RleHRuA2FlbQIxMQBzcnRjBmFwcF9pZA8xMjQwMjQ1NzQyODc0MTQAAad1OiipZXlTtAszFChuvo1pODv0faYXz-XMnrCcjqahZKvCJ0J6yRFCEXshPg_aem__I3-1q3sQIrEv_63SadHlg,"Digital Desert, Review Automation Target, Lead Gen Target, 6-10 Reviews, Beauty / Hair Salon",Google Places,Beauty / Hair Salon,,10,5
,,,,Colorful hair by Joelie.,Selma,TX,,"Digital Desert, Review Automation Target, Lead Gen Target, 1-5 Reviews, Beauty / Hair Salon",Google Places,Beauty / Hair Salon,,1,5
,,,,Southern Hair Affair,Selma,TX,,"Digital Desert, Review Automation Target, Lead Gen Target, 11-25 Reviews, Beauty / Hair Salon",Google Places,Beauty / Hair Salon,,15,5
,,,+12103810468,Smart empire studio,Selma,TX,,"Digital Desert, Review Automation Target, Lead Gen Target, 11-25 Reviews, Beauty / Barber",Google Places,Beauty / Barber,,23,5
,,,+12105600570,Kneaded Healing,Selma,TX,,"Digital Desert, Review Automation Target, Lead Gen Target, 1-5 Reviews, Beauty / Massage",Google Places,Beauty / Massage,,5,5
,,,,Crystal Ashley Beauty,Selma,TX,,"Digital Desert, Review Automation Target, Lead Gen Target, 1-5 Reviews, Beauty / Salon",Google Places,Beauty / Salon,,4,3.8
,,,+12106006895,Salon Two/22,Selma,TX,https://linktr.ee/salontwo22,"Digital Desert, Review Automation Target, Lead Gen Target, 0 Reviews - Highest Priority, Beauty / Salon",Google Places,Beauty / Salon,,0,
,,,,Kathy’s Glam Room,Selma,TX,,"Digital Desert, Review Automation Target, Lead Gen Target, 1-5 Reviews, Beauty / Lash Studio",Google Places,Beauty / Lash Studio,,1,5
,,,+12105412367,TCx Beauty Studio,Selma,TX,,"Digital Desert, Review Automation Target, Lead Gen Target, 1-5 Reviews, Beauty / Waxing",Google Places,Beauty / Waxing,,2,5
,,,+17262613861,No mercy tuning,Selma,TX,https://www.instagram.com/no_mercyperformance?igsh=azdnNjd4d2twczJs&utm_source=qr,"Digital Desert, Review Automation Target, Lead Gen Target, 1-5 Reviews, Auto Services / Repair",Google Places,Auto Services / Repair,,1,5
,,,+12109821441,Loz Automotive And Fleet Services,Selma,TX,,"Digital Desert, Review Automation Target, Lead Gen Target, 0 Reviews - Highest Priority, Auto Services / Repair",Google Places,Auto Services / Repair,,0,
,,,+12105426126,E & R Auto Body LLC,Selma,TX,,"Digital Desert, Review Automation Target, Lead Gen Target, 6-10 Reviews, Auto Services / Body Shop",Google Places,Auto Services / Body Shop,,9,4.4
,,,+12105004507,Affordable Paint and Body SA- Over 40 years. in Business,Selma,TX,,"Digital Desert, Review Automation Target, Lead Gen Target, 11-25 Reviews, Auto Services / Body Shop",Google Places,Auto Services / Body Shop,,11,4.9
,,,+19517766718,KCS sugar trails bakery,Selma,TX,,"Digital Desert, Review Automation Target, Lead Gen Target, 0 Reviews - Highest Priority, Food & Beverage / Bakery",Google Places,Food & Beverage / Bakery,,0,
,,,+12102626864,Bite Me Bakery,Selma,TX,,"Digital Desert, Review Automation Target, Lead Gen Target, 6-10 Reviews, Food & Beverage / Bakery",Google Places,Food & Beverage / Bakery,,6,5
,,,,San Petrinas Mexican Restaurant,Selma,TX,,"Digital Desert, Review Automation Target, Lead Gen Target, 11-25 Reviews, Food & Beverage / Restaurant",Google Places,Food & Beverage / Restaurant,,16,4.7
,,,+18003195808,Snack Island,Selma,TX,,"Digital Desert, Review Automation Target, Lead Gen Target, 11-25 Reviews, Food & Beverage / Ice Cream",Google Places,Food & Beverage / Ice Cream,,19,4.4
,,,+15592578567,Deseret Commercial cleaning services,Selma,TX,,"Digital Desert, Review Automation Target, Lead Gen Target, 6-10 Reviews, Cleaning / Commercial",Google Places,Cleaning / Commercial,,7,5
,,,+12108220500,Baker LLC,Selma,TX,,"Digital Desert, Review Automation Target, Lead Gen Target, 6-10 Reviews, Cleaning / Carpet",Google Places,Cleaning / Carpet,,7,5
,,,+12102047565,Overman Power Clean,Selma,TX,,"Digital Desert, Review Automation Target, Lead Gen Target, 11-25 Reviews, Cleaning / Pressure Washing",Google Places,Cleaning / Pressure Washing,,24,5
,,,+12108465085,Alamo Pressure Washers,Selma,TX,,"Digital Desert, Review Automation Target, Lead Gen Target, 0 Reviews - Highest Priority, Cleaning / Pressure Washing",Google Places,Cleaning / Pressure Washing,,0,
,,,+12106588788,Stripes - Alterations,Selma,TX,,"Digital Desert, Review Automation Target, Lead Gen Target, 11-25 Reviews, Retail / Alterations",Google Places,Retail / Alterations,,11,3.1
,,,+12107799473,Furever Pet Sitting,Selma,TX,,"Digital Desert, Review Automation Target, Lead Gen Target, 1-5 Reviews, Pet Services / Boarding",Google Places,Pet Services / Boarding,,2,5
,,,+12106278896,Power and Light Services,Live Oak,TX,,"Digital Desert, Review Automation Target, Lead Gen Target, 6-10 Reviews, Home Services / Electrical",Google Places,Home Services / Electrical,,10,5
,,,+12106329411,Vector Control,Live Oak,TX,,"Digital Desert, Review Automation Target, Lead Gen Target, 1-5 Reviews, Home Services / Pest Control",Google Places,Home Services / Pest Control,,1,5
,,,+14082216325,Hair by kate,Live Oak,TX,https://linktr.ee/hairbyk.a.t.e,"Digital Desert, Review Automation Target, Lead Gen Target, 6-10 Reviews, Beauty / Hair Salon",Google Places,Beauty / Hair Salon,,7,5
,,,+12103302986,VG Hair Extensions,Live Oak,TX,,"Digital Desert, Review Automation Target, Lead Gen Target, 11-25 Reviews, Beauty / Hair Salon",Google Places,Beauty / Hair Salon,,14,5
,,,+12106003224,Live Oak Barbershop,Live Oak,TX,,"Digital Desert, Review Automation Target, Lead Gen Target, 11-25 Reviews, Beauty / Barber",Google Places,Beauty / Barber,,13,5
,,,+12108066941,One Degree Therapy,Live Oak,TX,,"Digital Desert, Review Automation Target, Lead Gen Target, 11-25 Reviews, Beauty / Massage",Google Places,Beauty / Massage,,17,4.8
,,,+12104492225,Back 2 Renewal Massage & Wellness LLC,Live Oak,TX,,"Digital Desert, Review Automation Target, Lead Gen Target, 0 Reviews - Highest Priority, Beauty / Massage",Google Places,Beauty / Massage,,0,
,,,+19733369644,Mecanica-mechanic,Live Oak,TX,,"Digital Desert, Review Automation Target, Lead Gen Target, 6-10 Reviews, Auto Services / Repair",Google Places,Auto Services / Repair,,10,4.6
,,,+12104290419,SM Mobile Auto Services,Live Oak,TX,,"Digital Desert, Review Automation Target, Lead Gen Target, 1-5 Reviews, Auto Services / Repair",Google Places,Auto Services / Repair,,5,4.2
,,,+12105316769,Diamond Tire and Auto Services LLC,Live Oak,TX,,"Digital Desert, Review Automation Target, Lead Gen Target, 11-25 Reviews, Auto Services / Tires",Google Places,Auto Services / Tires,,15,5
,,,,HannYuz Tacos & More Mexicans foodtruck,Live Oak,TX,,"Digital Desert, Review Automation Target, Lead Gen Target, 6-10 Reviews, Food & Beverage / Taqueria",Google Places,Food & Beverage / Taqueria,,7,5
,,,+12107228597,Amalia's Cafe,Live Oak,TX,,"Digital Desert, Review Automation Target, Lead Gen Target, 6-10 Reviews, Food & Beverage / Tamales",Google Places,Food & Beverage / Tamales,,9,4.6
,,,+12103917078,Allscape Landscape,Live Oak,TX,,"Digital Desert, Review Automation Target, Lead Gen Target, 1-5 Reviews, Landscaping",Google Places,Landscaping,,1,5
,,,+12106592381,Brighter Minds Day School,Live Oak,TX,,"Digital Desert, Review Automation Target, Lead Gen Target, 11-25 Reviews, Childcare / Daycare",Google Places,Childcare / Daycare,,14,4.2
,,,+18329979209,Alterations,Live Oak,TX,,"Digital Desert, Review Automation Target, Lead Gen Target, 0 Reviews - Highest Priority, Retail / Alterations",Google Places,Retail / Alterations,,0,
,,,+17262068002,Alterations Leo,Live Oak,TX,,"Digital Desert, Review Automation Target, Lead Gen Target, 11-25 Reviews, Retail / Alterations",Google Places,Retail / Alterations,,23,4.5
,,,+12105969277,Schedule Your Appointment,Live Oak,TX,,"Digital Desert, Review Automation Target, Lead Gen Target, 1-5 Reviews, Home Services / Locksmith",Google Places,Home Services / Locksmith,,1,5
,,,+12102734369,"Gray Electric & Service, L.L.C.",Cibolo,TX,,"Digital Desert, Review Automation Target, Lead Gen Target, 6-10 Reviews, Home Services / Electrical",Google Places,Home Services / Electrical,,8,5
,,,+12105661717,Blue Rock Electric,Cibolo,TX,,"Digital Desert, Review Automation Target, Lead Gen Target, 1-5 Reviews, Home Services / Electrical",Google Places,Home Services / Electrical,,1,3
,,,+12106586747,Elgin's Air Conditioning & Heating Co.,Cibolo,TX,http://www.facebook.com/elginsairconditioningandheatingco,"Digital Desert, Review Automation Target, Lead Gen Target, 1-5 Reviews, Home Services / HVAC",Google Places,Home Services / HVAC,,1,5
,,,+12102559798,Jason TV wall mounting and handyman,Cibolo,TX,,"Digital Desert, Review Automation Target, Lead Gen Target, 1-5 Reviews, Home Services / Handyman",Google Places,Home Services / Handyman,,2,5
,,,,5 Star Appliance Repair,Cibolo,TX,,"Digital Desert, Review Automation Target, Lead Gen Target, 0 Reviews - Highest Priority, Home Services / Appliance Repair",Google Places,Home Services / Appliance Repair,,0,
,,,+14327012637,First Choice Exterior Cleaning,Cibolo,TX,,"Digital Desert, Review Automation Target, Lead Gen Target, 1-5 Reviews, Home Services / Gutters",Google Places,Home Services / Gutters,,3,5
,,,+17262489799,Dee Black the barber,Cibolo,TX,,"Digital Desert, Review Automation Target, Lead Gen Target, 0 Reviews - Highest Priority, Beauty / Barber",Google Places,Beauty / Barber,,0,
,,,,Bearded Barber,Cibolo,TX,,"Digital Desert, Review Automation Target, Lead Gen Target, 1-5 Reviews, Beauty / Barber",Google Places,Beauty / Barber,,1,5
,,,+12105664587,The Beauty Point Salon and Spa,Cibolo,TX,,"Digital Desert, Review Automation Target, Lead Gen Target, 11-25 Reviews, Beauty / Salon",Google Places,Beauty / Salon,,18,4.9
,,,+18302528467,Waxology at Cibolo,Cibolo,TX,,"Digital Desert, Review Automation Target, Lead Gen Target, 0 Reviews - Highest Priority, Beauty / Waxing",Google Places,Beauty / Waxing,,0,
,,,+12105906909,Anderson Auto Service,Cibolo,TX,,"Digital Desert, Review Automation Target, Lead Gen Target, 11-25 Reviews, Auto Services / Repair",Google Places,Auto Services / Repair,,22,4.8
,,,+18308373877,G&Z Collision Center,Cibolo,TX,,"Digital Desert, Review Automation Target, Lead Gen Target, 6-10 Reviews, Auto Services / Body Shop",Google Places,Auto Services / Body Shop,,9,4.9
,,,+12104449633,RMS Customs & Fab LLC,Cibolo,TX,https://m.facebook.com/Restomodshopcustoms/,"Digital Desert, Review Automation Target, Lead Gen Target, 11-25 Reviews, Auto Services / Body Shop",Google Places,Auto Services / Body Shop,,22,5
,,,+18302144815,Cesar's BodyWork and More,Cibolo,TX,,"Digital Desert, Review Automation Target, Lead Gen Target, 6-10 Reviews, Auto Services / Body Shop",Google Places,Auto Services / Body Shop,,9,5
,,,+12102338740,Tomel's,Cibolo,TX,,"Digital Desert, Review Automation Target, Lead Gen Target, 11-25 Reviews, Food & Beverage / Taqueria",Google Places,Food & Beverage / Taqueria,,21,4.9
,,,,Blended 7 Italian and Shaved Ice,Cibolo,TX,,"Digital Desert, Review Automation Target, Lead Gen Target, 1-5 Reviews, Food & Beverage / Ice Cream",Google Places,Food & Beverage / Ice Cream,,1,5
,,,+12103304999,Bufalo Cleaning Business Service,Cibolo,TX,,"Digital Desert, Review Automation Target, Lead Gen Target, 0 Reviews - Highest Priority, Cleaning / Commercial",Google Places,Cleaning / Commercial,,0,
,,,,Alpha Cibolo Mover's,Cibolo,TX,,"Digital Desert, Review Automation Target, Lead Gen Target, 0 Reviews - Highest Priority, Moving & Storage",Google Places,Moving & Storage,,0,
,,,,Bnt Plumbing,Universal City,TX,,"Digital Desert, Review Automation Target, Lead Gen Target, 11-25 Reviews, Home Services / Plumbing",Google Places,Home Services / Plumbing,,21,3.5
,,,+12106596664,M & L Roofing Co,Universal City,TX,,"Digital Desert, Review Automation Target, Lead Gen Target, 1-5 Reviews, Home Services / Roofing",Google Places,Home Services / Roofing,,2,5
,,,,By Faith Painting,Universal City,TX,,"Digital Desert, Review Automation Target, Lead Gen Target, 0 Reviews - Highest Priority, Home Services / Painting",Google Places,Home Services / Painting,,0,
,,,+12109293170,G. Coronilla Painting,Universal City,TX,,"Digital Desert, Review Automation Target, Lead Gen Target, 0 Reviews - Highest Priority, Home Services / Painting",Google Places,Home Services / Painting,,0,
,,,+12109849924,Hubby for hire,Universal City,TX,,"Digital Desert, Review Automation Target, Lead Gen Target, 6-10 Reviews, Home Services / Handyman",Google Places,Home Services / Handyman,,9,5
,,,+12102397028,garagedoorrepairuniversalcitytx,Universal City,TX,https://garagedoorrepairuniversalcitytx.com/contact.html,"Digital Desert, Review Automation Target, Lead Gen Target, 1-5 Reviews, Home Services / Garage Door",Google Places,Home Services / Garage Door,,1,5
,,,+12105424488,Laser Pool Service,Universal City,TX,,"Digital Desert, Review Automation Target, Lead Gen Target, 1-5 Reviews, Home Services / Pool",Google Places,Home Services / Pool,,5,5
,,,+12106587441,Styles Unlimited,Universal City,TX,,"Digital Desert, Review Automation Target, Lead Gen Target, 11-25 Reviews, Beauty / Hair Salon",Google Places,Beauty / Hair Salon,,18,4.6
,,,+12105040868,Tootie Jay,Universal City,TX,,"Digital Desert, Review Automation Target, Lead Gen Target, 1-5 Reviews, Beauty / Barber",Google Places,Beauty / Barber,,1,5
,,,+19562007777,H Massage,Universal City,TX,,"Digital Desert, Review Automation Target, Lead Gen Target, 0 Reviews - Highest Priority, Beauty / Massage",Google Places,Beauty / Massage,,0,
,,,+12106659264,The Relax Nation,Universal City,TX,,"Digital Desert, Review Automation Target, Lead Gen Target, 11-25 Reviews, Beauty / Massage",Google Places,Beauty / Massage,,11,4.5
,,,+12109460627,Bethel beauty and braiding boutique co,Universal City,TX,,"Digital Desert, Review Automation Target, Lead Gen Target, 1-5 Reviews, Beauty / Salon",Google Places,Beauty / Salon,,3,5
,,,+12109549444,The Beauty Dreams Josie SALON de BELLEZA,Universal City,TX,,"Digital Desert, Review Automation Target, Lead Gen Target, 1-5 Reviews, Beauty / Salon",Google Places,Beauty / Salon,,3,5
,,,,7-Eleven Car Wash,Universal City,TX,,"Digital Desert, Review Automation Target, Lead Gen Target, 1-5 Reviews, Auto Services / Car Wash",Google Places,Auto Services / Car Wash,,2,3.5
,,,,Car Wash,Universal City,TX,,"Digital Desert, Review Automation Target, Lead Gen Target, 1-5 Reviews, Auto Services / Car Wash",Google Places,Auto Services / Car Wash,,3,4.7
,,,+12107772375,Taqueria La Pasadita,Universal City,TX,,"Digital Desert, Review Automation Target, Lead Gen Target, 1-5 Reviews, Food & Beverage / Taqueria",Google Places,Food & Beverage / Taqueria,,4,5
,,,+15123876977,Ándale Food & Snacks,Universal City,TX,https://www.facebook.com/share/1AkJRESAFg/?mibextid=wwXIfr,"Digital Desert, Review Automation Target, Lead Gen Target, 1-5 Reviews, Food & Beverage / Food Truck",Google Places,Food & Beverage / Food Truck,,3,3.7
,,,+18082023663,Camila's Custards,Universal City,TX,,"Digital Desert, Review Automation Target, Lead Gen Target, 0 Reviews - Highest Priority, Food & Beverage / Bakery",Google Places,Food & Beverage / Bakery,,0,
,,,+12104398170,Rapid Cleaning Construction Services LLC,Universal City,TX,,"Digital Desert, Review Automation Target, Lead Gen Target, 1-5 Reviews, Cleaning / Commercial",Google Places,Cleaning / Commercial,,1,5
,,,+12106581141,Precision Lawn Care,Universal City,TX,,"Digital Desert, Review Automation Target, Lead Gen Target, 1-5 Reviews, Landscaping",Google Places,Landscaping,,3,5
,,,+18556291684,Urgent Tree Care,Universal City,TX,,"Digital Desert, Review Automation Target, Lead Gen Target, 1-5 Reviews, Landscaping / Tree",Google Places,Landscaping / Tree,,2,5
,,,,Universal City Mover's,Universal City,TX,,"Digital Desert, Review Automation Target, Lead Gen Target, 0 Reviews - Highest Priority, Moving & Storage",Google Places,Moving & Storage,,0,
,,,+17262045544,Stay Cool Air Conditioning & Heating,Leon Valley,TX,https://www.staycoolsatx.com/,"Digital Desert, Review Automation Target, Lead Gen Target, 1-5 Reviews, Home Services / HVAC",Google Places,Home Services / HVAC,,5,5
,,,+12106930390,Roof Doctor GC Services,Leon Valley,TX,http://roofdoctortx.com/,"Digital Desert, Review Automation Target, Lead Gen Target, 6-10 Reviews, Home Services / Roofing",Google Places,Home Services / Roofing,,10,4.6
,,,+12105372589,The Handyman Services,Leon Valley,TX,,"Digital Desert, Review Automation Target, Lead Gen Target, 0 Reviews - Highest Priority, Home Services / Handyman",Google Places,Home Services / Handyman,,0,
,,,+12104102448,Advent Pest Solutions,Leon Valley,TX,,"Digital Desert, Review Automation Target, Lead Gen Target, 1-5 Reviews, Home Services / Pest Control",Google Places,Home Services / Pest Control,,5,5
,,,+12105101102,Texas Boll Pest Control,Leon Valley,TX,,"Digital Desert, Review Automation Target, Lead Gen Target, 11-25 Reviews, Home Services / Pest Control",Google Places,Home Services / Pest Control,,14,4.8
,,,+12104522294,AARaintex Seamless Rain Gutters,Leon Valley,TX,http://aaraintex.com/index.html,"Digital Desert, Review Automation Target, Lead Gen Target, 1-5 Reviews, Home Services / Gutters",Google Places,Home Services / Gutters,,1,3
,,,+12102796389,The Glam Boulevard,Leon Valley,TX,,"Digital Desert, Review Automation Target, Lead Gen Target, 11-25 Reviews, Beauty / Hair Salon",Google Places,Beauty / Hair Salon,,18,5
,,,+12109298599,Alpha Cutz Exclusive Barber Studio,Leon Valley,TX,,"Digital Desert, Review Automation Target, Lead Gen Target, 11-25 Reviews, Beauty / Barber",Google Places,Beauty / Barber,,19,5
,,,,Miss Swan Pretty Nails Salon,Leon Valley,TX,,"Digital Desert, Review Automation Target, Lead Gen Target, 0 Reviews - Highest Priority, Beauty / Nail Salon",Google Places,Beauty / Nail Salon,,0,
,,,+12106169935,yuyu MASSAGE,Leon Valley,TX,,"Digital Desert, Review Automation Target, Lead Gen Target, 1-5 Reviews, Beauty / Massage",Google Places,Beauty / Massage,,4,5
,,,+12104098124,Luminous Beauty Suites,Leon Valley,TX,,"Digital Desert, Review Automation Target, Lead Gen Target, 6-10 Reviews, Beauty / Salon",Google Places,Beauty / Salon,,6,5
,,,+12106846245,Marvelous Salon & Spa,Leon Valley,TX,,"Digital Desert, Review Automation Target, Lead Gen Target, 11-25 Reviews, Beauty / Salon",Google Places,Beauty / Salon,,24,4.6
,,,+12108845266,Beauty Glo Spa,Leon Valley,TX,,"Digital Desert, Review Automation Target, Lead Gen Target, 0 Reviews - Highest Priority, Beauty / Salon",Google Places,Beauty / Salon,,0,
,,,+12105430725,P & L Beauty Salon,Leon Valley,TX,,"Digital Desert, Review Automation Target, Lead Gen Target, 1-5 Reviews, Beauty / Salon",Google Places,Beauty / Salon,,4,5
,,,+15619403608,Chyy’s Glambar,Leon Valley,TX,,"Digital Desert, Review Automation Target, Lead Gen Target, 1-5 Reviews, Beauty / Salon",Google Places,Beauty / Salon,,1,5
,,,+12102749594,Krolashes,Leon Valley,TX,https://linktr.ee/krolashes,"Digital Desert, Review Automation Target, Lead Gen Target, 11-25 Reviews, Beauty / Lash Studio",Google Places,Beauty / Lash Studio,,15,5
,,,+17262471166,The 5 Dollar Brow Line Threading Salon,Leon Valley,TX,,"Digital Desert, Review Automation Target, Lead Gen Target, 6-10 Reviews, Beauty / Lash Studio",Google Places,Beauty / Lash Studio,,8,5
,,,+12102336567,Cuttin’ Ink,Leon Valley,TX,,"Digital Desert, Review Automation Target, Lead Gen Target, 6-10 Reviews, Beauty / Tattoo",Google Places,Beauty / Tattoo,,8,5
,,,+12104303824,Smiling Bear Tattoos,Leon Valley,TX,,"Digital Desert, Review Automation Target, Lead Gen Target, 11-25 Reviews, Beauty / Tattoo",Google Places,Beauty / Tattoo,,13,5
,,,+12086168325,PRO1 AUTOMOTIVE,Leon Valley,TX,,"Digital Desert, Review Automation Target, Lead Gen Target, 1-5 Reviews, Auto Services / Repair",Google Places,Auto Services / Repair,,4,4
,,,+12102910568,Leon Valley Self Service Car Wash,Leon Valley,TX,,"Digital Desert, Review Automation Target, Lead Gen Target, 1-5 Reviews, Auto Services / Car Wash",Google Places,Auto Services / Car Wash,,2,4.5
,,,+12108437467,Pena Auto Body,Leon Valley,TX,,"Digital Desert, Review Automation Target, Lead Gen Target, 11-25 Reviews, Auto Services / Body Shop",Google Places,Auto Services / Body Shop,,24,4.5
,,,+12105739080,EL TACOTLAN,Leon Valley,TX,,"Digital Desert, Review Automation Target, Lead Gen Target, 1-5 Reviews, Food & Beverage / Taqueria",Google Places,Food & Beverage / Taqueria,,1,5
,,,+12102339645,Sylvia's Cafe,Leon Valley,TX,,"Digital Desert, Review Automation Target, Lead Gen Target, 11-25 Reviews, Food & Beverage / Taqueria",Google Places,Food & Beverage / Taqueria,,12,4.9
,,,+12102631058,NY Gyro King Food Truck 2,Leon Valley,TX,,"Digital Desert, Review Automation Target, Lead Gen Target, 6-10 Reviews, Food & Beverage / Food Truck",Google Places,Food & Beverage / Food Truck,,6,4
,,,+12103945065,&Gravy Foodtruck,Leon Valley,TX,,"Digital Desert, Review Automation Target, Lead Gen Target, 11-25 Reviews, Food & Beverage / Food Truck",Google Places,Food & Beverage / Food Truck,,18,4.9
,,,,Ta-malitos food truck,Leon Valley,TX,,"Digital Desert, Review Automation Target, Lead Gen Target, 0 Reviews - Highest Priority, Food & Beverage / Food Truck",Google Places,Food & Beverage / Food Truck,,0,
,,,+17262217083,Barbazole,Leon Valley,TX,,"Digital Desert, Review Automation Target, Lead Gen Target, 6-10 Reviews, Food & Beverage / Food Truck",Google Places,Food & Beverage / Food Truck,,10,5
,,,+12103921577,Barbacoa Boulevard,Leon Valley,TX,,"Digital Desert, Review Automation Target, Lead Gen Target, 1-5 Reviews, Food & Beverage / Restaurant",Google Places,Food & Beverage / Restaurant,,4,5
,,,+12108734948,Antojos Locos,Leon Valley,TX,,"Digital Desert, Review Automation Target, Lead Gen Target, 1-5 Reviews, Food & Beverage / Ice Cream",Google Places,Food & Beverage / Ice Cream,,2,4
,,,+12102046508,Texas 5 Stars Cleaning Service,Leon Valley,TX,,"Digital Desert, Review Automation Target, Lead Gen Target, 1-5 Reviews, Cleaning / Commercial",Google Places,Cleaning / Commercial,,1,5
,,,+17262449364,C.H. Power Wash,Leon Valley,TX,,"Digital Desert, Review Automation Target, Lead Gen Target, 0 Reviews - Highest Priority, Cleaning / Pressure Washing",Google Places,Cleaning / Pressure Washing,,0,
,,,+12104457972,911 Landscaping,Leon Valley,TX,,"Digital Desert, Review Automation Target, Lead Gen Target, 11-25 Reviews, Landscaping",Google Places,Landscaping,,14,5
,,,+12104429751,"Daycare Home ""Loving Childcare""",Leon Valley,TX,,"Digital Desert, Review Automation Target, Lead Gen Target, 0 Reviews - Highest Priority, Childcare / Daycare",Google Places,Childcare / Daycare,,0,
,,,+12105207484,Leon Tailor & Alterations,Leon Valley,TX,,"Digital Desert, Review Automation Target, Lead Gen Target, 6-10 Reviews, Retail / Alterations",Google Places,Retail / Alterations,,10,3.6
,,,+12108859705,24 Hour Neighborhood Notary,Leon Valley,TX,,"Digital Desert, Review Automation Target, Lead Gen Target, 6-10 Reviews, Professional / Notary",Google Places,Professional / Notary,,8,4.5
,,,+12109263846,Lopez 24/7 Notary,Leon Valley,TX,,"Digital Desert, Review Automation Target, Lead Gen Target, 1-5 Reviews, Professional / Notary",Google Places,Professional / Notary,,1,5
,,,+12107160202,Tovar Notary Services,Leon Valley,TX,,"Digital Desert, Review Automation Target, Lead Gen Target, 11-25 Reviews, Professional / Notary",Google Places,Professional / Notary,,13,5
,,,+12105276507,24 hour Texas Notary Service - HABLO ESPANOL,Leon Valley,TX,,"Digital Desert, Review Automation Target, Lead Gen Target, 11-25 Reviews, Professional / Notary",Google Places,Professional / Notary,,18,4.8
,,,+12108025288,San Antonio Premier Mobile Notary,Leon Valley,TX,,"Digital Desert, Review Automation Target, Lead Gen Target, 1-5 Reviews, Professional / Notary",Google Places,Professional / Notary,,1,5
,,,,Artistic Studios,Leon Valley,TX,,"Digital Desert, Review Automation Target, Lead Gen Target, 1-5 Reviews, Creative / Photography",Google Places,Creative / Photography,,1,3
,,,+12106857002,Greenhouse Entertainment,Leon Valley,TX,,"Digital Desert, Review Automation Target, Lead Gen Target, 11-25 Reviews, Creative / Photography",Google Places,Creative / Photography,,13,4.8
,,,+12107099973,"New Generation Plumbing, DBA",Lytle,TX,,"Digital Desert, Review Automation Target, Lead Gen Target, 1-5 Reviews, Home Services / Plumbing",Google Places,Home Services / Plumbing,,3,3.7
,,,+12106176967,LJA Electric LLC,Lytle,TX,,"Digital Desert, Review Automation Target, Lead Gen Target, 11-25 Reviews, Home Services / Electrical",Google Places,Home Services / Electrical,,12,5
,,,+18307724700,Stellar Air Conditioning & Heating LLC,Lytle,TX,,"Digital Desert, Review Automation Target, Lead Gen Target, 1-5 Reviews, Home Services / HVAC",Google Places,Home Services / HVAC,,2,3
,,,+12109806661,MR elite construction LLC,Lytle,TX,https://www.homeadvisor.com/rated.ff.136478236.html,"Digital Desert, Review Automation Target, Lead Gen Target, 0 Reviews - Highest Priority, Home Services / Roofing",Google Places,Home Services / Roofing,,0,
,,,+12103311346,JKW PAINTING AND TEXTURE,Lytle,TX,,"Digital Desert, Review Automation Target, Lead Gen Target, 6-10 Reviews, Home Services / Painting",Google Places,Home Services / Painting,,10,5
,,,+12103220217,Aguilar painting,Lytle,TX,,"Digital Desert, Review Automation Target, Lead Gen Target, 1-5 Reviews, Home Services / Painting",Google Places,Home Services / Painting,,4,4
,,,+18552978176,G M Pest Control,Lytle,TX,,"Digital Desert, Review Automation Target, Lead Gen Target, 11-25 Reviews, Home Services / Pest Control",Google Places,Home Services / Pest Control,,11,5
,,,+12105529816,JS Fencing,Lytle,TX,,"Digital Desert, Review Automation Target, Lead Gen Target, 1-5 Reviews, Home Services / Fencing",Google Places,Home Services / Fencing,,1,5
,,,+12106223473,Dependable Fence & Welding Co,Lytle,TX,,"Digital Desert, Review Automation Target, Lead Gen Target, 6-10 Reviews, Home Services / Fencing",Google Places,Home Services / Fencing,,7,3.7
,,,+12107272675,Zavala's Land Prep,Lytle,TX,,"Digital Desert, Review Automation Target, Lead Gen Target, 1-5 Reviews, Home Services / Fencing",Google Places,Home Services / Fencing,,5,5
,,,+18307097414,Appliance Repair Technologies Lytle,Lytle,TX,,"Digital Desert, Review Automation Target, Lead Gen Target, 1-5 Reviews, Home Services / Appliance Repair",Google Places,Home Services / Appliance Repair,,1,5
,,,+18304441781,Reflections Salon,Lytle,TX,,"Digital Desert, Review Automation Target, Lead Gen Target, 11-25 Reviews, Beauty / Hair Salon",Google Places,Beauty / Hair Salon,,25,4.6
,,,+18307723100,Shear Perfection,Lytle,TX,,"Digital Desert, Review Automation Target, Lead Gen Target, 11-25 Reviews, Beauty / Hair Salon",Google Places,Beauty / Hair Salon,,11,4.6
,,,,878 Barber shop Lytle tx,Lytle,TX,,"Digital Desert, Review Automation Target, Lead Gen Target, 1-5 Reviews, Beauty / Hair Salon",Google Places,Beauty / Hair Salon,,2,5
,,,+12104732330,Hair & Nails by Shelbie,Lytle,TX,,"Digital Desert, Review Automation Target, Lead Gen Target, 0 Reviews - Highest Priority, Beauty / Hair Salon",Google Places,Beauty / Hair Salon,,0,
,,,+18307091034,888 Barber and Beauty Institute,Lytle,TX,,"Digital Desert, Review Automation Target, Lead Gen Target, 1-5 Reviews, Beauty / Barber",Google Places,Beauty / Barber,,5,4.6
,,,+18302338324,EG Nails Lounge,Lytle,TX,https://instagram.com/egnailslounge?utm_source=qr&igshid=MzNlNGNkZWQ4Mg==,"Digital Desert, Review Automation Target, Lead Gen Target, 1-5 Reviews, Beauty / Nail Salon",Google Places,Beauty / Nail Salon,,5,5
,,,,EL MONTE TATTOOS,Lytle,TX,,"Digital Desert, Review Automation Target, Lead Gen Target, 0 Reviews - Highest Priority, Beauty / Tattoo",Google Places,Beauty / Tattoo,,0,
,,,,Pray boy ink,Lytle,TX,,"Digital Desert, Review Automation Target, Lead Gen Target, 0 Reviews - Highest Priority, Beauty / Tattoo",Google Places,Beauty / Tattoo,,0,
,,,,Rosendo’s Mobile Repairs,Lytle,TX,,"Digital Desert, Review Automation Target, Lead Gen Target, 1-5 Reviews, Auto Services / Repair",Google Places,Auto Services / Repair,,1,5
,,,+18302903524,"AMG AUTO CENTER , LLC",Lytle,TX,http://www.amgautocentertx.com/,"Digital Desert, Review Automation Target, Lead Gen Target, 6-10 Reviews, Auto Services / Repair",Google Places,Auto Services / Repair,,7,5
,,,+13372908969,Goolings mobile mechanic,Lytle,TX,,"Digital Desert, Review Automation Target, Lead Gen Target, 0 Reviews - Highest Priority, Auto Services / Repair",Google Places,Auto Services / Repair,,0,
,,,+12109242946,Performance Diesel,Lytle,TX,,"Digital Desert, Review Automation Target, Lead Gen Target, 11-25 Reviews, Auto Services / Repair",Google Places,Auto Services / Repair,,12,3.3
,,,+12106229130,F & M Auto Repair,Lytle,TX,,"Digital Desert, Review Automation Target, Lead Gen Target, 6-10 Reviews, Auto Services / Repair",Google Places,Auto Services / Repair,,6,4.3
,,,,Pumphouse Car Wash Self-Service,Lytle,TX,,"Digital Desert, Review Automation Target, Lead Gen Target, 6-10 Reviews, Auto Services / Car Wash",Google Places,Auto Services / Car Wash,,7,1.6
,,,+12102375438,Tin Shack Market,Lytle,TX,,"Digital Desert, Review Automation Target, Lead Gen Target, 1-5 Reviews, Food & Beverage / Food Truck",Google Places,Food & Beverage / Food Truck,,3,5
,,,+12103672133,Dahlgreen Food Truck Park,Lytle,TX,,"Digital Desert, Review Automation Target, Lead Gen Target, 11-25 Reviews, Food & Beverage / Food Truck",Google Places,Food & Beverage / Food Truck,,12,4.9
,,,+18306351061,Antojitos Mexicanos Mi Estilo,Lytle,TX,,"Digital Desert, Review Automation Target, Lead Gen Target, 11-25 Reviews, Food & Beverage / Food Truck",Google Places,Food & Beverage / Food Truck,,17,4.5
,,,+12108425089,Mojo Man Eateries,Lytle,TX,,"Digital Desert, Review Automation Target, Lead Gen Target, 6-10 Reviews, Food & Beverage / Food Truck",Google Places,Food & Beverage / Food Truck,,8,3.9
,,,,Mateos Pizza and Wings,Lytle,TX,http://www.facebook.com/mateospizzaandwings,"Digital Desert, Review Automation Target, Lead Gen Target, 1-5 Reviews, Food & Beverage / Food Truck",Google Places,Food & Beverage / Food Truck,,4,5
,,,+12109655158,Asian King Food Truck,Lytle,TX,,"Digital Desert, Review Automation Target, Lead Gen Target, 11-25 Reviews, Food & Beverage / Food Truck",Google Places,Food & Beverage / Food Truck,,25,4.6
,,,+18304211036,Dessert Deli,Lytle,TX,,"Digital Desert, Review Automation Target, Lead Gen Target, 11-25 Reviews, Food & Beverage / Bakery",Google Places,Food & Beverage / Bakery,,20,4.8
,,,,Algitas Mexican Restaurants,Lytle,TX,,"Digital Desert, Review Automation Target, Lead Gen Target, 1-5 Reviews, Food & Beverage / Restaurant",Google Places,Food & Beverage / Restaurant,,3,2
,,,+18307158170,MimiSnacks,Lytle,TX,,"Digital Desert, Review Automation Target, Lead Gen Target, 1-5 Reviews, Food & Beverage / Ice Cream",Google Places,Food & Beverage / Ice Cream,,1,5
,,,,Frendly stop,Lytle,TX,,"Digital Desert, Review Automation Target, Lead Gen Target, 6-10 Reviews, Food & Beverage / Ice Cream",Google Places,Food & Beverage / Ice Cream,,10,4.6
,,,,Twice the ice hielo,Lytle,TX,,"Digital Desert, Review Automation Target, Lead Gen Target, 1-5 Reviews, Food & Beverage / Ice Cream",Google Places,Food & Beverage / Ice Cream,,3,3.7
,,,+12106600129,Water Extraction by Clean Image,Lytle,TX,,"Digital Desert, Review Automation Target, Lead Gen Target, 11-25 Reviews, Cleaning / Carpet",Google Places,Cleaning / Carpet,,23,4.8
,,,+12103090404,Rocking L Lawncare LLC,Lytle,TX,,"Digital Desert, Review Automation Target, Lead Gen Target, 0 Reviews - Highest Priority, Landscaping",Google Places,Landscaping,,0,
,,,+12109620900,Climbers tree service,Lytle,TX,,"Digital Desert, Review Automation Target, Lead Gen Target, 1-5 Reviews, Landscaping / Tree",Google Places,Landscaping / Tree,,4,5
,,,+18307723300,Lil' Red Schoolhouse,Lytle,TX,,"Digital Desert, Review Automation Target, Lead Gen Target, 6-10 Reviews, Childcare / Daycare",Google Places,Childcare / Daycare,,8,4
,,,+18307724642,Care Inc Colonial Day,Lytle,TX,,"Digital Desert, Review Automation Target, Lead Gen Target, 6-10 Reviews, Childcare / Daycare",Google Places,Childcare / Daycare,,10,4.2
,,,+18307098711,Pac N Stack 3,Lytle,TX,https://www.pacnstacktx.com/,"Digital Desert, Review Automation Target, Lead Gen Target, 11-25 Reviews, Moving & Storage",Google Places,Moving & Storage,,19,4.7
,,,+18307723928,Lytle Mini-Storage,Lytle,TX,,"Digital Desert, Review Automation Target, Lead Gen Target, 11-25 Reviews, Moving & Storage",Google Places,Moving & Storage,,13,4.2
,,,+12103106537,I Know A Guy Moving Company,Lytle,TX,,"Digital Desert, Review Automation Target, Lead Gen Target, 6-10 Reviews, Moving & Storage",Google Places,Moving & Storage,,6,5
,,,+12107196230,Somiel Lotaf Tailorshop,Lytle,TX,,"Digital Desert, Review Automation Target, Lead Gen Target, 11-25 Reviews, Retail / Alterations",Google Places,Retail / Alterations,,20,5
,,,+12103802663,"Small Town Gals Boutique, LLC",Lytle,TX,,"Digital Desert, Review Automation Target, Lead Gen Target, 1-5 Reviews, Retail / Alterations",Google Places,Retail / Alterations,,4,5
,,,,Mamas' Thrifty Boutique,Lytle,TX,,"Digital Desert, Review Automation Target, Lead Gen Target, 1-5 Reviews, Retail / Alterations",Google Places,Retail / Alterations,,1,5
,,,+12108071006,Lytle Notary Services,Lytle,TX,,"Digital Desert, Review Automation Target, Lead Gen Target, 6-10 Reviews, Professional / Notary",Google Places,Professional / Notary,,6,5
,,,+14329676295,"Elly May's Pet Salon, LLC",Lytle,TX,,"Digital Desert, Review Automation Target, Lead Gen Target, 1-5 Reviews, Pet Services / Grooming",Google Places,Pet Services / Grooming,,5,4.2
,,,+18305103344,Paw Print Pet Resort,Lytle,TX,,"Digital Desert, Review Automation Target, Lead Gen Target, 11-25 Reviews, Pet Services / Boarding",Google Places,Pet Services / Boarding,,20,5
,,,+18307412905,A-Plus Plumbing Services,Hondo,TX,,"Digital Desert, Review Automation Target, Lead Gen Target, 6-10 Reviews, Home Services / Plumbing",Google Places,Home Services / Plumbing,,10,5
,,,+18304263910,Kunz Plumbing & Supply,Hondo,TX,,"Digital Desert, Review Automation Target, Lead Gen Target, 11-25 Reviews, Home Services / Plumbing",Google Places,Home Services / Plumbing,,13,4.2
,,,+18307418527,Alvarez Electric LLC,Hondo,TX,,"Digital Desert, Review Automation Target, Lead Gen Target, 1-5 Reviews, Home Services / Electrical",Google Places,Home Services / Electrical,,4,3
,,,+17269997586,C&M restoration,Hondo,TX,,"Digital Desert, Review Automation Target, Lead Gen Target, 0 Reviews - Highest Priority, Home Services / Painting",Google Places,Home Services / Painting,,0,
,,,+19035088765,East Texas Quality Painters & Remodeling,Hondo,TX,,"Digital Desert, Review Automation Target, Lead Gen Target, 11-25 Reviews, Home Services / Painting",Google Places,Home Services / Painting,,18,5
,,,+14322091303,West Texas Fencing & Supply,Hondo,TX,https://westtexasfencingtx.com/,"Digital Desert, Review Automation Target, Lead Gen Target, 1-5 Reviews, Home Services / Fencing",Google Places,Home Services / Fencing,,1,5
,,,+17262591974,Meadowbrook Appliance Repair Mechanics,Hondo,TX,,"Digital Desert, Review Automation Target, Lead Gen Target, 1-5 Reviews, Home Services / Appliance Repair",Google Places,Home Services / Appliance Repair,,2,5
,,,+17262559320,Elmline Appliance Repair Technicians,Hondo,TX,,"Digital Desert, Review Automation Target, Lead Gen Target, 1-5 Reviews, Home Services / Appliance Repair",Google Places,Home Services / Appliance Repair,,1,5
,,,+18304265637,Starr's Hair Designs,Hondo,TX,,"Digital Desert, Review Automation Target, Lead Gen Target, 11-25 Reviews, Beauty / Hair Salon",Google Places,Beauty / Hair Salon,,11,4.6
,,,+18304265491,Hair Dimension Salon,Hondo,TX,,"Digital Desert, Review Automation Target, Lead Gen Target, 1-5 Reviews, Beauty / Hair Salon",Google Places,Beauty / Hair Salon,,2,4
,,,,Little Big Town House of Hair,Hondo,TX,,"Digital Desert, Review Automation Target, Lead Gen Target, 11-25 Reviews, Beauty / Hair Salon",Google Places,Beauty / Hair Salon,,14,4.7
,,,,Kings and Queens Barber and Beauty,Hondo,TX,,"Digital Desert, Review Automation Target, Lead Gen Target, 1-5 Reviews, Beauty / Barber",Google Places,Beauty / Barber,,5,5
,,,+12108975168,18th Street Tattoo Parlor,Hondo,TX,,"Digital Desert, Review Automation Target, Lead Gen Target, 1-5 Reviews, Beauty / Tattoo",Google Places,Beauty / Tattoo,,2,5
,,,,Ruiz Auto Service Body & Paint,Hondo,TX,,"Digital Desert, Review Automation Target, Lead Gen Target, 11-25 Reviews, Auto Services / Repair",Google Places,Auto Services / Repair,,15,3.4
,,,+18303551451,Dave Cresswell's Small Engine Repair,Hondo,TX,,"Digital Desert, Review Automation Target, Lead Gen Target, 6-10 Reviews, Auto Services / Repair",Google Places,Auto Services / Repair,,7,4.4
,,,+18304449081,90 West Powersports,Hondo,TX,https://www.facebook.com/90westpowersports/,"Digital Desert, Review Automation Target, Lead Gen Target, 1-5 Reviews, Auto Services / Repair",Google Places,Auto Services / Repair,,2,5
,,,+18304268466,Dailey Wash Inc,Hondo,TX,,"Digital Desert, Review Automation Target, Lead Gen Target, 6-10 Reviews, Auto Services / Car Wash",Google Places,Auto Services / Car Wash,,7,3.3
,,,+12105357504,La Cosinita food truck,Hondo,TX,,"Digital Desert, Review Automation Target, Lead Gen Target, 11-25 Reviews, Food & Beverage / Food Truck",Google Places,Food & Beverage / Food Truck,,18,5
,,,,"Lewisville, Texas",Hondo,TX,,"Digital Desert, Review Automation Target, Lead Gen Target, 0 Reviews - Highest Priority, Food & Beverage / Bakery",Google Places,Food & Beverage / Bakery,,0,
,,,,109 22nd St Bakery,Hondo,TX,,"Digital Desert, Review Automation Target, Lead Gen Target, 0 Reviews - Highest Priority, Food & Beverage / Bakery",Google Places,Food & Beverage / Bakery,,0,
,,,,109 22nd St Bakery and Fresh Produce,Hondo,TX,,"Digital Desert, Review Automation Target, Lead Gen Target, 0 Reviews - Highest Priority, Food & Beverage / Bakery",Google Places,Food & Beverage / Bakery,,0,
,,,,Alvarez Food Mart,Hondo,TX,,"Digital Desert, Review Automation Target, Lead Gen Target, 11-25 Reviews, Food & Beverage / Tamales",Google Places,Food & Beverage / Tamales,,14,4.6
,,,+18303469337,Papa boba & Froyo Mama,Hondo,TX,,"Digital Desert, Review Automation Target, Lead Gen Target, 1-5 Reviews, Food & Beverage / Ice Cream",Google Places,Food & Beverage / Ice Cream,,2,5
,,,+18305842044,SOE Beverage Barn Hondo,Hondo,TX,http://www.facebook.com/soebeveragebarn-Hondo,"Digital Desert, Review Automation Target, Lead Gen Target, 1-5 Reviews, Food & Beverage / Ice Cream",Google Places,Food & Beverage / Ice Cream,,4,5
,,,+12105502114,Twice the Ice,Hondo,TX,,"Digital Desert, Review Automation Target, Lead Gen Target, 0 Reviews - Highest Priority, Food & Beverage / Ice Cream",Google Places,Food & Beverage / Ice Cream,,0,
,,,+18304442859,Zee's Beverage Barn,Hondo,TX,,"Digital Desert, Review Automation Target, Lead Gen Target, 6-10 Reviews, Food & Beverage / Ice Cream",Google Places,Food & Beverage / Ice Cream,,8,4.8
,,,+18304264266,Minits #112,Hondo,TX,http://minitstx.com/,"Digital Desert, Review Automation Target, Lead Gen Target, 11-25 Reviews, Food & Beverage / Ice Cream",Google Places,Food & Beverage / Ice Cream,,20,3.4
,,,+18304442070,Deep Nutrition,Hondo,TX,,"Digital Desert, Review Automation Target, Lead Gen Target, 11-25 Reviews, Food & Beverage / Ice Cream",Google Places,Food & Beverage / Ice Cream,,11,4.5
,,,+12103443763,Apex Limited Inc,Hondo,TX,,"Digital Desert, Review Automation Target, Lead Gen Target, 1-5 Reviews, Cleaning / Commercial",Google Places,Cleaning / Commercial,,2,3
,,,+18304260539,TNT Cleaners,Hondo,TX,,"Digital Desert, Review Automation Target, Lead Gen Target, 6-10 Reviews, Cleaning / Carpet",Google Places,Cleaning / Carpet,,10,4.7
,,,+12105378800,Maximum Pressure Washing Elite,Hondo,TX,,"Digital Desert, Review Automation Target, Lead Gen Target, 6-10 Reviews, Cleaning / Pressure Washing",Google Places,Cleaning / Pressure Washing,,6,5
,,,+18304263862,SAT Learning Center,Hondo,TX,,"Digital Desert, Review Automation Target, Lead Gen Target, 1-5 Reviews, Childcare / Daycare",Google Places,Childcare / Daycare,,1,5
,,,+18304265613,Tondre Storage & Transfer,Hondo,TX,,"Digital Desert, Review Automation Target, Lead Gen Target, 0 Reviews - Highest Priority, Moving & Storage",Google Places,Moving & Storage,,0,
,,,+18307411442,Roadrunner Trucking Company,Hondo,TX,,"Digital Desert, Review Automation Target, Lead Gen Target, 0 Reviews - Highest Priority, Moving & Storage",Google Places,Moving & Storage,,0,
,,,,Coin Laundry,Hondo,TX,,"Digital Desert, Review Automation Target, Lead Gen Target, 11-25 Reviews, Retail / Laundromat",Google Places,Retail / Laundromat,,11,4.5
,,,+19152484306,Notary Public EPTX,Hondo,TX,,"Digital Desert, Review Automation Target, Lead Gen Target, 6-10 Reviews, Professional / Notary",Google Places,Professional / Notary,,8,5
,,,+18304264682,B & B Bookkeeping & Tax Service,Hondo,TX,,"Digital Desert, Review Automation Target, Lead Gen Target, 1-5 Reviews, Professional / Notary",Google Places,Professional / Notary,,3,3.7
,,,+12103261109,Untamed Whimsy Photography,Hondo,TX,,"Digital Desert, Review Automation Target, Lead Gen Target, 11-25 Reviews, Creative / Photography",Google Places,Creative / Photography,,22,5
,,,+18303992827,All tails and whiskers pet grooming,Hondo,TX,,"Digital Desert, Review Automation Target, Lead Gen Target, 1-5 Reviews, Pet Services / Grooming",Google Places,Pet Services / Grooming,,1,5
,,,+12813776093,Perfect Painters,Houston,TX,https://www.paintingcontractorhoustontx.com/about-us/,"Digital Desert, Review Automation Target, Lead Gen Target, 1-5 Reviews, Home Services / Painting",Google Places,Home Services / Painting,,4,5
,,,+18323249977,Buffalo Bayou Handyman,Houston,TX,,"Digital Desert, Review Automation Target, Lead Gen Target, 11-25 Reviews, Home Services / Handyman",Google Places,Home Services / Handyman,,17,4.9
,,,+18322715306,Houston Elite Gutter Cleaning,Houston,TX,,"Digital Desert, Review Automation Target, Lead Gen Target, 1-5 Reviews, Home Services / Gutters",Google Places,Home Services / Gutters,,3,5
,,,+17137318504,249 Food Truck Park,Houston,TX,,"Digital Desert, Review Automation Target, Lead Gen Target, 6-10 Reviews, Food & Beverage / Food Truck",Google Places,Food & Beverage / Food Truck,,9,4.6
,,,+12818021940,Westheimer Food Truck Park,Houston,TX,,"Digital Desert, Review Automation Target, Lead Gen Target, 11-25 Reviews, Food & Beverage / Food Truck",Google Places,Food & Beverage / Food Truck,,15,4.7
,,,,Emancipation Food Truck Park,Houston,TX,,"Digital Desert, Review Automation Target, Lead Gen Target, 11-25 Reviews, Food & Beverage / Food Truck",Google Places,Food & Beverage / Food Truck,,15,4.4
,,,,The Tamale Shakk (Food Truck),Houston,TX,,"Digital Desert, Review Automation Target, Lead Gen Target, 6-10 Reviews, Food & Beverage / Tamales",Google Places,Food & Beverage / Tamales,,6,5
,,,+18325013044,Little Hands Home Back Up Care,Houston,TX,https://linktr.ee/littlehands.hbuc,"Digital Desert, Review Automation Target, Lead Gen Target, 1-5 Reviews, Childcare / Daycare",Google Places,Childcare / Daycare,,5,5
,,,+12814063828,Pawsome Creations by Lauren,Houston,TX,,"Digital Desert, Review Automation Target, Lead Gen Target, 11-25 Reviews, Pet Services / Grooming",Google Places,Pet Services / Grooming,,11,5
,,,+15122892181,On-site Handyman,Austin,TX,,"Digital Desert, Review Automation Target, Lead Gen Target, 1-5 Reviews, Home Services / Handyman",Google Places,Home Services / Handyman,,2,5
,,,+18307196939,Family Fences,Austin,TX,https://familyfencestx.com/,"Digital Desert, Review Automation Target, Lead Gen Target, 11-25 Reviews, Home Services / Fencing",Google Places,Home Services / Fencing,,24,5
,,,+17373230722,Lash & Brow Now,Austin,TX,,"Digital Desert, Review Automation Target, Lead Gen Target, 11-25 Reviews, Beauty / Lash Studio",Google Places,Beauty / Lash Studio,,13,5
,,,+15127799502,WAX BUNNY STUDIO,Austin,TX,https://www.instagram.com/waxbunnystudio/,"Digital Desert, Review Automation Target, Lead Gen Target, 11-25 Reviews, Beauty / Waxing",Google Places,Beauty / Waxing,,23,5
,,,+15125205197,Smiles tire shop,Austin,TX,,"Digital Desert, Review Automation Target, Lead Gen Target, 11-25 Reviews, Auto Services / Tires",Google Places,Auto Services / Tires,,14,5
,,,,Asian Halal Food Truck,Austin,TX,,"Digital Desert, Review Automation Target, Lead Gen Target, 11-25 Reviews, Food & Beverage / Food Truck",Google Places,Food & Beverage / Food Truck,,13,5
,,,,El Tianguis Food Truck Park,Austin,TX,,"Digital Desert, Review Automation Target, Lead Gen Target, 11-25 Reviews, Food & Beverage / Food Truck",Google Places,Food & Beverage / Food Truck,,25,4.1
,,,,Food Trucks,Austin,TX,,"Digital Desert, Review Automation Target, Lead Gen Target, 11-25 Reviews, Food & Beverage / Food Truck",Google Places,Food & Beverage / Food Truck,,16,4.8
,,,,Food Trucks,Austin,TX,,"Digital Desert, Review Automation Target, Lead Gen Target, 11-25 Reviews, Food & Beverage / Food Truck",Google Places,Food & Beverage / Food Truck,,15,4.5
,,,,The Treehouse Park,Austin,TX,https://www.instagram.com/thetreehousepark?igsh=MXZsaGVhcHFwMWZzOA==,"Digital Desert, Review Automation Target, Lead Gen Target, 11-25 Reviews, Food & Beverage / Food Truck",Google Places,Food & Beverage / Food Truck,,25,3.8
,,,+15126553099,Tamales de Flor @Arboretum Food & Artisan Market,Austin,TX,https://linktr.ee/tamalesdeflor,"Digital Desert, Review Automation Target, Lead Gen Target, 0 Reviews - Highest Priority, Food & Beverage / Tamales",Google Places,Food & Beverage / Tamales,,0,
,,,+15126553099,Tamales de Flor @Barton Creek Farmers Market,Austin,TX,https://linktr.ee/tamalesdeflor,"Digital Desert, Review Automation Target, Lead Gen Target, 0 Reviews - Highest Priority, Food & Beverage / Tamales",Google Places,Food & Beverage / Tamales,,0,
,,,+15129833047,S&p cleaning solutions llc,Austin,TX,https://www.instagram.com/spcleaningsolutions2024?igsh=MTRvNmd2eHlubDZkMA==,"Digital Desert, Review Automation Target, Lead Gen Target, 11-25 Reviews, Cleaning / Commercial",Google Places,Cleaning / Commercial,,24,5
,,,+17374280151,Austin Multilingual Notary,Austin,TX,,"Digital Desert, Review Automation Target, Lead Gen Target, 1-5 Reviews, Professional / Notary",Google Places,Professional / Notary,,5,5
,,,+17372798331,5 Star Austin Notary,Austin,TX,,"Digital Desert, Review Automation Target, Lead Gen Target, 6-10 Reviews, Professional / Notary",Google Places,Professional / Notary,,7,5
,,,+17373966060,Notary Public - Austin,Austin,TX,,"Digital Desert, Review Automation Target, Lead Gen Target, 0 Reviews - Highest Priority, Professional / Notary",Google Places,Professional / Notary,,0,
,,,+15122140314,Xotic Notary Services,Austin,TX,,"Digital Desert, Review Automation Target, Lead Gen Target, 6-10 Reviews, Professional / Notary",Google Places,Professional / Notary,,9,5
,,,+14693610780,Local Electrics Contractor,Dallas,TX,,"Digital Desert, Review Automation Target, Lead Gen Target, 11-25 Reviews, Home Services / Electrical",Google Places,Home Services / Electrical,,12,4.9
,,,+19564800529,Perez Painting & Construction,Dallas,TX,,"Digital Desert, Review Automation Target, Lead Gen Target, 11-25 Reviews, Home Services / Painting",Google Places,Home Services / Painting,,23,5
,,,+14699122504,Dallas Gutter Cleaning & Repairs,Dallas,TX,,"Digital Desert, Review Automation Target, Lead Gen Target, 11-25 Reviews, Home Services / Gutters",Google Places,Home Services / Gutters,,21,5
,,,+14697759221,Gutter Pros,Dallas,TX,,"Digital Desert, Review Automation Target, Lead Gen Target, 1-5 Reviews, Home Services / Gutters",Google Places,Home Services / Gutters,,2,5
,,,+12146540086,North Dallas Tire Shop,Dallas,TX,,"Digital Desert, Review Automation Target, Lead Gen Target, 11-25 Reviews, Auto Services / Tires",Google Places,Auto Services / Tires,,19,4.7
,,,,Greek Lovers food truck,Dallas,TX,,"Digital Desert, Review Automation Target, Lead Gen Target, 6-10 Reviews, Food & Beverage / Food Truck",Google Places,Food & Beverage / Food Truck,,7,4.7
,,,+12148213683,Dallas Donuts & Croissants,Dallas,TX,,"Digital Desert, Review Automation Target, Lead Gen Target, 11-25 Reviews, Food & Beverage / Donut",Google Places,Food & Beverage / Donut,,20,5
,,,+14694366304,Evergreen Sustainable Landscapes LLC,Dallas,TX,http://www.evergreenlandscapestx.com/,"Digital Desert, Review Automation Target, Lead Gen Target, 11-25 Reviews, Landscaping",Google Places,Landscaping,,25,4.8
,,,,Sam’s lawn care dfw,Dallas,TX,,"Digital Desert, Review Automation Target, Lead Gen Target, 11-25 Reviews, Landscaping / Lawn Care",Google Places,Landscaping / Lawn Care,,17,4.8
,,,+12149517766,Katie's Little Angels Daycare,Dallas,TX,,"Digital Desert, Review Automation Target, Lead Gen Target, 11-25 Reviews, Childcare / Daycare",Google Places,Childcare / Daycare,,13,4.6
,,,+19729134133,"A Special Love Childcare Academy Learning Center, LLC",Dallas,TX,,"Digital Desert, Review Automation Target, Lead Gen Target, 11-25 Reviews, Childcare / Daycare",Google Places,Childcare / Daycare,,22,4.6
,,,+14695670066,Notary Public,Dallas,TX,,"Digital Desert, Review Automation Target, Lead Gen Target, 11-25 Reviews, Professional / Notary",Google Places,Professional / Notary,,16,5
,,,+18172420395,A1 Electricians Fort Worth,Fort Worth,TX,,"Digital Desert, Review Automation Target, Lead Gen Target, 11-25 Reviews, Home Services / Electrical",Google Places,Home Services / Electrical,,14,5
,,,+14697514898,Fort Electrics,Fort Worth,TX,,"Digital Desert, Review Automation Target, Lead Gen Target, 11-25 Reviews, Home Services / Electrical",Google Places,Home Services / Electrical,,20,5
,,,+18179093273,"The Tall Creative Handyman of Texas, LLC",Fort Worth,TX,https://www.facebook.com/The.Tall.Creative.Handyman.of.Texas.Reborn/,"Digital Desert, Review Automation Target, Lead Gen Target, 11-25 Reviews, Home Services / Handyman",Google Places,Home Services / Handyman,,15,5
,,,+16825648348,VeryHandy LLC DfW Handyman,Fort Worth,TX,,"Digital Desert, Review Automation Target, Lead Gen Target, 1-5 Reviews, Home Services / Handyman",Google Places,Home Services / Handyman,,2,5
,,,+18179440106,Skyline Pool Service llc,Fort Worth,TX,,"Digital Desert, Review Automation Target, Lead Gen Target, 11-25 Reviews, Home Services / Pool",Google Places,Home Services / Pool,,19,5
,,,+16824336519,E.A Appliance Repair,Fort Worth,TX,,"Digital Desert, Review Automation Target, Lead Gen Target, 11-25 Reviews, Home Services / Appliance Repair",Google Places,Home Services / Appliance Repair,,16,4.9
,,,+18178139028,Gutter Installation and Cleaning,Fort Worth,TX,https://guttersfortworthtx.com/,"Digital Desert, Review Automation Target, Lead Gen Target, 11-25 Reviews, Home Services / Gutters",Google Places,Home Services / Gutters,,12,5
,,,+16822037129,Catlyn Beauty - Lashes Extensions Microblading Eyebrows Headspa Fort Worth Tx,Fort Worth,TX,https://www.instagram.com/catlynbeauty,"Digital Desert, Review Automation Target, Lead Gen Target, 11-25 Reviews, Beauty / Lash Studio",Google Places,Beauty / Lash Studio,,25,5
,,,+16825600074,Nevarez Tire Shop,Fort Worth,TX,,"Digital Desert, Review Automation Target, Lead Gen Target, 11-25 Reviews, Auto Services / Tires",Google Places,Auto Services / Tires,,20,4.6
,,,,La Vaquerita Food Truck,Fort Worth,TX,,"Digital Desert, Review Automation Target, Lead Gen Target, 1-5 Reviews, Food & Beverage / Food Truck",Google Places,Food & Beverage / Food Truck,,4,5
,,,+18178977031,Gold Revolver,Fort Worth,TX,,"Digital Desert, Review Automation Target, Lead Gen Target, 11-25 Reviews, Food & Beverage / Food Truck",Google Places,Food & Beverage / Food Truck,,19,4.8
,,,,Tamales,Fort Worth,TX,,"Digital Desert, Review Automation Target, Lead Gen Target, 0 Reviews - Highest Priority, Food & Beverage / Tamales",Google Places,Food & Beverage / Tamales,,0,
,,,+18178316300,C Store,Fort Worth,TX,,"Digital Desert, Review Automation Target, Lead Gen Target, 11-25 Reviews, Food & Beverage / Tamales",Google Places,Food & Beverage / Tamales,,17,4.7
,,,,Rodrique Tamaleshack,Fort Worth,TX,,"Digital Desert, Review Automation Target, Lead Gen Target, 0 Reviews - Highest Priority, Food & Beverage / Tamales",Google Places,Food & Beverage / Tamales,,0,
,,,+18173702217,Jackson’s Quality Janitorial,Fort Worth,TX,,"Digital Desert, Review Automation Target, Lead Gen Target, 1-5 Reviews, Cleaning / Commercial",Google Places,Cleaning / Commercial,,3,5
,,,+18177918265,Alvarado Power Wash LLC.,Fort Worth,TX,,"Digital Desert, Review Automation Target, Lead Gen Target, 11-25 Reviews, Cleaning / Pressure Washing",Google Places,Cleaning / Pressure Washing,,16,5
,,,+18172286676,High Point Pressure Washing LLC,Fort Worth,TX,,"Digital Desert, Review Automation Target, Lead Gen Target, 1-5 Reviews, Cleaning / Pressure Washing",Google Places,Cleaning / Pressure Washing,,2,5
,,,+14694738006,The Tribe Childcare,Fort Worth,TX,,"Digital Desert, Review Automation Target, Lead Gen Target, 11-25 Reviews, Childcare / Daycare",Google Places,Childcare / Daycare,,24,4.8
,,,+18176241016,Mother Goose Daycare LLC,Fort Worth,TX,https://www.facebook.com/share/1DTD4rUM7K/?mibextid=wwXIfr,"Digital Desert, Review Automation Target, Lead Gen Target, 11-25 Reviews, Childcare / Daycare",Google Places,Childcare / Daycare,,17,4.9
,,,+18172465399,Dona Alterations,Fort Worth,TX,,"Digital Desert, Review Automation Target, Lead Gen Target, 11-25 Reviews, Retail / Alterations",Google Places,Retail / Alterations,,23,3.9
,,,+18172410290,1 Hour Laundromat,Fort Worth,TX,,"Digital Desert, Review Automation Target, Lead Gen Target, 6-10 Reviews, Retail / Laundromat",Google Places,Retail / Laundromat,,7,5
,,,+18173338124,notarynearme-fortworth,Fort Worth,TX,,"Digital Desert, Review Automation Target, Lead Gen Target, 11-25 Reviews, Professional / Notary",Google Places,Professional / Notary,,13,5
,,,+18179271884,OC's Notary Public & Services,Fort Worth,TX,https://www.notarypublicfortworthtx.com/contact,"Digital Desert, Review Automation Target, Lead Gen Target, 6-10 Reviews, Professional / Notary",Google Places,Professional / Notary,,7,4.4
,,,+18179264780,Dan's Notary Service,Fort Worth,TX,,"Digital Desert, Review Automation Target, Lead Gen Target, 11-25 Reviews, Professional / Notary",Google Places,Professional / Notary,,11,4.1
,,,+18173951045,PostalAnnex,Fort Worth,TX,https://www.postalannex.com/location/fort-worth/23016?utm_source=google&utm_medium=local&utm_campaign=localmaps&utm_content=23016,"Digital Desert, Review Automation Target, Lead Gen Target, 11-25 Reviews, Professional / Notary",Google Places,Professional / Notary,,22,5
,,,+19723332927,Fort Worth BBQ Catering,Fort Worth,TX,,"Digital Desert, Review Automation Target, Lead Gen Target, 6-10 Reviews, Food & Beverage / Catering",Google Places,Food & Beverage / Catering,,6,4.7
,,,+19155983622,"Sun City Electric Co., Inc.",El Paso,TX,,"Digital Desert, Review Automation Target, Lead Gen Target, 11-25 Reviews, Home Services / Electrical",Google Places,Home Services / Electrical,,19,4.9
,,,+19156218617,New World HVAC & Construction,El Paso,TX,https://www.instagram.com/new_world_hvac_cons?igsh=Z2dlZWp3aWllMDB1&utm_source=qr,"Digital Desert, Review Automation Target, Lead Gen Target, 11-25 Reviews, Home Services / HVAC",Google Places,Home Services / HVAC,,20,5
,,,+19158550084,Espinoza Painting,El Paso,TX,,"Digital Desert, Review Automation Target, Lead Gen Target, 6-10 Reviews, Home Services / Painting",Google Places,Home Services / Painting,,6,3.7
,,,+19154084508,Real Deal Painting Remodeling,El Paso,TX,,"Digital Desert, Review Automation Target, Lead Gen Target, 1-5 Reviews, Home Services / Painting",Google Places,Home Services / Painting,,2,3
,,,+19128386305,Urban Home Painting,El Paso,TX,,"Digital Desert, Review Automation Target, Lead Gen Target, 0 Reviews - Highest Priority, Home Services / Painting",Google Places,Home Services / Painting,,0,
,,,+19153558295,CCPHS Contracting,El Paso,TX,,"Digital Desert, Review Automation Target, Lead Gen Target, 11-25 Reviews, Home Services / Handyman",Google Places,Home Services / Handyman,,21,4.6
,,,+19154965065,Garcia's Handyman,El Paso,TX,,"Digital Desert, Review Automation Target, Lead Gen Target, 1-5 Reviews, Home Services / Handyman",Google Places,Home Services / Handyman,,2,5
,,,+19152085152,JJ Handyman/Repair Services,El Paso,TX,,"Digital Desert, Review Automation Target, Lead Gen Target, 11-25 Reviews, Home Services / Handyman",Google Places,Home Services / Handyman,,13,4.4
,,,+19152043236,Super Handyman,El Paso,TX,,"Digital Desert, Review Automation Target, Lead Gen Target, 1-5 Reviews, Home Services / Handyman",Google Places,Home Services / Handyman,,1,5
,,,+19155871081,Aim Pest Control LLC,El Paso,TX,,"Digital Desert, Review Automation Target, Lead Gen Target, 11-25 Reviews, Home Services / Pest Control",Google Places,Home Services / Pest Control,,19,4.9
,,,+19152331586,El Paso Fence Installation Company,El Paso,TX,,"Digital Desert, Review Automation Target, Lead Gen Target, 1-5 Reviews, Home Services / Fencing",Google Places,Home Services / Fencing,,1,5
,,,,El Paso Fence Co,El Paso,TX,,"Digital Desert, Review Automation Target, Lead Gen Target, 1-5 Reviews, Home Services / Fencing",Google Places,Home Services / Fencing,,1,5
,,,+12103996411,Texas Trust Fencing & Gates,El Paso,TX,,"Digital Desert, Review Automation Target, Lead Gen Target, 1-5 Reviews, Home Services / Fencing",Google Places,Home Services / Fencing,,4,5
,,,+19155629500,Sabino's Iron Works & Fence,El Paso,TX,,"Digital Desert, Review Automation Target, Lead Gen Target, 11-25 Reviews, Home Services / Fencing",Google Places,Home Services / Fencing,,18,4.3
,,,+19157721321,J A Jordan Fence & Construction Co,El Paso,TX,,"Digital Desert, Review Automation Target, Lead Gen Target, 1-5 Reviews, Home Services / Fencing",Google Places,Home Services / Fencing,,5,4.8
,,,+19155320848,American Pool Service,El Paso,TX,,"Digital Desert, Review Automation Target, Lead Gen Target, 6-10 Reviews, Home Services / Pool",Google Places,Home Services / Pool,,9,2.3
,,,+19158089778,Aqua Tek Pool & Spa Service,El Paso,TX,,"Digital Desert, Review Automation Target, Lead Gen Target, 6-10 Reviews, Home Services / Pool",Google Places,Home Services / Pool,,9,4.1
,,,,Mainline Appliance Repair Pros,El Paso,TX,,"Digital Desert, Review Automation Target, Lead Gen Target, 1-5 Reviews, Home Services / Appliance Repair",Google Places,Home Services / Appliance Repair,,2,5
,,,+19153571820,PowerUp Appliance Repair Services,El Paso,TX,,"Digital Desert, Review Automation Target, Lead Gen Target, 1-5 Reviews, Home Services / Appliance Repair",Google Places,Home Services / Appliance Repair,,1,5
,,,+15614458920,The Wash Wizard of El Paso LLC,El Paso,TX,,"Digital Desert, Review Automation Target, Lead Gen Target, 6-10 Reviews, Home Services / Gutters",Google Places,Home Services / Gutters,,7,4.6
,,,+19152598174,Elevated Barber Studio,El Paso,TX,,"Digital Desert, Review Automation Target, Lead Gen Target, 6-10 Reviews, Beauty / Barber",Google Places,Beauty / Barber,,7,5
,,,+19159337979,Beauty Brows & Lash Salon,El Paso,TX,,"Digital Desert, Review Automation Target, Lead Gen Target, 1-5 Reviews, Beauty / Lash Studio",Google Places,Beauty / Lash Studio,,3,5
,,,+19158731365,EP Wax & Beauty,El Paso,TX,,"Digital Desert, Review Automation Target, Lead Gen Target, 11-25 Reviews, Beauty / Waxing",Google Places,Beauty / Waxing,,23,5
,,,,El Paso Auto Service Center,El Paso,TX,,"Digital Desert, Review Automation Target, Lead Gen Target, 1-5 Reviews, Auto Services / Repair",Google Places,Auto Services / Repair,,2,5
,,,+19157787170,El Taquito,El Paso,TX,https://m.facebook.com/pages/El-Taquito/100876396623625,"Digital Desert, Review Automation Target, Lead Gen Target, 0 Reviews - Highest Priority, Food & Beverage / Taqueria",Google Places,Food & Beverage / Taqueria,,0,
,,,+19157028204,DJ's Food Truck Park,El Paso,TX,,"Digital Desert, Review Automation Target, Lead Gen Target, 11-25 Reviews, Food & Beverage / Food Truck",Google Places,Food & Beverage / Food Truck,,12,4.8
,,,,Moncheese food truck,El Paso,TX,,"Digital Desert, Review Automation Target, Lead Gen Target, 11-25 Reviews, Food & Beverage / Food Truck",Google Places,Food & Beverage / Food Truck,,17,4.4
,,,,Mr. Combi Food truck,El Paso,TX,,"Digital Desert, Review Automation Target, Lead Gen Target, 1-5 Reviews, Food & Beverage / Food Truck",Google Places,Food & Beverage / Food Truck,,4,5
,,,+19152342294,Tamales Abuelito,El Paso,TX,,"Digital Desert, Review Automation Target, Lead Gen Target, 11-25 Reviews, Food & Beverage / Tamales",Google Places,Food & Beverage / Tamales,,19,5
,,,,Tortilleria Masa P Tamales,El Paso,TX,,"Digital Desert, Review Automation Target, Lead Gen Target, 6-10 Reviews, Food & Beverage / Tamales",Google Places,Food & Beverage / Tamales,,9,4.4
,,,+19152219274,El Paso Cleaning Service,El Paso,TX,,"Digital Desert, Review Automation Target, Lead Gen Target, 6-10 Reviews, Cleaning / Residential",Google Places,Cleaning / Residential,,8,4.9
,,,+19157808894,Bowman Janitorial Commercial cleaning service,El Paso,TX,,"Digital Desert, Review Automation Target, Lead Gen Target, 1-5 Reviews, Cleaning / Commercial",Google Places,Cleaning / Commercial,,2,5
,,,+19153291371,Professional cleaning services,El Paso,TX,,"Digital Desert, Review Automation Target, Lead Gen Target, 1-5 Reviews, Cleaning / Commercial",Google Places,Cleaning / Commercial,,1,5
,,,+19152694476,Pressure Power Washers Inc,El Paso,TX,,"Digital Desert, Review Automation Target, Lead Gen Target, 11-25 Reviews, Cleaning / Pressure Washing",Google Places,Cleaning / Pressure Washing,,16,5
,,,+19159995702,Sunshine Lawn Care of El Paso,El Paso,TX,,"Digital Desert, Review Automation Target, Lead Gen Target, 6-10 Reviews, Landscaping / Lawn Care",Google Places,Landscaping / Lawn Care,,9,4.9
,,,,Green Lawn Tree Experts,El Paso,TX,,"Digital Desert, Review Automation Target, Lead Gen Target, 0 Reviews - Highest Priority, Landscaping / Tree",Google Places,Landscaping / Tree,,0,
,,,+19156374714,Avant Garde Daycare and Learning Center,El Paso,TX,,"Digital Desert, Review Automation Target, Lead Gen Target, 11-25 Reviews, Childcare / Daycare",Google Places,Childcare / Daycare,,20,4.8
,,,+19152398816,Seven Little Steps Learning Center LLC,El Paso,TX,,"Digital Desert, Review Automation Target, Lead Gen Target, 11-25 Reviews, Childcare / Daycare",Google Places,Childcare / Daycare,,25,4.8
,,,+19158614728,Jasmine Designs Tailor Shop,El Paso,TX,,"Digital Desert, Review Automation Target, Lead Gen Target, 11-25 Reviews, Retail / Alterations",Google Places,Retail / Alterations,,22,5
,,,+19152517296,BRATTS STITCH,El Paso,TX,,"Digital Desert, Review Automation Target, Lead Gen Target, 11-25 Reviews, Retail / Alterations",Google Places,Retail / Alterations,,19,4.9
,,,+19158552351,Tailor Alterations,El Paso,TX,,"Digital Desert, Review Automation Target, Lead Gen Target, 1-5 Reviews, Retail / Alterations",Google Places,Retail / Alterations,,2,3
,,,+19155660065,Alterations BJ.,El Paso,TX,,"Digital Desert, Review Automation Target, Lead Gen Target, 11-25 Reviews, Retail / Alterations",Google Places,Retail / Alterations,,19,3.7
,,,+19157307900,Nordstrom Rack Tailor Shop The Fountains of Farah,El Paso,TX,,"Digital Desert, Review Automation Target, Lead Gen Target, 11-25 Reviews, Retail / Alterations",Google Places,Retail / Alterations,,17,4.4
,,,+19154979695,Wash And Go Laundromat,El Paso,TX,http://facebook.com/Washandgolaundromat,"Digital Desert, Review Automation Target, Lead Gen Target, 1-5 Reviews, Retail / Laundromat",Google Places,Retail / Laundromat,,5,5
,,,+19155625155,ABC Notary Public,El Paso,TX,,"Digital Desert, Review Automation Target, Lead Gen Target, 11-25 Reviews, Professional / Notary",Google Places,Professional / Notary,,12,4.1
,,,+19155445555,Amigo Notary,El Paso,TX,,"Digital Desert, Review Automation Target, Lead Gen Target, 11-25 Reviews, Professional / Notary",Google Places,Professional / Notary,,14,4.7
,,,+19157727321,"J & G Silva Professional Services, LLC",El Paso,TX,,"Digital Desert, Review Automation Target, Lead Gen Target, 11-25 Reviews, Professional / Notary",Google Places,Professional / Notary,,23,3.6
,,,+19157659607,Big Joe’s Locksmith,El Paso,TX,,"Digital Desert, Review Automation Target, Lead Gen Target, 6-10 Reviews, Home Services / Locksmith",Google Places,Home Services / Locksmith,,10,5
,,,+19152261505,El Flacko Locksmith,El Paso,TX,,"Digital Desert, Review Automation Target, Lead Gen Target, 6-10 Reviews, Home Services / Locksmith",Google Places,Home Services / Locksmith,,9,5
,,,+19153730119,Y2K Pixx Photo Studio,El Paso,TX,,"Digital Desert, Review Automation Target, Lead Gen Target, 1-5 Reviews, Creative / Photography",Google Places,Creative / Photography,,2,5
,,,+19157015972,ImagineArt,El Paso,TX,,"Digital Desert, Review Automation Target, Lead Gen Target, 6-10 Reviews, Creative / Photography",Google Places,Creative / Photography,,7,5
,,,,The Brewhouse Studio,El Paso,TX,,"Digital Desert, Review Automation Target, Lead Gen Target, 6-10 Reviews, Creative / Photography",Google Places,Creative / Photography,,6,4.7
,,,+19157274327,Azure Events,El Paso,TX,,"Digital Desert, Review Automation Target, Lead Gen Target, 6-10 Reviews, Food & Beverage / Catering",Google Places,Food & Beverage / Catering,,7,4
,,,+19152974675,"Scratch Kitchen El Paso,Texas",El Paso,TX,,"Digital Desert, Review Automation Target, Lead Gen Target, 1-5 Reviews, Food & Beverage / Catering",Google Places,Food & Beverage / Catering,,1,5
,,,+19159260049,Elite JC's Catering,El Paso,TX,,"Digital Desert, Review Automation Target, Lead Gen Target, 6-10 Reviews, Food & Beverage / Catering",Google Places,Food & Beverage / Catering,,10,4.5
,,,+19152427459,Litas Grooming studio,El Paso,TX,,"Digital Desert, Review Automation Target, Lead Gen Target, 11-25 Reviews, Pet Services / Grooming",Google Places,Pet Services / Grooming,,18,4.8
,,,+18065895171,Pro Plumbing Lubbock TX,Lubbock,TX,http://proplumbinglubbocktx.com/,"Digital Desert, Review Automation Target, Lead Gen Target, 11-25 Reviews, Home Services / Plumbing",Google Places,Home Services / Plumbing,,19,5
,,,+18063326166,DM Painting,Lubbock,TX,https://dmpaintingtx.com/,"Digital Desert, Review Automation Target, Lead Gen Target, 6-10 Reviews, Home Services / Painting",Google Places,Home Services / Painting,,6,5
,,,,JFDI Handyman and Remodels,Lubbock,TX,,"Digital Desert, Review Automation Target, Lead Gen Target, 11-25 Reviews, Home Services / Handyman",Google Places,Home Services / Handyman,,20,4.4
,,,+18069059822,"Powerfull21 LLC, handyman & Small remodeling.",Lubbock,TX,,"Digital Desert, Review Automation Target, Lead Gen Target, 1-5 Reviews, Home Services / Handyman",Google Places,Home Services / Handyman,,3,5
,,,+15752181559,Dr. Fix IT,Lubbock,TX,,"Digital Desert, Review Automation Target, Lead Gen Target, 1-5 Reviews, Home Services / Handyman",Google Places,Home Services / Handyman,,1,5
,,,+18067930340,Classic Doors,Lubbock,TX,,"Digital Desert, Review Automation Target, Lead Gen Target, 11-25 Reviews, Home Services / Garage Door",Google Places,Home Services / Garage Door,,21,4.8
,,,+18063707892,Denver Deer Garage Doors Services,Lubbock,TX,,"Digital Desert, Review Automation Target, Lead Gen Target, 6-10 Reviews, Home Services / Garage Door",Google Places,Home Services / Garage Door,,6,5
,,,+18068536285,SecureGarage Door's Repair,Lubbock,TX,,"Digital Desert, Review Automation Target, Lead Gen Target, 1-5 Reviews, Home Services / Garage Door",Google Places,Home Services / Garage Door,,4,5
,,,+18063917686,Lubbock Fence & Gate Co,Lubbock,TX,,"Digital Desert, Review Automation Target, Lead Gen Target, 1-5 Reviews, Home Services / Fencing",Google Places,Home Services / Fencing,,2,5
,,,+18069280843,Slap Shot Fence Company,Lubbock,TX,,"Digital Desert, Review Automation Target, Lead Gen Target, 6-10 Reviews, Home Services / Fencing",Google Places,Home Services / Fencing,,8,5
,,,+18064452583,True Blue Pool Solutions,Lubbock,TX,,"Digital Desert, Review Automation Target, Lead Gen Target, 1-5 Reviews, Home Services / Pool",Google Places,Home Services / Pool,,2,5
,,,+18067737067,Elite Appliance Repair,Lubbock,TX,http://www.eliteappliancerepairtx.com/,"Digital Desert, Review Automation Target, Lead Gen Target, 11-25 Reviews, Home Services / Appliance Repair",Google Places,Home Services / Appliance Repair,,14,4.2
,,,+18064643081,Lubbock Seamless Rain Gutters,Lubbock,TX,,"Digital Desert, Review Automation Target, Lead Gen Target, 1-5 Reviews, Home Services / Gutters",Google Places,Home Services / Gutters,,2,4.5
,,,+18065597357,Lashes by Monica,Lubbock,TX,https://instagram.com/lashes_by_moni,"Digital Desert, Review Automation Target, Lead Gen Target, 11-25 Reviews, Beauty / Lash Studio",Google Places,Beauty / Lash Studio,,13,5
,,,+18065438307,Amber beauty lash,Lubbock,TX,,"Digital Desert, Review Automation Target, Lead Gen Target, 11-25 Reviews, Beauty / Lash Studio",Google Places,Beauty / Lash Studio,,22,5
,,,+18067782389,Lopez Paint & Body,Lubbock,TX,,"Digital Desert, Review Automation Target, Lead Gen Target, 11-25 Reviews, Auto Services / Body Shop",Google Places,Auto Services / Body Shop,,23,4.7
,,,+18067816777,Lonestar Mac Dough,Lubbock,TX,https://www.facebook.com/share/1KEN8mKcqY/?mibextid=wwXIfr,"Digital Desert, Review Automation Target, Lead Gen Target, 11-25 Reviews, Food & Beverage / Food Truck",Google Places,Food & Beverage / Food Truck,,23,4.8
,,,+18067812805,Hi Jo's Lemonade Express,Lubbock,TX,,"Digital Desert, Review Automation Target, Lead Gen Target, 1-5 Reviews, Food & Beverage / Food Truck",Google Places,Food & Beverage / Food Truck,,1,5
,,,+18063700731,CallaMoGoo's,Lubbock,TX,,"Digital Desert, Review Automation Target, Lead Gen Target, 0 Reviews - Highest Priority, Food & Beverage / Ice Cream",Google Places,Food & Beverage / Ice Cream,,0,
,,,,Purple ladybug’s cleaning service,Lubbock,TX,,"Digital Desert, Review Automation Target, Lead Gen Target, 11-25 Reviews, Cleaning / Residential",Google Places,Cleaning / Residential,,18,4.8
,,,+18064663900,"Dee,s Cleaning Service",Lubbock,TX,,"Digital Desert, Review Automation Target, Lead Gen Target, 1-5 Reviews, Cleaning / Commercial",Google Places,Cleaning / Commercial,,2,5
,,,+18067818869,Carpet Pros,Lubbock,TX,,"Digital Desert, Review Automation Target, Lead Gen Target, 11-25 Reviews, Cleaning / Carpet",Google Places,Cleaning / Carpet,,21,5
,,,+18067785213,Heavenly Scent Carpet & Cleaning,Lubbock,TX,,"Digital Desert, Review Automation Target, Lead Gen Target, 11-25 Reviews, Cleaning / Carpet",Google Places,Cleaning / Carpet,,19,5
,,,+18065000078,Healthy Homes of Lubbock Carpet Cleaning,Lubbock,TX,,"Digital Desert, Review Automation Target, Lead Gen Target, 1-5 Reviews, Cleaning / Carpet",Google Places,Cleaning / Carpet,,1,5
,,,+18067894567,Xstream-Steam Carpet Cleaning,Lubbock,TX,,"Digital Desert, Review Automation Target, Lead Gen Target, 1-5 Reviews, Cleaning / Carpet",Google Places,Cleaning / Carpet,,4,5
,,,+18065483953,Power Wash Pros,Lubbock,TX,,"Digital Desert, Review Automation Target, Lead Gen Target, 6-10 Reviews, Cleaning / Pressure Washing",Google Places,Cleaning / Pressure Washing,,8,5
,,,+18063006271,Rangel's Lawn Service,Lubbock,TX,https://m.facebook.com/RangelsLawnService/,"Digital Desert, Review Automation Target, Lead Gen Target, 11-25 Reviews, Landscaping / Lawn Care",Google Places,Landscaping / Lawn Care,,18,4.8
,,,+18068376718,Andy’s lawn services,Lubbock,TX,,"Digital Desert, Review Automation Target, Lead Gen Target, 11-25 Reviews, Landscaping / Lawn Care",Google Places,Landscaping / Lawn Care,,21,4.6
,,,+18067857557,Butch Weber's Outdoor Needs,Lubbock,TX,,"Digital Desert, Review Automation Target, Lead Gen Target, 11-25 Reviews, Landscaping / Tree",Google Places,Landscaping / Tree,,11,4.6
,,,+18064380836,Just Like Home Childcare,Lubbock,TX,https://www.facebook.com/justlikehomechildcarevc/,"Digital Desert, Review Automation Target, Lead Gen Target, 1-5 Reviews, Childcare / Daycare",Google Places,Childcare / Daycare,,1,5
,,,+18067472747,Children's World Learning Center,Lubbock,TX,,"Digital Desert, Review Automation Target, Lead Gen Target, 1-5 Reviews, Childcare / Daycare",Google Places,Childcare / Daycare,,2,5
,,,+18063192430,Honest Brothers Moving LLC,Lubbock,TX,,"Digital Desert, Review Automation Target, Lead Gen Target, 6-10 Reviews, Moving & Storage",Google Places,Moving & Storage,,9,4.2
,,,+18067963485,Hon's Alterations,Lubbock,TX,,"Digital Desert, Review Automation Target, Lead Gen Target, 11-25 Reviews, Retail / Alterations",Google Places,Retail / Alterations,,20,4.4
,,,,Alterations Unlimited,Lubbock,TX,,"Digital Desert, Review Automation Target, Lead Gen Target, 6-10 Reviews, Retail / Alterations",Google Places,Retail / Alterations,,8,3.8
,,,+18067772604,The Dress Whisperer,Lubbock,TX,http://www.thedresswhisperertx.com/,"Digital Desert, Review Automation Target, Lead Gen Target, 11-25 Reviews, Retail / Alterations",Google Places,Retail / Alterations,,16,5
,,,+14129614671,Kalastyle,Lubbock,TX,,"Digital Desert, Review Automation Target, Lead Gen Target, 0 Reviews - Highest Priority, Retail / Alterations",Google Places,Retail / Alterations,,0,
,,,+18064745299,Dos Amigos Wash-N-Dry,Lubbock,TX,,"Digital Desert, Review Automation Target, Lead Gen Target, 11-25 Reviews, Retail / Laundromat",Google Places,Retail / Laundromat,,20,3.6
,,,,Homestyle Laundry No. 1,Lubbock,TX,,"Digital Desert, Review Automation Target, Lead Gen Target, 11-25 Reviews, Retail / Laundromat",Google Places,Retail / Laundromat,,17,3.7
,,,+18064388198,Caprock Mobile Notary,Lubbock,TX,,"Digital Desert, Review Automation Target, Lead Gen Target, 1-5 Reviews, Professional / Notary",Google Places,Professional / Notary,,1,5
,,,+15416464123,OnPoint Notary,Lubbock,TX,,"Digital Desert, Review Automation Target, Lead Gen Target, 0 Reviews - Highest Priority, Professional / Notary",Google Places,Professional / Notary,,0,
,,,+12147070164,Sealed&Stamped,Lubbock,TX,,"Digital Desert, Review Automation Target, Lead Gen Target, 0 Reviews - Highest Priority, Professional / Notary",Google Places,Professional / Notary,,0,
,,,,Studio Collective,Lubbock,TX,https://www.studiocollectivelbtx.com/,"Digital Desert, Review Automation Target, Lead Gen Target, 6-10 Reviews, Creative / Photography",Google Places,Creative / Photography,,9,4.9
,,,+18067862926,Ambrosia Catering,Lubbock,TX,,"Digital Desert, Review Automation Target, Lead Gen Target, 1-5 Reviews, Food & Beverage / Catering",Google Places,Food & Beverage / Catering,,3,5
,,,+18065775084,Ashley's Own Eats & Treats,Lubbock,TX,http://www.facebook.com/ashleysowneatsandtreats,"Digital Desert, Review Automation Target, Lead Gen Target, 1-5 Reviews, Food & Beverage / Catering",Google Places,Food & Beverage / Catering,,1,5
,,,+18064011121,K-9 Time by Deanna,Lubbock,TX,https://www.facebook.com/k.9TimebyDeanna,"Digital Desert, Review Automation Target, Lead Gen Target, 6-10 Reviews, Pet Services / Grooming",Google Places,Pet Services / Grooming,,7,5
,,,+18064750111,Rootopia Pet Resort,Lubbock,TX,,"Digital Desert, Review Automation Target, Lead Gen Target, 11-25 Reviews, Pet Services / Boarding",Google Places,Pet Services / Boarding,,18,4.3
,,,+18065447919,Good Paws Bed & Biscuit Inc,Lubbock,TX,,"Digital Desert, Review Automation Target, Lead Gen Target, 11-25 Reviews, Pet Services / Boarding",Google Places,Pet Services / Boarding,,21,5
,,,+18063042183,PetHotels Lubbock Dog Boarding ( Cat & Dog Friendly Hotels),Lubbock,TX,,"Digital Desert, Review Automation Target, Lead Gen Target, 0 Reviews - Highest Priority, Pet Services / Boarding",Google Places,Pet Services / Boarding,,0,
,,,+13616330123,Harbor Plumbing Co,Corpus Christi,TX,,"Digital Desert, Review Automation Target, Lead Gen Target, 11-25 Reviews, Home Services / Plumbing",Google Places,Home Services / Plumbing,,13,5
,,,+13617651085,Freddy's Electric LLC,Corpus Christi,TX,,"Digital Desert, Review Automation Target, Lead Gen Target, 11-25 Reviews, Home Services / Electrical",Google Places,Home Services / Electrical,,13,4.7
,,,+13612021727,The 24/7 Electrician,Corpus Christi,TX,,"Digital Desert, Review Automation Target, Lead Gen Target, 1-5 Reviews, Home Services / Electrical",Google Places,Home Services / Electrical,,4,5
,,,+13612022719,Aspire Electrician,Corpus Christi,TX,,"Digital Desert, Review Automation Target, Lead Gen Target, 1-5 Reviews, Home Services / Electrical",Google Places,Home Services / Electrical,,3,5
,,,+13612495038,Zlectric Solutions,Corpus Christi,TX,,"Digital Desert, Review Automation Target, Lead Gen Target, 11-25 Reviews, Home Services / Electrical",Google Places,Home Services / Electrical,,25,3.9
,,,+13619043356,Creative Painting,Corpus Christi,TX,,"Digital Desert, Review Automation Target, Lead Gen Target, 1-5 Reviews, Home Services / Painting",Google Places,Home Services / Painting,,2,5
,,,+13616887782,A & A Perfection Painting,Corpus Christi,TX,,"Digital Desert, Review Automation Target, Lead Gen Target, 11-25 Reviews, Home Services / Painting",Google Places,Home Services / Painting,,13,4.5
,,,+13617429671,S&S Painting Drywall Remodeling,Corpus Christi,TX,http://sspaintingsouthtx.com/,"Digital Desert, Review Automation Target, Lead Gen Target, 6-10 Reviews, Home Services / Painting",Google Places,Home Services / Painting,,10,4.2
,,,+13617287787,Leal Bros Custom Painting,Corpus Christi,TX,https://www.facebook.com/profile.php?id=100056417485008&mibextid=wwXIfr&mibextid=wwXIfr,"Digital Desert, Review Automation Target, Lead Gen Target, 1-5 Reviews, Home Services / Painting",Google Places,Home Services / Painting,,4,5
,,,+13615225408,Stiles Custom Painting,Corpus Christi,TX,,"Digital Desert, Review Automation Target, Lead Gen Target, 1-5 Reviews, Home Services / Painting",Google Places,Home Services / Painting,,1,5
,,,+13614463189,Corpus Christi handyman services,Corpus Christi,TX,,"Digital Desert, Review Automation Target, Lead Gen Target, 1-5 Reviews, Home Services / Handyman",Google Places,Home Services / Handyman,,5,4.2
,,,+13618778529,Ramon Best for Less,Corpus Christi,TX,,"Digital Desert, Review Automation Target, Lead Gen Target, 1-5 Reviews, Home Services / Handyman",Google Places,Home Services / Handyman,,3,5
,,,+13612148161,Corpus Christi Pest Control,Corpus Christi,TX,,"Digital Desert, Review Automation Target, Lead Gen Target, 6-10 Reviews, Home Services / Pest Control",Google Places,Home Services / Pest Control,,10,5
,,,+13614384070,Pete's Pest Control,Corpus Christi,TX,,"Digital Desert, Review Automation Target, Lead Gen Target, 11-25 Reviews, Home Services / Pest Control",Google Places,Home Services / Pest Control,,15,4.2
,,,+13614450188,EverSafeGarage Door's Repair,Corpus Christi,TX,,"Digital Desert, Review Automation Target, Lead Gen Target, 1-5 Reviews, Home Services / Garage Door",Google Places,Home Services / Garage Door,,4,5
,,,+13618260672,Overhead Door Company Coastal Plains,Corpus Christi,TX,,"Digital Desert, Review Automation Target, Lead Gen Target, 6-10 Reviews, Home Services / Garage Door",Google Places,Home Services / Garage Door,,8,3.5
,,,+19564376650,South Texas Fencing,Corpus Christi,TX,,"Digital Desert, Review Automation Target, Lead Gen Target, 11-25 Reviews, Home Services / Fencing",Google Places,Home Services / Fencing,,20,4.8
,,,+13617262321,C and G Fencing,Corpus Christi,TX,,"Digital Desert, Review Automation Target, Lead Gen Target, 1-5 Reviews, Home Services / Fencing",Google Places,Home Services / Fencing,,2,5
,,,+13618282226,Certified cerda fencing,Corpus Christi,TX,,"Digital Desert, Review Automation Target, Lead Gen Target, 1-5 Reviews, Home Services / Fencing",Google Places,Home Services / Fencing,,4,5
,,,+13612321354,SleekPoolService,Corpus Christi,TX,,"Digital Desert, Review Automation Target, Lead Gen Target, 11-25 Reviews, Home Services / Pool",Google Places,Home Services / Pool,,15,5
,,,+19156159349,361 Pool and Spa Service,Corpus Christi,TX,,"Digital Desert, Review Automation Target, Lead Gen Target, 1-5 Reviews, Home Services / Pool",Google Places,Home Services / Pool,,1,5
,,,+14238622291,Walker Reed Appliance Repair,Corpus Christi,TX,,"Digital Desert, Review Automation Target, Lead Gen Target, 1-5 Reviews, Home Services / Appliance Repair",Google Places,Home Services / Appliance Repair,,1,5
,,,+13618546015,Action General Maintenance,Corpus Christi,TX,,"Digital Desert, Review Automation Target, Lead Gen Target, 1-5 Reviews, Home Services / Appliance Repair",Google Places,Home Services / Appliance Repair,,3,4.3
,,,+13615851666,Appliance Repair Technologies Corpus Christi,Corpus Christi,TX,,"Digital Desert, Review Automation Target, Lead Gen Target, 0 Reviews - Highest Priority, Home Services / Appliance Repair",Google Places,Home Services / Appliance Repair,,0,
,,,+13617654791,Right Stream Rain Gutters,Corpus Christi,TX,,"Digital Desert, Review Automation Target, Lead Gen Target, 1-5 Reviews, Home Services / Gutters",Google Places,Home Services / Gutters,,2,5
,,,+13612394139,N.A.S. Barber Shop,Corpus Christi,TX,,"Digital Desert, Review Automation Target, Lead Gen Target, 11-25 Reviews, Beauty / Barber",Google Places,Beauty / Barber,,15,5
,,,+13615000132,Finest Point Barbershop,Corpus Christi,TX,,"Digital Desert, Review Automation Target, Lead Gen Target, 6-10 Reviews, Beauty / Barber",Google Places,Beauty / Barber,,8,4.9
,,,+13614520800,Serenity Spa Massage Therapy,Corpus Christi,TX,,"Digital Desert, Review Automation Target, Lead Gen Target, 11-25 Reviews, Beauty / Massage",Google Places,Beauty / Massage,,15,5
,,,+13618085008,Crystal Massage,Corpus Christi,TX,,"Digital Desert, Review Automation Target, Lead Gen Target, 6-10 Reviews, Beauty / Massage",Google Places,Beauty / Massage,,10,5
,,,+13614446996,Medical Massage WoRx,Corpus Christi,TX,http://www.medicalmassageworx.com/,"Digital Desert, Review Automation Target, Lead Gen Target, 11-25 Reviews, Beauty / Massage",Google Places,Beauty / Massage,,13,5
,,,+13617563331,Beauty Blvd,Corpus Christi,TX,https://www.facebook.com/domatsuperiorhausofbeauty?mibextid=LQQJ4d,"Digital Desert, Review Automation Target, Lead Gen Target, 11-25 Reviews, Beauty / Salon",Google Places,Beauty / Salon,,17,5
,,,,Glam Getaway,Corpus Christi,TX,https://linktr.ee/theglamgetaway?fbclid=PAAabBgPwBZwwA_0dzUHIB6Q_zt63Si4Q81R1Wv7xPoW-r8J7aMYhsfk8LVvg,"Digital Desert, Review Automation Target, Lead Gen Target, 11-25 Reviews, Beauty / Waxing",Google Places,Beauty / Waxing,,21,5
,,,+19567346502,Eternal glow by kayra,Corpus Christi,TX,https://linktr.ee/Eternalglow_kayra,"Digital Desert, Review Automation Target, Lead Gen Target, 11-25 Reviews, Beauty / Waxing",Google Places,Beauty / Waxing,,15,5
,,,+13619479767,Addicted to Ink Tattoo Studio,Corpus Christi,TX,,"Digital Desert, Review Automation Target, Lead Gen Target, 1-5 Reviews, Beauty / Tattoo",Google Places,Beauty / Tattoo,,1,5
,,,+13613001526,Ocean Drive Auto Repair,Corpus Christi,TX,https://www.instagram.com/oceandriveautorepaircc?igsh=bnhlOTM3bDBjanoy&utm_source=qr,"Digital Desert, Review Automation Target, Lead Gen Target, 11-25 Reviews, Auto Services / Repair",Google Places,Auto Services / Repair,,20,5
,,,+13617743751,A & A auto service,Corpus Christi,TX,,"Digital Desert, Review Automation Target, Lead Gen Target, 11-25 Reviews, Auto Services / Repair",Google Places,Auto Services / Repair,,13,5
,,,+13615853631,Shanghai Nights Filipino Food Truck,Corpus Christi,TX,,"Digital Desert, Review Automation Target, Lead Gen Target, 11-25 Reviews, Food & Beverage / Food Truck",Google Places,Food & Beverage / Food Truck,,15,5
,,,,The Most Comida (inside of Riley's Pub),Corpus Christi,TX,https://www.facebook.com/TheMostComida?mibextid=ZbWKwL,"Digital Desert, Review Automation Target, Lead Gen Target, 11-25 Reviews, Food & Beverage / Food Truck",Google Places,Food & Beverage / Food Truck,,19,4.8
,,,+13614536457,TacoBar Street,Corpus Christi,TX,https://www.facebook.com/share/16og3n2tNf/,"Digital Desert, Review Automation Target, Lead Gen Target, 11-25 Reviews, Food & Beverage / Food Truck",Google Places,Food & Beverage / Food Truck,,20,4.3
,,,,Shoreline Food Truck Festival,Corpus Christi,TX,,"Digital Desert, Review Automation Target, Lead Gen Target, 1-5 Reviews, Food & Beverage / Food Truck",Google Places,Food & Beverage / Food Truck,,1,3
,,,+13613245564,Divina dulzura Bakery SPID,Corpus Christi,TX,,"Digital Desert, Review Automation Target, Lead Gen Target, 1-5 Reviews, Food & Beverage / Bakery",Google Places,Food & Beverage / Bakery,,2,5
,,,+13612418262,Granny's Hot Tamales LLC,Corpus Christi,TX,,"Digital Desert, Review Automation Target, Lead Gen Target, 11-25 Reviews, Food & Beverage / Tamales",Google Places,Food & Beverage / Tamales,,24,4.4
,,,+13612496899,Donut Palace,Corpus Christi,TX,,"Digital Desert, Review Automation Target, Lead Gen Target, 11-25 Reviews, Food & Beverage / Donut",Google Places,Food & Beverage / Donut,,18,4.8
,,,+13617791701,Tropical Breeze,Corpus Christi,TX,https://www.facebook.com/share/17bi7MjnMh/?mibextid=wwXIfr,"Digital Desert, Review Automation Target, Lead Gen Target, 6-10 Reviews, Food & Beverage / Ice Cream",Google Places,Food & Beverage / Ice Cream,,7,5
,,,+13615305038,Cj's cleaning Service,Corpus Christi,TX,https://www.cjscleaningservicetx.com/,"Digital Desert, Review Automation Target, Lead Gen Target, 11-25 Reviews, Cleaning / Residential",Google Places,Cleaning / Residential,,12,5
,,,+13619450980,Greer's cleaning services,Corpus Christi,TX,,"Digital Desert, Review Automation Target, Lead Gen Target, 1-5 Reviews, Cleaning / Residential",Google Places,Cleaning / Residential,,3,5
,,,+13618288825,All&Everything Cleaning Services,Corpus Christi,TX,https://www.facebook.com/share/1QSQhWwSZJ/?mibextid=wwXIfr,"Digital Desert, Review Automation Target, Lead Gen Target, 1-5 Reviews, Cleaning / Residential",Google Places,Cleaning / Residential,,1,5
,,,+13614460776,LMP Janitorial & Maid Services,Corpus Christi,TX,,"Digital Desert, Review Automation Target, Lead Gen Target, 11-25 Reviews, Cleaning / Residential",Google Places,Cleaning / Residential,,18,4.4
,,,+13612495866,Camilles Cleaning Angels Inc,Corpus Christi,TX,https://www.facebook.com/camillescleaninginc,"Digital Desert, Review Automation Target, Lead Gen Target, 11-25 Reviews, Cleaning / Residential",Google Places,Cleaning / Residential,,18,4.1
,,,+15593809301,Combat Cleaning Services,Corpus Christi,TX,,"Digital Desert, Review Automation Target, Lead Gen Target, 1-5 Reviews, Cleaning / Residential",Google Places,Cleaning / Residential,,1,5
,,,+17028592561,Vida Sheila 24 hour Cleaning,Corpus Christi,TX,,"Digital Desert, Review Automation Target, Lead Gen Target, 6-10 Reviews, Cleaning / Residential",Google Places,Cleaning / Residential,,7,4.9
,,,+13619955885,GC Maintenance and Janitorial Services,Corpus Christi,TX,http://www.gcservicescctx.com/,"Digital Desert, Review Automation Target, Lead Gen Target, 11-25 Reviews, Cleaning / Commercial",Google Places,Cleaning / Commercial,,18,5
,,,+13619336783,C-N-A Cleaning Service,Corpus Christi,TX,,"Digital Desert, Review Automation Target, Lead Gen Target, 1-5 Reviews, Cleaning / Commercial",Google Places,Cleaning / Commercial,,2,5
,,,+13619927344,Regal Quality Cleaning,Corpus Christi,TX,,"Digital Desert, Review Automation Target, Lead Gen Target, 6-10 Reviews, Cleaning / Commercial",Google Places,Cleaning / Commercial,,9,3.9
,,,+13618814095,Affordable Carpet Cleaning,Corpus Christi,TX,,"Digital Desert, Review Automation Target, Lead Gen Target, 11-25 Reviews, Cleaning / Carpet",Google Places,Cleaning / Carpet,,12,5
,,,+13618521797,Excel Carpet Care,Corpus Christi,TX,http://www.excelenterprisecctx.com/,"Digital Desert, Review Automation Target, Lead Gen Target, 11-25 Reviews, Cleaning / Carpet",Google Places,Cleaning / Carpet,,19,4.7
,,,+13619041483,"Pro Tech Carpet, Tile & Upholstery Cleaning Services",Corpus Christi,TX,https://www.facebook.com/Pro-Tech-CarpetTile-Upholstery-Cleaning-733850113346520/,"Digital Desert, Review Automation Target, Lead Gen Target, 1-5 Reviews, Cleaning / Carpet",Google Places,Cleaning / Carpet,,2,5
,,,+13613604490,Quality Carpet Care USA,Corpus Christi,TX,,"Digital Desert, Review Automation Target, Lead Gen Target, 1-5 Reviews, Cleaning / Carpet",Google Places,Cleaning / Carpet,,4,5
,,,+13615100345,Paradise Pressure Wash LLC,Corpus Christi,TX,https://www.paradisepressurewashtx.com/,"Digital Desert, Review Automation Target, Lead Gen Target, 1-5 Reviews, Cleaning / Pressure Washing",Google Places,Cleaning / Pressure Washing,,5,5
,,,+13619068723,Coastal Clean Power Washing LLC,Corpus Christi,TX,,"Digital Desert, Review Automation Target, Lead Gen Target, 1-5 Reviews, Cleaning / Pressure Washing",Google Places,Cleaning / Pressure Washing,,3,5
,,,+13614624848,Slime Busters TX,Corpus Christi,TX,https://slimebusterstx.com/,"Digital Desert, Review Automation Target, Lead Gen Target, 1-5 Reviews, Cleaning / Pressure Washing",Google Places,Cleaning / Pressure Washing,,1,5
,,,+13612398093,Laguna Landscapes,Corpus Christi,TX,https://lagunalandscapestx.com/,"Digital Desert, Review Automation Target, Lead Gen Target, 11-25 Reviews, Landscaping",Google Places,Landscaping,,11,4.5
,,,+13615339076,Lawn In Order,Corpus Christi,TX,https://lawninordercctx.com/,"Digital Desert, Review Automation Target, Lead Gen Target, 1-5 Reviews, Landscaping / Lawn Care",Google Places,Landscaping / Lawn Care,,5,5
,,,+13616885166,Callaway's Tree Service,Corpus Christi,TX,,"Digital Desert, Review Automation Target, Lead Gen Target, 11-25 Reviews, Landscaping / Tree",Google Places,Landscaping / Tree,,11,5
,,,+13619495709,Corpus Christi Tree Care .,Corpus Christi,TX,http://www.treecarecctx.com/,"Digital Desert, Review Automation Target, Lead Gen Target, 6-10 Reviews, Landscaping / Tree",Google Places,Landscaping / Tree,,8,4.5
,,,+13615580034,Tree Trimming,Corpus Christi,TX,,"Digital Desert, Review Automation Target, Lead Gen Target, 0 Reviews - Highest Priority, Landscaping / Tree",Google Places,Landscaping / Tree,,0,
,,,+13616882224,Lil Kidz DayCare,Corpus Christi,TX,,"Digital Desert, Review Automation Target, Lead Gen Target, 11-25 Reviews, Childcare / Daycare",Google Places,Childcare / Daycare,,23,4.7
,,,+13619042950,Ds ChildCare,Corpus Christi,TX,,"Digital Desert, Review Automation Target, Lead Gen Target, 6-10 Reviews, Childcare / Daycare",Google Places,Childcare / Daycare,,10,5
,,,+13618515053,Special Place day Care Center,Corpus Christi,TX,,"Digital Desert, Review Automation Target, Lead Gen Target, 11-25 Reviews, Childcare / Daycare",Google Places,Childcare / Daycare,,16,4.5
,,,+13614613232,Forever Bright Academy,Corpus Christi,TX,https://www.facebook.com/ForeverBrightAcademy,"Digital Desert, Review Automation Target, Lead Gen Target, 1-5 Reviews, Childcare / Daycare",Google Places,Childcare / Daycare,,3,5
,,,+13614299596,Awesome Moving & Storage,Corpus Christi,TX,,"Digital Desert, Review Automation Target, Lead Gen Target, 1-5 Reviews, Moving & Storage",Google Places,Moving & Storage,,5,5
,,,+13618828268,Pena Brothers Moving,Corpus Christi,TX,,"Digital Desert, Review Automation Target, Lead Gen Target, 11-25 Reviews, Moving & Storage",Google Places,Moving & Storage,,19,4.2
,,,+13613369991,Alina Alterations & Bespoke Tailoring,Corpus Christi,TX,https://www.facebook.com/AlinaAlteration,"Digital Desert, Review Automation Target, Lead Gen Target, 11-25 Reviews, Retail / Alterations",Google Places,Retail / Alterations,,24,5
,,,+13613342528,Alterations By Norma,Corpus Christi,TX,,"Digital Desert, Review Automation Target, Lead Gen Target, 11-25 Reviews, Retail / Alterations",Google Places,Retail / Alterations,,20,3.5
,,,+13618523494,Ramirez Tailor Shop,Corpus Christi,TX,,"Digital Desert, Review Automation Target, Lead Gen Target, 1-5 Reviews, Retail / Alterations",Google Places,Retail / Alterations,,4,4
,,,,Scissor Art Tailor of Padre,Corpus Christi,TX,,"Digital Desert, Review Automation Target, Lead Gen Target, 1-5 Reviews, Retail / Alterations",Google Places,Retail / Alterations,,2,3
,,,,Laundromatic Laundry,Corpus Christi,TX,,"Digital Desert, Review Automation Target, Lead Gen Target, 11-25 Reviews, Retail / Laundromat",Google Places,Retail / Laundromat,,21,3.4
,,,+13615956151,Notarized In Ink-Amanda Seline,Corpus Christi,TX,,"Digital Desert, Review Automation Target, Lead Gen Target, 1-5 Reviews, Professional / Notary",Google Places,Professional / Notary,,3,5
,,,+13615417515,Alpha and Omega Success Notary,Corpus Christi,TX,,"Digital Desert, Review Automation Target, Lead Gen Target, 6-10 Reviews, Professional / Notary",Google Places,Professional / Notary,,9,5
,,,+16154738334,Silva Signature Service,Corpus Christi,TX,,"Digital Desert, Review Automation Target, Lead Gen Target, 1-5 Reviews, Professional / Notary",Google Places,Professional / Notary,,1,5
,,,+13612493079,Cowgirl Creations and Notary Service,Corpus Christi,TX,,"Digital Desert, Review Automation Target, Lead Gen Target, 1-5 Reviews, Professional / Notary",Google Places,Professional / Notary,,2,5
,,,+13614464090,Elizabeth De La Rosa Notary Public,Corpus Christi,TX,,"Digital Desert, Review Automation Target, Lead Gen Target, 1-5 Reviews, Professional / Notary",Google Places,Professional / Notary,,4,5
,,,+13613066881,A Notary Where You Need It,Corpus Christi,TX,,"Digital Desert, Review Automation Target, Lead Gen Target, 1-5 Reviews, Professional / Notary",Google Places,Professional / Notary,,1,5
,,,+13615044378,Reliable Notary & Income Tax Services,Corpus Christi,TX,,"Digital Desert, Review Automation Target, Lead Gen Target, 11-25 Reviews, Professional / Notary",Google Places,Professional / Notary,,18,4.2
,,,+13612884880,"Texas Notary Public, LLC",Corpus Christi,TX,,"Digital Desert, Review Automation Target, Lead Gen Target, 0 Reviews - Highest Priority, Professional / Notary",Google Places,Professional / Notary,,0,
,,,+13616886351,Affordable Mobile Notary Services,Corpus Christi,TX,,"Digital Desert, Review Automation Target, Lead Gen Target, 6-10 Reviews, Professional / Notary",Google Places,Professional / Notary,,8,4.1
,,,+13615956944,Bayside Studio,Corpus Christi,TX,https://www.instagram.com/baysidestudio_/,"Digital Desert, Review Automation Target, Lead Gen Target, 1-5 Reviews, Creative / Photography",Google Places,Creative / Photography,,2,5
,,,+13612062995,Zooming Grooming,Corpus Christi,TX,,"Digital Desert, Review Automation Target, Lead Gen Target, 11-25 Reviews, Pet Services / Grooming",Google Places,Pet Services / Grooming,,13,5
,,,+13614436916,Pretty Paws Pet Salon,Corpus Christi,TX,,"Digital Desert, Review Automation Target, Lead Gen Target, 1-5 Reviews, Pet Services / Grooming",Google Places,Pet Services / Grooming,,5,3.4
,,,,The Paw Spa,Corpus Christi,TX,,"Digital Desert, Review Automation Target, Lead Gen Target, 6-10 Reviews, Pet Services / Grooming",Google Places,Pet Services / Grooming,,6,5
,,,+13612138092,PetHotels - Corpus Christi Dog Boarding ( Cat & Dog Friendly Hotels),Corpus Christi,TX,,"Digital Desert, Review Automation Target, Lead Gen Target, 1-5 Reviews, Pet Services / Boarding",Google Places,Pet Services / Boarding,,2,5
,,,+13616959391,Kirk & Riah's Animal House,Corpus Christi,TX,,"Digital Desert, Review Automation Target, Lead Gen Target, 6-10 Reviews, Pet Services / Boarding",Google Places,Pet Services / Boarding,,7,5
,,,+19565038368,Hugo's Plumbing Service,McAllen,TX,,"Digital Desert, Review Automation Target, Lead Gen Target, 11-25 Reviews, Home Services / Plumbing",Google Places,Home Services / Plumbing,,20,4.8
,,,+19565072060,"Trevino Plumbing, Electrical & HVAC",McAllen,TX,,"Digital Desert, Review Automation Target, Lead Gen Target, 6-10 Reviews, Home Services / Plumbing",Google Places,Home Services / Plumbing,,7,5
,,,+19565856744,R & R Plumbing,McAllen,TX,,"Digital Desert, Review Automation Target, Lead Gen Target, 11-25 Reviews, Home Services / Plumbing",Google Places,Home Services / Plumbing,,14,4.7
,,,+19566861515,Jimmie's Plumbing,McAllen,TX,,"Digital Desert, Review Automation Target, Lead Gen Target, 1-5 Reviews, Home Services / Plumbing",Google Places,Home Services / Plumbing,,1,5
,,,+19566285638,Super Electrical Services McAllen TX,McAllen,TX,,"Digital Desert, Review Automation Target, Lead Gen Target, 6-10 Reviews, Home Services / Electrical",Google Places,Home Services / Electrical,,10,4.1
,,,+19566821229,Reyno's Electric Services,McAllen,TX,,"Digital Desert, Review Automation Target, Lead Gen Target, 1-5 Reviews, Home Services / Electrical",Google Places,Home Services / Electrical,,5,5
,,,+19565204221,JG ELECTRIC,McAllen,TX,,"Digital Desert, Review Automation Target, Lead Gen Target, 6-10 Reviews, Home Services / Electrical",Google Places,Home Services / Electrical,,10,4.2
,,,+19563420751,Sparkz Electric Service Llc.,McAllen,TX,,"Digital Desert, Review Automation Target, Lead Gen Target, 11-25 Reviews, Home Services / Electrical",Google Places,Home Services / Electrical,,16,4.5
,,,+19568972567,Supercold AC and Heating RGV,McAllen,TX,https://www.facebook.com/share/1DC9pLpoLf/?mibextid=wwXIfr,"Digital Desert, Review Automation Target, Lead Gen Target, 11-25 Reviews, Home Services / HVAC",Google Places,Home Services / HVAC,,19,4.9
,,,+19562645251,Castillo Roofing,McAllen,TX,https://castillotx.com/mcallen/,"Digital Desert, Review Automation Target, Lead Gen Target, 11-25 Reviews, Home Services / Roofing",Google Places,Home Services / Roofing,,17,4.9
,,,+19563094252,Imperial Painting LLC,McAllen,TX,https://www.imperialpaintingtx.com/,"Digital Desert, Review Automation Target, Lead Gen Target, 11-25 Reviews, Home Services / Painting",Google Places,Home Services / Painting,,24,5
,,,,"C.A. Ray & Son, Inc Painting Contractor",McAllen,TX,,"Digital Desert, Review Automation Target, Lead Gen Target, 1-5 Reviews, Home Services / Painting",Google Places,Home Services / Painting,,1,5
,,,+19564511433,Anselmo Hernandez Painting Roofing & Remodeling,McAllen,TX,,"Digital Desert, Review Automation Target, Lead Gen Target, 1-5 Reviews, Home Services / Painting",Google Places,Home Services / Painting,,1,5
,,,+19562538519,Meridian Surface Works,McAllen,TX,,"Digital Desert, Review Automation Target, Lead Gen Target, 0 Reviews - Highest Priority, Home Services / Painting",Google Places,Home Services / Painting,,0,
,,,+19567027239,Rafy's Painting Services,McAllen,TX,,"Digital Desert, Review Automation Target, Lead Gen Target, 1-5 Reviews, Home Services / Painting",Google Places,Home Services / Painting,,2,4
,,,+19562270313,Hunny-Doo's Inc,McAllen,TX,,"Digital Desert, Review Automation Target, Lead Gen Target, 1-5 Reviews, Home Services / Handyman",Google Places,Home Services / Handyman,,4,4.5
,,,,Reforma Builders,McAllen,TX,https://www.instagram.com/reformbuild/,"Digital Desert, Review Automation Target, Lead Gen Target, 1-5 Reviews, Home Services / Handyman",Google Places,Home Services / Handyman,,1,5
,,,+19566184068,Oscar's Pest Control,McAllen,TX,,"Digital Desert, Review Automation Target, Lead Gen Target, 1-5 Reviews, Home Services / Pest Control",Google Places,Home Services / Pest Control,,2,5
,,,+19564293308,"Pest Control Pro, LLC",McAllen,TX,,"Digital Desert, Review Automation Target, Lead Gen Target, 11-25 Reviews, Home Services / Pest Control",Google Places,Home Services / Pest Control,,16,4.8
,,,+19567878858,A1 Quality Doors,McAllen,TX,,"Digital Desert, Review Automation Target, Lead Gen Target, 11-25 Reviews, Home Services / Garage Door",Google Places,Home Services / Garage Door,,11,4.5
,,,+19565857254,Perez Fence Inc,McAllen,TX,,"Digital Desert, Review Automation Target, Lead Gen Target, 11-25 Reviews, Home Services / Fencing",Google Places,Home Services / Fencing,,16,4.4
,,,,Century Fence & Pools,McAllen,TX,,"Digital Desert, Review Automation Target, Lead Gen Target, 11-25 Reviews, Home Services / Fencing",Google Places,Home Services / Fencing,,11,5
,,,+19565664215,Baileys fence company and wall installers,McAllen,TX,,"Digital Desert, Review Automation Target, Lead Gen Target, 11-25 Reviews, Home Services / Fencing",Google Places,Home Services / Fencing,,19,3.9
,,,+19565669012,Economy Fence,McAllen,TX,,"Digital Desert, Review Automation Target, Lead Gen Target, 1-5 Reviews, Home Services / Fencing",Google Places,Home Services / Fencing,,2,2
,,,+19567898088,Robles Fence & Iron Work,McAllen,TX,,"Digital Desert, Review Automation Target, Lead Gen Target, 11-25 Reviews, Home Services / Fencing",Google Places,Home Services / Fencing,,17,3.5
,,,+19566640777,Deluna Fence & Iron Works,McAllen,TX,,"Digital Desert, Review Automation Target, Lead Gen Target, 1-5 Reviews, Home Services / Fencing",Google Places,Home Services / Fencing,,1,4
,,,+19567879415,Richard's Fence Co,McAllen,TX,,"Digital Desert, Review Automation Target, Lead Gen Target, 1-5 Reviews, Home Services / Fencing",Google Places,Home Services / Fencing,,2,4
,,,+19563109895,"Cannonball Pools and Spa, LLC",McAllen,TX,,"Digital Desert, Review Automation Target, Lead Gen Target, 6-10 Reviews, Home Services / Pool",Google Places,Home Services / Pool,,6,4.2
,,,+19565332605,J C's Pool Services,McAllen,TX,,"Digital Desert, Review Automation Target, Lead Gen Target, 11-25 Reviews, Home Services / Pool",Google Places,Home Services / Pool,,11,1.7
,,,+19566546797,Premier Appliance Repair Solutions,McAllen,TX,,"Digital Desert, Review Automation Target, Lead Gen Target, 1-5 Reviews, Home Services / Appliance Repair",Google Places,Home Services / Appliance Repair,,1,5
,,,+19566446921,Lakewood Appliance Repair Company,McAllen,TX,,"Digital Desert, Review Automation Target, Lead Gen Target, 1-5 Reviews, Home Services / Appliance Repair",Google Places,Home Services / Appliance Repair,,1,5
,,,+19566467521,McAllen Appliance Repair Supporters,McAllen,TX,,"Digital Desert, Review Automation Target, Lead Gen Target, 1-5 Reviews, Home Services / Appliance Repair",Google Places,Home Services / Appliance Repair,,1,5
,,,+19566434741,Clearview Appliance Repair Response,McAllen,TX,,"Digital Desert, Review Automation Target, Lead Gen Target, 1-5 Reviews, Home Services / Appliance Repair",Google Places,Home Services / Appliance Repair,,2,5
,,,,Silverpoint Appliance Repair Response,McAllen,TX,,"Digital Desert, Review Automation Target, Lead Gen Target, 1-5 Reviews, Home Services / Appliance Repair",Google Places,Home Services / Appliance Repair,,1,5
,,,+19566546780,Priority Appliance Repair Response,McAllen,TX,,"Digital Desert, Review Automation Target, Lead Gen Target, 1-5 Reviews, Home Services / Appliance Repair",Google Places,Home Services / Appliance Repair,,2,5
,,,+19566467318,Anchor Appliance Repair Fixers,McAllen,TX,,"Digital Desert, Review Automation Target, Lead Gen Target, 1-5 Reviews, Home Services / Appliance Repair",Google Places,Home Services / Appliance Repair,,3,5
,,,+19566546826,Capital Appliance Repair Fixers,McAllen,TX,,"Digital Desert, Review Automation Target, Lead Gen Target, 1-5 Reviews, Home Services / Appliance Repair",Google Places,Home Services / Appliance Repair,,1,5
,,,+19566546824,Diamond Appliance Repair Experts,McAllen,TX,,"Digital Desert, Review Automation Target, Lead Gen Target, 1-5 Reviews, Home Services / Appliance Repair",Google Places,Home Services / Appliance Repair,,1,5
,,,+19566446922,Primewood Appliance Repair Contractors,McAllen,TX,,"Digital Desert, Review Automation Target, Lead Gen Target, 1-5 Reviews, Home Services / Appliance Repair",Google Places,Home Services / Appliance Repair,,1,5
,,,+19566687575,Servihogar Appliance Repair LLC,McAllen,TX,,"Digital Desert, Review Automation Target, Lead Gen Target, 6-10 Reviews, Home Services / Appliance Repair",Google Places,Home Services / Appliance Repair,,9,4.1
,,,+19566546794,Choice Appliance Repair Services,McAllen,TX,,"Digital Desert, Review Automation Target, Lead Gen Target, 1-5 Reviews, Home Services / Appliance Repair",Google Places,Home Services / Appliance Repair,,1,5
,,,+19566546785,Beacon Appliance Repair Response,McAllen,TX,,"Digital Desert, Review Automation Target, Lead Gen Target, 1-5 Reviews, Home Services / Appliance Repair",Google Places,Home Services / Appliance Repair,,1,5
,,,+19566546803,Select Appliance Repair Team,McAllen,TX,,"Digital Desert, Review Automation Target, Lead Gen Target, 1-5 Reviews, Home Services / Appliance Repair",Google Places,Home Services / Appliance Repair,,1,5
,,,+19567810800,Phoenix Aluminum,McAllen,TX,,"Digital Desert, Review Automation Target, Lead Gen Target, 1-5 Reviews, Home Services / Gutters",Google Places,Home Services / Gutters,,2,5
,,,+19563223250,King's Corner Barbershop,McAllen,TX,,"Digital Desert, Review Automation Target, Lead Gen Target, 6-10 Reviews, Beauty / Barber",Google Places,Beauty / Barber,,6,5
,,,+19564245527,L & K Studios,McAllen,TX,,"Digital Desert, Review Automation Target, Lead Gen Target, 11-25 Reviews, Beauty / Barber",Google Places,Beauty / Barber,,18,5
,,,+19562124067,Clippa Gs Barbershop,McAllen,TX,,"Digital Desert, Review Automation Target, Lead Gen Target, 11-25 Reviews, Beauty / Barber",Google Places,Beauty / Barber,,11,5
,,,+19564516505,RAUL MARTINEZ (MASSAGE STUDIO),McAllen,TX,,"Digital Desert, Review Automation Target, Lead Gen Target, 11-25 Reviews, Beauty / Massage",Google Places,Beauty / Massage,,12,5
,,,+19569070560,Healing Massage by Olga,McAllen,TX,,"Digital Desert, Review Automation Target, Lead Gen Target, 6-10 Reviews, Beauty / Massage",Google Places,Beauty / Massage,,6,5
,,,+19564602865,AD Elite Massage by Adriana Davis,McAllen,TX,,"Digital Desert, Review Automation Target, Lead Gen Target, 1-5 Reviews, Beauty / Massage",Google Places,Beauty / Massage,,2,5
,,,+19567064655,Lily Beautie Lash & Brow - Fineline Tattoos,McAllen,TX,,"Digital Desert, Review Automation Target, Lead Gen Target, 11-25 Reviews, Beauty / Lash Studio",Google Places,Beauty / Lash Studio,,20,5
,,,+19563101417,Lash effect LLC,McAllen,TX,https://www.instagram.com/lasheffect.dg?igsh=anZ4aDI5ZWg0anJj&utm_source=qr,"Digital Desert, Review Automation Target, Lead Gen Target, 11-25 Reviews, Beauty / Lash Studio",Google Places,Beauty / Lash Studio,,13,5
,,,+19567501909,"Lash Queen Studio,LLC., Mcallen, Texas",McAllen,TX,,"Digital Desert, Review Automation Target, Lead Gen Target, 11-25 Reviews, Beauty / Lash Studio",Google Places,Beauty / Lash Studio,,16,5
,,,+19569269567,Lash Era,McAllen,TX,,"Digital Desert, Review Automation Target, Lead Gen Target, 11-25 Reviews, Beauty / Lash Studio",Google Places,Beauty / Lash Studio,,23,5
,,,+19565006242,Magnolia’s Beauty Studio,McAllen,TX,,"Digital Desert, Review Automation Target, Lead Gen Target, 6-10 Reviews, Beauty / Waxing",Google Places,Beauty / Waxing,,10,5
,,,+19567778278,STUDIO 22 Nails & Wax Bar,McAllen,TX,https://www.instagram.com/studio22_tx?igsh=MWZiOXpldHNqaDY3MA==,"Digital Desert, Review Automation Target, Lead Gen Target, 11-25 Reviews, Beauty / Waxing",Google Places,Beauty / Waxing,,19,5
,,,,CBA,McAllen,TX,https://www.instagram.com/_?igsh=MTJvc3gxOTAxNzN3cw==&utm_source=qr,"Digital Desert, Review Automation Target, Lead Gen Target, 11-25 Reviews, Beauty / Waxing",Google Places,Beauty / Waxing,,14,4.7
,,,+18302135437,Royal ink,McAllen,TX,,"Digital Desert, Review Automation Target, Lead Gen Target, 1-5 Reviews, Beauty / Tattoo",Google Places,Beauty / Tattoo,,4,4
,,,+19563094355,RGV INK .EST 20O7,McAllen,TX,https://www.facebook.com/TATTOOOMOE,"Digital Desert, Review Automation Target, Lead Gen Target, 6-10 Reviews, Beauty / Tattoo",Google Places,Beauty / Tattoo,,6,5
,,,+19569336877,Diamond Ink Tattoo Parlor,McAllen,TX,https://instagram.com/diamondinktattooparlor?igshid=YmMyMTA2M2Y=,"Digital Desert, Review Automation Target, Lead Gen Target, 1-5 Reviews, Beauty / Tattoo",Google Places,Beauty / Tattoo,,3,5
,,,+19562665113,Aliartttt_,McAllen,TX,,"Digital Desert, Review Automation Target, Lead Gen Target, 11-25 Reviews, Beauty / Tattoo",Google Places,Beauty / Tattoo,,13,5
,,,+19568030089,Iron Ink Studio,McAllen,TX,https://www.facebook.com/profile.php?id=100089447525987&mibextid=LQQJ4d,"Digital Desert, Review Automation Target, Lead Gen Target, 1-5 Reviews, Beauty / Tattoo",Google Places,Beauty / Tattoo,,4,5
,,,+19567899405,Walker’s Reliable Auto Service,McAllen,TX,https://www.facebook.com/Walkers-Reliable-Auto-Service-821154421269542/,"Digital Desert, Review Automation Target, Lead Gen Target, 11-25 Reviews, Auto Services / Repair",Google Places,Auto Services / Repair,,22,4.8
,,,+19566276557,Automotive Service and Repair Shop,McAllen,TX,,"Digital Desert, Review Automation Target, Lead Gen Target, 6-10 Reviews, Auto Services / Repair",Google Places,Auto Services / Repair,,7,5
,,,,J&M TIRES AND WHEELS,McAllen,TX,,"Digital Desert, Review Automation Target, Lead Gen Target, 11-25 Reviews, Auto Services / Tires",Google Places,Auto Services / Tires,,19,4.4
,,,+19567314321,Tires and tires,McAllen,TX,,"Digital Desert, Review Automation Target, Lead Gen Target, 1-5 Reviews, Auto Services / Tires",Google Places,Auto Services / Tires,,1,4
,,,+19568980014,Jorge's Tire Shop & Rim Repair,McAllen,TX,,"Digital Desert, Review Automation Target, Lead Gen Target, 11-25 Reviews, Auto Services / Tires",Google Places,Auto Services / Tires,,14,5
,,,+19568004250,Flakos Tires and Wheels LLC,McAllen,TX,https://www.facebook.com/people/Flakos-tires-and-wheels-LLC/100087921668508/,"Digital Desert, Review Automation Target, Lead Gen Target, 11-25 Reviews, Auto Services / Tires",Google Places,Auto Services / Tires,,13,4.3
,,,+19566876687,M razo auto body shop,McAllen,TX,,"Digital Desert, Review Automation Target, Lead Gen Target, 11-25 Reviews, Auto Services / Body Shop",Google Places,Auto Services / Body Shop,,17,4.6
,,,+19562129223,De Leons Auto Body shop,McAllen,TX,,"Digital Desert, Review Automation Target, Lead Gen Target, 6-10 Reviews, Auto Services / Body Shop",Google Places,Auto Services / Body Shop,,10,4.5
,,,+13466700047,Legacy Collision Specialist,McAllen,TX,,"Digital Desert, Review Automation Target, Lead Gen Target, 1-5 Reviews, Auto Services / Body Shop",Google Places,Auto Services / Body Shop,,1,5
,,,+19566824278,VALVOLINE EXPRESS CARE / RGV TIRE PROS,McAllen,TX,,"Digital Desert, Review Automation Target, Lead Gen Target, 6-10 Reviews, Auto Services / Oil Change",Google Places,Auto Services / Oil Change,,9,4
,,,+19569663442,Los Norteños Taqueria,McAllen,TX,,"Digital Desert, Review Automation Target, Lead Gen Target, 6-10 Reviews, Food & Beverage / Taqueria",Google Places,Food & Beverage / Taqueria,,10,5
,,,+19564242993,Chivo’s Tacos Food Truck,McAllen,TX,,"Digital Desert, Review Automation Target, Lead Gen Target, 6-10 Reviews, Food & Beverage / Food Truck",Google Places,Food & Beverage / Food Truck,,8,4.9
,,,+19568203992,Servicar El Toma Mas McAllen,McAllen,TX,,"Digital Desert, Review Automation Target, Lead Gen Target, 1-5 Reviews, Food & Beverage / Food Truck",Google Places,Food & Beverage / Food Truck,,5,4.6
,,,,Eloteria Mcallen Food Truck,McAllen,TX,,"Digital Desert, Review Automation Target, Lead Gen Target, 1-5 Reviews, Food & Beverage / Food Truck",Google Places,Food & Beverage / Food Truck,,2,5
,,,,Fonzy's Diner,McAllen,TX,,"Digital Desert, Review Automation Target, Lead Gen Target, 6-10 Reviews, Food & Beverage / Food Truck",Google Places,Food & Beverage / Food Truck,,7,4.3
,,,,Pharr international food truck park,McAllen,TX,,"Digital Desert, Review Automation Target, Lead Gen Target, 11-25 Reviews, Food & Beverage / Food Truck",Google Places,Food & Beverage / Food Truck,,15,3.7
,,,+19567393892,Heavy Crumb,McAllen,TX,,"Digital Desert, Review Automation Target, Lead Gen Target, 11-25 Reviews, Food & Beverage / Bakery",Google Places,Food & Beverage / Bakery,,12,5
,,,+19566857614,Monarca Cakery,McAllen,TX,https://www.facebook.com/MonarcaCakery,"Digital Desert, Review Automation Target, Lead Gen Target, 11-25 Reviews, Food & Beverage / Bakery",Google Places,Food & Beverage / Bakery,,24,4.8
,,,,Mony Tamales,McAllen,TX,,"Digital Desert, Review Automation Target, Lead Gen Target, 1-5 Reviews, Food & Beverage / Tamales",Google Places,Food & Beverage / Tamales,,1,5
,,,+19562126399,COOKIE PLACE AND SWEETS,McAllen,TX,http://www.facebook.com/cookieplaceandsweets,"Digital Desert, Review Automation Target, Lead Gen Target, 11-25 Reviews, Food & Beverage / Donut",Google Places,Food & Beverage / Donut,,22,4.8
,,,,Donato Panaderia,McAllen,TX,,"Digital Desert, Review Automation Target, Lead Gen Target, 11-25 Reviews, Food & Beverage / Donut",Google Places,Food & Beverage / Donut,,23,4.7
,,,+19562127457,Bendita,McAllen,TX,,"Digital Desert, Review Automation Target, Lead Gen Target, 0 Reviews - Highest Priority, Food & Beverage / Donut",Google Places,Food & Beverage / Donut,,0,
,,,,Chilito loco,McAllen,TX,,"Digital Desert, Review Automation Target, Lead Gen Target, 0 Reviews - Highest Priority, Food & Beverage / Ice Cream",Google Places,Food & Beverage / Ice Cream,,0,
,,,+19566868278,Ice Cream Man Place - McAllen (Santino's),McAllen,TX,,"Digital Desert, Review Automation Target, Lead Gen Target, 1-5 Reviews, Food & Beverage / Ice Cream",Google Places,Food & Beverage / Ice Cream,,4,5
,,,+19566321112,Bright Cleaning Services,McAllen,TX,http://www.brightcleaningtx.com/,"Digital Desert, Review Automation Target, Lead Gen Target, 6-10 Reviews, Cleaning / Residential",Google Places,Cleaning / Residential,,9,5
,,,+19565154820,"South Texas Hood Cleaning, LLC",McAllen,TX,,"Digital Desert, Review Automation Target, Lead Gen Target, 1-5 Reviews, Cleaning / Commercial",Google Places,Cleaning / Commercial,,5,5
,,,+19562124505,Blue Jeans Building Services,McAllen,TX,,"Digital Desert, Review Automation Target, Lead Gen Target, 11-25 Reviews, Cleaning / Commercial",Google Places,Cleaning / Commercial,,17,5
,,,+19568840746,H&F Office Cleaning,McAllen,TX,,"Digital Desert, Review Automation Target, Lead Gen Target, 6-10 Reviews, Cleaning / Commercial",Google Places,Cleaning / Commercial,,6,5
,,,+19567399232,Supreme Carpet Cleaning,McAllen,TX,,"Digital Desert, Review Automation Target, Lead Gen Target, 1-5 Reviews, Cleaning / Carpet",Google Places,Cleaning / Carpet,,3,5
,,,+19563582700,Clean Choice Steam Carpet,McAllen,TX,,"Digital Desert, Review Automation Target, Lead Gen Target, 1-5 Reviews, Cleaning / Carpet",Google Places,Cleaning / Carpet,,3,3.7
,,,+19563849383,South Texas Steam and Clean,McAllen,TX,,"Digital Desert, Review Automation Target, Lead Gen Target, 1-5 Reviews, Cleaning / Carpet",Google Places,Cleaning / Carpet,,3,5
,,,+19566090972,Carpet Cleaning PRO,McAllen,TX,https://www.facebook.com/Carpet-Cleaning-PRO-103710477887897/,"Digital Desert, Review Automation Target, Lead Gen Target, 1-5 Reviews, Cleaning / Carpet",Google Places,Cleaning / Carpet,,4,3.5
,,,+19566641577,Thermax Clean Care Center,McAllen,TX,,"Digital Desert, Review Automation Target, Lead Gen Target, 1-5 Reviews, Cleaning / Carpet",Google Places,Cleaning / Carpet,,1,5
,,,,Buds N' Suds,McAllen,TX,,"Digital Desert, Review Automation Target, Lead Gen Target, 1-5 Reviews, Cleaning / Pressure Washing",Google Places,Cleaning / Pressure Washing,,3,5
,,,+19569963001,Mossion lawn services tree,McAllen,TX,,"Digital Desert, Review Automation Target, Lead Gen Target, 6-10 Reviews, Landscaping",Google Places,Landscaping,,8,4.9
,,,+19564421211,The LawnMen,McAllen,TX,https://www.facebook.com/share/14ivKWtZA31/?mibextid=wwXIfr,"Digital Desert, Review Automation Target, Lead Gen Target, 6-10 Reviews, Landscaping / Lawn Care",Google Places,Landscaping / Lawn Care,,10,5
,,,+19565756736,Always Reliable Lawn Care/Lonestar Lawncare,McAllen,TX,,"Digital Desert, Review Automation Target, Lead Gen Target, 11-25 Reviews, Landscaping / Lawn Care",Google Places,Landscaping / Lawn Care,,14,4.9
,,,+19563288476,Edward American Lawn Services LLC,McAllen,TX,,"Digital Desert, Review Automation Target, Lead Gen Target, 11-25 Reviews, Landscaping / Lawn Care",Google Places,Landscaping / Lawn Care,,24,5
,,,+19562717753,Jay’s lawn services,McAllen,TX,,"Digital Desert, Review Automation Target, Lead Gen Target, 1-5 Reviews, Landscaping / Lawn Care",Google Places,Landscaping / Lawn Care,,5,3.4
,,,+19566618620,TreePro Services Palm&Tree Service956,McAllen,TX,https://www.facebook.com/share/1WczpJUJZr/,"Digital Desert, Review Automation Target, Lead Gen Target, 11-25 Reviews, Landscaping / Tree",Google Places,Landscaping / Tree,,13,5
,,,+19566380465,Valley Trimming Tree Experts,McAllen,TX,,"Digital Desert, Review Automation Target, Lead Gen Target, 11-25 Reviews, Landscaping / Tree",Google Places,Landscaping / Tree,,12,5
,,,+19564465495,Services,McAllen,TX,,"Digital Desert, Review Automation Target, Lead Gen Target, 11-25 Reviews, Landscaping / Tree",Google Places,Landscaping / Tree,,12,5
,,,+19563094699,Above And Beyond Services LLC,McAllen,TX,,"Digital Desert, Review Automation Target, Lead Gen Target, 1-5 Reviews, Landscaping / Tree",Google Places,Landscaping / Tree,,3,3.7
,,,+19569930477,Little Roots Learning Center,McAllen,TX,,"Digital Desert, Review Automation Target, Lead Gen Target, 1-5 Reviews, Childcare / Daycare",Google Places,Childcare / Daycare,,5,5
,,,+19566185437,New Horizons Learning Academy Daycare,McAllen,TX,,"Digital Desert, Review Automation Target, Lead Gen Target, 11-25 Reviews, Childcare / Daycare",Google Places,Childcare / Daycare,,23,5
,,,+19566687008,Little Shining Stars Daycare Center,McAllen,TX,,"Digital Desert, Review Automation Target, Lead Gen Target, 11-25 Reviews, Childcare / Daycare",Google Places,Childcare / Daycare,,22,4.3
,,,+19563225664,KIDDO's Daydreams LLC | Daycare & Learning Center,McAllen,TX,https://www.instagram.com/kiddosdaydreams/,"Digital Desert, Review Automation Target, Lead Gen Target, 1-5 Reviews, Childcare / Daycare",Google Places,Childcare / Daycare,,2,5
,,,+19568030553,Assist Learning Academy,McAllen,TX,,"Digital Desert, Review Automation Target, Lead Gen Target, 11-25 Reviews, Childcare / Daycare",Google Places,Childcare / Daycare,,15,5
,,,+19568027794,Child of Mine Learning Center,McAllen,TX,,"Digital Desert, Review Automation Target, Lead Gen Target, 6-10 Reviews, Childcare / Daycare",Google Places,Childcare / Daycare,,7,4.4
,,,+19569718669,Tony's Playhouse Discovery Inc,McAllen,TX,https://www.facebook.com/Tonys-Playhouse-Discovery-Center-176366399042066/,"Digital Desert, Review Automation Target, Lead Gen Target, 11-25 Reviews, Childcare / Daycare",Google Places,Childcare / Daycare,,21,4.5
,,,+19565756624,The Little Classroom LLC.,McAllen,TX,https://m.facebook.com/pages/category/Day-Care/The-Little-Classroom-LLC-110555561231102/,"Digital Desert, Review Automation Target, Lead Gen Target, 1-5 Reviews, Childcare / Daycare",Google Places,Childcare / Daycare,,4,5
,,,+19566869300,Little Dreamers Learning Academy,McAllen,TX,,"Digital Desert, Review Automation Target, Lead Gen Target, 11-25 Reviews, Childcare / Daycare",Google Places,Childcare / Daycare,,17,4.1
,,,+19568210147,Chapa's Moving Services & Storage LLC,McAllen,TX,,"Digital Desert, Review Automation Target, Lead Gen Target, 1-5 Reviews, Moving & Storage",Google Places,Moving & Storage,,3,3.7
,,,+19566863247,Lone Star Moving Service,McAllen,TX,,"Digital Desert, Review Automation Target, Lead Gen Target, 1-5 Reviews, Moving & Storage",Google Places,Moving & Storage,,1,5
,,,+19564165204,TLC Moving Company - - Rio Grande Valley Apartment - Home - Storage Moving Company,McAllen,TX,,"Digital Desert, Review Automation Target, Lead Gen Target, 1-5 Reviews, Moving & Storage",Google Places,Moving & Storage,,1,1
,,,+19568464426,KBC moving services,McAllen,TX,,"Digital Desert, Review Automation Target, Lead Gen Target, 0 Reviews - Highest Priority, Moving & Storage",Google Places,Moving & Storage,,0,
,,,+19569299532,Big Dog Moving Co.,McAllen,TX,,"Digital Desert, Review Automation Target, Lead Gen Target, 11-25 Reviews, Moving & Storage",Google Places,Moving & Storage,,11,3.5
,,,+19566827563,Gus Tailor Shop,McAllen,TX,,"Digital Desert, Review Automation Target, Lead Gen Target, 11-25 Reviews, Retail / Alterations",Google Places,Retail / Alterations,,21,4.5
,,,+19568008881,Mary Sew Alteration’s,McAllen,TX,,"Digital Desert, Review Automation Target, Lead Gen Target, 11-25 Reviews, Retail / Alterations",Google Places,Retail / Alterations,,23,4.9
,,,+19565705442,Tailor Shop Europa,McAllen,TX,,"Digital Desert, Review Automation Target, Lead Gen Target, 6-10 Reviews, Retail / Alterations",Google Places,Retail / Alterations,,9,3.1
,,,+19566586054,Alteraciones de Costura,McAllen,TX,,"Digital Desert, Review Automation Target, Lead Gen Target, 1-5 Reviews, Retail / Alterations",Google Places,Retail / Alterations,,2,5
,,,+19562898989,Adalia's Alterations,McAllen,TX,,"Digital Desert, Review Automation Target, Lead Gen Target, 6-10 Reviews, Retail / Alterations",Google Places,Retail / Alterations,,7,4.7
,,,+19569051588,Andrea alteraciones,McAllen,TX,,"Digital Desert, Review Automation Target, Lead Gen Target, 11-25 Reviews, Retail / Alterations",Google Places,Retail / Alterations,,25,2.8
,,,,All Valley Laundry,McAllen,TX,,"Digital Desert, Review Automation Target, Lead Gen Target, 11-25 Reviews, Retail / Laundromat",Google Places,Retail / Laundromat,,25,3.8
,,,,Ultra Bright Laundromat,McAllen,TX,,"Digital Desert, Review Automation Target, Lead Gen Target, 11-25 Reviews, Retail / Laundromat",Google Places,Retail / Laundromat,,13,3
,,,,Laundromat,McAllen,TX,,"Digital Desert, Review Automation Target, Lead Gen Target, 11-25 Reviews, Retail / Laundromat",Google Places,Retail / Laundromat,,21,4.3
,,,+19563790068,Rosales Notary Public,McAllen,TX,,"Digital Desert, Review Automation Target, Lead Gen Target, 1-5 Reviews, Professional / Notary",Google Places,Professional / Notary,,3,5
,,,+19568464426,CENTER notary public,McAllen,TX,,"Digital Desert, Review Automation Target, Lead Gen Target, 1-5 Reviews, Professional / Notary",Google Places,Professional / Notary,,1,5
,,,+19562213538,Jasmine notary public,McAllen,TX,,"Digital Desert, Review Automation Target, Lead Gen Target, 0 Reviews - Highest Priority, Professional / Notary",Google Places,Professional / Notary,,0,
,,,+19568166014,Via notary public,McAllen,TX,,"Digital Desert, Review Automation Target, Lead Gen Target, 1-5 Reviews, Professional / Notary",Google Places,Professional / Notary,,3,5
,,,+19568444160,Notary Public & Income Tax,McAllen,TX,,"Digital Desert, Review Automation Target, Lead Gen Target, 0 Reviews - Highest Priority, Professional / Notary",Google Places,Professional / Notary,,0,
,,,,MOBILE NOTARY PUBLIC 24/7,McAllen,TX,,"Digital Desert, Review Automation Target, Lead Gen Target, 1-5 Reviews, Professional / Notary",Google Places,Professional / Notary,,1,5
,,,+19566003616,McAllenNotaryPublic@gmail,McAllen,TX,,"Digital Desert, Review Automation Target, Lead Gen Target, 0 Reviews - Highest Priority, Professional / Notary",Google Places,Professional / Notary,,0,
,,,+19566053502,Velez Notary Service,McAllen,TX,,"Digital Desert, Review Automation Target, Lead Gen Target, 1-5 Reviews, Professional / Notary",Google Places,Professional / Notary,,5,5
,,,+19566850273,One Way Keys,McAllen,TX,,"Digital Desert, Review Automation Target, Lead Gen Target, 6-10 Reviews, Home Services / Locksmith",Google Places,Home Services / Locksmith,,9,5
,,,+19565626010,Time is Time Photography,McAllen,TX,,"Digital Desert, Review Automation Target, Lead Gen Target, 6-10 Reviews, Creative / Photography",Google Places,Creative / Photography,,7,5
,,,+19565327593,Studio 301 RGV,McAllen,TX,,"Digital Desert, Review Automation Target, Lead Gen Target, 1-5 Reviews, Creative / Photography",Google Places,Creative / Photography,,3,5
,,,+19568004042,Oh Snap! Professional Selfie Studios,McAllen,TX,,"Digital Desert, Review Automation Target, Lead Gen Target, 6-10 Reviews, Creative / Photography",Google Places,Creative / Photography,,8,4.5
,,,+19569908052,MODERN STUDIO Photo & Films,McAllen,TX,https://m.facebook.com/ModernStudioMcallen,"Digital Desert, Review Automation Target, Lead Gen Target, 1-5 Reviews, Creative / Photography",Google Places,Creative / Photography,,2,5
,,,+19569979393,Dolce Coffee Catering,McAllen,TX,,"Digital Desert, Review Automation Target, Lead Gen Target, 11-25 Reviews, Food & Beverage / Catering",Google Places,Food & Beverage / Catering,,19,5
,,,+19565371122,La Cocina de Conchis,McAllen,TX,,"Digital Desert, Review Automation Target, Lead Gen Target, 1-5 Reviews, Food & Beverage / Catering",Google Places,Food & Beverage / Catering,,5,5
,,,+19564585566,Villa Grand Event Center,McAllen,TX,,"Digital Desert, Review Automation Target, Lead Gen Target, 11-25 Reviews, Food & Beverage / Catering",Google Places,Food & Beverage / Catering,,11,5
,,,+19566272242,ShowTime Pet Salon & Retreat,McAllen,TX,https://www.instagram.com/showtimepetsalonandretreat/,"Digital Desert, Review Automation Target, Lead Gen Target, 11-25 Reviews, Pet Services / Grooming",Google Places,Pet Services / Grooming,,12,4.8
,,,+19566482416,Coats N Tails Luxury Spa,McAllen,TX,,"Digital Desert, Review Automation Target, Lead Gen Target, 11-25 Reviews, Pet Services / Grooming",Google Places,Pet Services / Grooming,,15,5
,,,+19568996910,Hacienda Paws Resort,McAllen,TX,,"Digital Desert, Review Automation Target, Lead Gen Target, 1-5 Reviews, Pet Services / Boarding",Google Places,Pet Services / Boarding,,3,5
,,,+19567239513,City Plumbing Co,Laredo,TX,,"Digital Desert, Review Automation Target, Lead Gen Target, 1-5 Reviews, Home Services / Plumbing",Google Places,Home Services / Plumbing,,2,5
,,,+19562377810,A-Plus Plumbing Contractor,Laredo,TX,,"Digital Desert, Review Automation Target, Lead Gen Target, 1-5 Reviews, Home Services / Plumbing",Google Places,Home Services / Plumbing,,3,3.3
,,,+19562851540,Border Plumbing Services,Laredo,TX,,"Digital Desert, Review Automation Target, Lead Gen Target, 11-25 Reviews, Home Services / Plumbing",Google Places,Home Services / Plumbing,,16,4.8
,,,+19562377810,A Plus Plumbing Contractor,Laredo,TX,,"Digital Desert, Review Automation Target, Lead Gen Target, 0 Reviews - Highest Priority, Home Services / Plumbing",Google Places,Home Services / Plumbing,,0,
,,,+19566451435,Fernandez plumbing n Construction,Laredo,TX,,"Digital Desert, Review Automation Target, Lead Gen Target, 0 Reviews - Highest Priority, Home Services / Plumbing",Google Places,Home Services / Plumbing,,0,
,,,,Plumbing,Laredo,TX,,"Digital Desert, Review Automation Target, Lead Gen Target, 0 Reviews - Highest Priority, Home Services / Plumbing",Google Places,Home Services / Plumbing,,0,
,,,+19567257428,North Side Air Conditioning,Laredo,TX,,"Digital Desert, Review Automation Target, Lead Gen Target, 11-25 Reviews, Home Services / Plumbing",Google Places,Home Services / Plumbing,,22,4.6
,,,+19562692248,Palacios Water Well Drilling and Pump Services,Laredo,TX,,"Digital Desert, Review Automation Target, Lead Gen Target, 6-10 Reviews, Home Services / Plumbing",Google Places,Home Services / Plumbing,,6,5
,,,+19567280003,Quantum Electric Co,Laredo,TX,,"Digital Desert, Review Automation Target, Lead Gen Target, 6-10 Reviews, Home Services / Electrical",Google Places,Home Services / Electrical,,9,5
,,,+19562674951,"H.N.A. Electric, Inc.",Laredo,TX,,"Digital Desert, Review Automation Target, Lead Gen Target, 1-5 Reviews, Home Services / Electrical",Google Places,Home Services / Electrical,,4,4
,,,+19563372579,EC Electric LLC,Laredo,TX,,"Digital Desert, Review Automation Target, Lead Gen Target, 1-5 Reviews, Home Services / Electrical",Google Places,Home Services / Electrical,,4,5
,,,+19567222471,Villarreal Electric Co Inc,Laredo,TX,,"Digital Desert, Review Automation Target, Lead Gen Target, 1-5 Reviews, Home Services / Electrical",Google Places,Home Services / Electrical,,4,4.8
,,,+19563333402,Alpha Omega Electrical Services LLC,Laredo,TX,https://www.alphaomegalaredotx.com/contact-us,"Digital Desert, Review Automation Target, Lead Gen Target, 1-5 Reviews, Home Services / Electrical",Google Places,Home Services / Electrical,,1,5
,,,+19567223908,Rubio Electric Motor Repair,Laredo,TX,,"Digital Desert, Review Automation Target, Lead Gen Target, 6-10 Reviews, Home Services / Electrical",Google Places,Home Services / Electrical,,8,4.5
,,,+19564468111,Laredo HVAC Cooling Service,Laredo,TX,,"Digital Desert, Review Automation Target, Lead Gen Target, 1-5 Reviews, Home Services / HVAC",Google Places,Home Services / HVAC,,5,5
,,,+19568192777,WeatherGuard Air Conditioning & Heating,Laredo,TX,,"Digital Desert, Review Automation Target, Lead Gen Target, 11-25 Reviews, Home Services / HVAC",Google Places,Home Services / HVAC,,20,4.8
,,,+19563244579,J Js Air Conditioning,Laredo,TX,,"Digital Desert, Review Automation Target, Lead Gen Target, 11-25 Reviews, Home Services / HVAC",Google Places,Home Services / HVAC,,11,5
,,,+19562379510,Fred's Air Conditioning and Heating,Laredo,TX,,"Digital Desert, Review Automation Target, Lead Gen Target, 11-25 Reviews, Home Services / HVAC",Google Places,Home Services / HVAC,,21,4.8
,,,+19567263826,"Temprite Mechanical, Inc.",Laredo,TX,https://www.facebook.com/profile.php?id=100065213431666,"Digital Desert, Review Automation Target, Lead Gen Target, 6-10 Reviews, Home Services / HVAC",Google Places,Home Services / HVAC,,7,5
,,,+19567171036,Air Laredo,Laredo,TX,https://www.yelp.com/biz/air-laredo-laredo,"Digital Desert, Review Automation Target, Lead Gen Target, 6-10 Reviews, Home Services / HVAC",Google Places,Home Services / HVAC,,6,5
,,,+19567546575,A&H Roofing,Laredo,TX,,"Digital Desert, Review Automation Target, Lead Gen Target, 11-25 Reviews, Home Services / Roofing",Google Places,Home Services / Roofing,,11,5
,,,+19564014138,V&V Roofing Contractors LLC,Laredo,TX,https://www.facebook.com/share/1BtVbvX9oX/?mibextid=wwXIfr,"Digital Desert, Review Automation Target, Lead Gen Target, 1-5 Reviews, Home Services / Roofing",Google Places,Home Services / Roofing,,2,3
,,,+19562848705,Garcia Roofing and Remodeling,Laredo,TX,,"Digital Desert, Review Automation Target, Lead Gen Target, 1-5 Reviews, Home Services / Roofing",Google Places,Home Services / Roofing,,4,5
,,,+19567958217,Ortegon Roofing Inc,Laredo,TX,,"Digital Desert, Review Automation Target, Lead Gen Target, 1-5 Reviews, Home Services / Roofing",Google Places,Home Services / Roofing,,4,3.3
,,,+19563195167,Martinez Painting,Laredo,TX,,"Digital Desert, Review Automation Target, Lead Gen Target, 1-5 Reviews, Home Services / Painting",Google Places,Home Services / Painting,,4,5
,,,+19563247215,Martinez Painting,Laredo,TX,,"Digital Desert, Review Automation Target, Lead Gen Target, 1-5 Reviews, Home Services / Painting",Google Places,Home Services / Painting,,1,5
,,,+19562209845,Arias Painting,Laredo,TX,,"Digital Desert, Review Automation Target, Lead Gen Target, 1-5 Reviews, Home Services / Painting",Google Places,Home Services / Painting,,1,5
,,,+19564130737,LIMON PAINTING LLC,Laredo,TX,,"Digital Desert, Review Automation Target, Lead Gen Target, 1-5 Reviews, Home Services / Painting",Google Places,Home Services / Painting,,3,5
,,,+19563245734,Humberto's Painting,Laredo,TX,,"Digital Desert, Review Automation Target, Lead Gen Target, 1-5 Reviews, Home Services / Painting",Google Places,Home Services / Painting,,2,5
,,,+19564807905,Connor Painting Custom LLC,Laredo,TX,https://www.instagram.com/reel/DT817j9kZvQ/?igsh=MXA0OXdwYWVpMWJleA==,"Digital Desert, Review Automation Target, Lead Gen Target, 1-5 Reviews, Home Services / Painting",Google Places,Home Services / Painting,,5,4.2
,,,+19567268126,Jimenez Painting Co.,Laredo,TX,https://www.facebook.com/PaintersLaredo.PintoresdeLaredoJimenezPaintingCo.1,"Digital Desert, Review Automation Target, Lead Gen Target, 1-5 Reviews, Home Services / Painting",Google Places,Home Services / Painting,,1,5
,,,+19562292862,Roman Painting,Laredo,TX,,"Digital Desert, Review Automation Target, Lead Gen Target, 0 Reviews - Highest Priority, Home Services / Painting",Google Places,Home Services / Painting,,0,
,,,+19567227165,Fastco Sandblasting & Painting LLC,Laredo,TX,,"Digital Desert, Review Automation Target, Lead Gen Target, 0 Reviews - Highest Priority, Home Services / Painting",Google Places,Home Services / Painting,,0,
,,,+19569991351,Mendoza paint & remodeling,Laredo,TX,,"Digital Desert, Review Automation Target, Lead Gen Target, 1-5 Reviews, Home Services / Painting",Google Places,Home Services / Painting,,1,5
,,,+19568443020,Thirsty Picassos,Laredo,TX,,"Digital Desert, Review Automation Target, Lead Gen Target, 1-5 Reviews, Home Services / Painting",Google Places,Home Services / Painting,,4,5
,,,+19562901000,Ruiz Handyman Service,Laredo,TX,,"Digital Desert, Review Automation Target, Lead Gen Target, 1-5 Reviews, Home Services / Handyman",Google Places,Home Services / Handyman,,2,3
,,,+19563248260,Handy Guz-Man Ltx | Construction | Handyman,Laredo,TX,,"Digital Desert, Review Automation Target, Lead Gen Target, 0 Reviews - Highest Priority, Home Services / Handyman",Google Places,Home Services / Handyman,,0,
,,,+19562063885,Sanchez Construction Services,Laredo,TX,,"Digital Desert, Review Automation Target, Lead Gen Target, 11-25 Reviews, Home Services / Handyman",Google Places,Home Services / Handyman,,19,5
,,,+17608865891,Almazan's General Repair Services,Laredo,TX,,"Digital Desert, Review Automation Target, Lead Gen Target, 0 Reviews - Highest Priority, Home Services / Handyman",Google Places,Home Services / Handyman,,0,
,,,+19564158891,AAA Home Improvement & Handyman Services,Laredo,TX,,"Digital Desert, Review Automation Target, Lead Gen Target, 0 Reviews - Highest Priority, Home Services / Handyman",Google Places,Home Services / Handyman,,0,
,,,+19568577909,J D's Pest Control,Laredo,TX,,"Digital Desert, Review Automation Target, Lead Gen Target, 1-5 Reviews, Home Services / Pest Control",Google Places,Home Services / Pest Control,,3,5
,,,+19567260221,Pan American Pest Control,Laredo,TX,,"Digital Desert, Review Automation Target, Lead Gen Target, 11-25 Reviews, Home Services / Pest Control",Google Places,Home Services / Pest Control,,15,4.5
,,,+19562188041,Ontime Termite & Pest Control,Laredo,TX,https://www.ontimepestcontroltx.com/,"Digital Desert, Review Automation Target, Lead Gen Target, 1-5 Reviews, Home Services / Pest Control",Google Places,Home Services / Pest Control,,4,4
,,,+19562355627,Total Termite & Pest Control,Laredo,TX,,"Digital Desert, Review Automation Target, Lead Gen Target, 1-5 Reviews, Home Services / Pest Control",Google Places,Home Services / Pest Control,,1,5
,,,+19563372419,JC’s Door Service Inc,Laredo,TX,https://www.facebook.com/share/1JrvXZipKB/?mibextid=wwXIfr,"Digital Desert, Review Automation Target, Lead Gen Target, 6-10 Reviews, Home Services / Garage Door",Google Places,Home Services / Garage Door,,7,5
,,,+19567128859,Premier Door Services,Laredo,TX,,"Digital Desert, Review Automation Target, Lead Gen Target, 1-5 Reviews, Home Services / Garage Door",Google Places,Home Services / Garage Door,,1,5
,,,+19567960102,Fence World,Laredo,TX,http://www.fenceworldstx.com/,"Digital Desert, Review Automation Target, Lead Gen Target, 6-10 Reviews, Home Services / Fencing",Google Places,Home Services / Fencing,,6,4.3
,,,+19567223125,Maverick Fence Co,Laredo,TX,,"Digital Desert, Review Automation Target, Lead Gen Target, 6-10 Reviews, Home Services / Fencing",Google Places,Home Services / Fencing,,6,3.7
,,,+19562854863,Martinez Ranch Fencing,Laredo,TX,,"Digital Desert, Review Automation Target, Lead Gen Target, 1-5 Reviews, Home Services / Fencing",Google Places,Home Services / Fencing,,3,3.7
,,,+19567225281,Laredo Fence Materials Inc,Laredo,TX,,"Digital Desert, Review Automation Target, Lead Gen Target, 1-5 Reviews, Home Services / Fencing",Google Places,Home Services / Fencing,,2,3.5
,,,+19562299760,FENCE & INSULATION BRIGO LLC,Laredo,TX,,"Digital Desert, Review Automation Target, Lead Gen Target, 0 Reviews - Highest Priority, Home Services / Fencing",Google Places,Home Services / Fencing,,0,
,,,+19567287760,Sunset Pools,Laredo,TX,,"Digital Desert, Review Automation Target, Lead Gen Target, 6-10 Reviews, Home Services / Pool",Google Places,Home Services / Pool,,6,3.7
,,,+19567239820,Pools By Aqua Design,Laredo,TX,,"Digital Desert, Review Automation Target, Lead Gen Target, 6-10 Reviews, Home Services / Pool",Google Places,Home Services / Pool,,10,3.7
,,,+19563065249,Connelly Appliance Repair,Laredo,TX,,"Digital Desert, Review Automation Target, Lead Gen Target, 1-5 Reviews, Home Services / Appliance Repair",Google Places,Home Services / Appliance Repair,,1,5
,,,+19562511288,Flores Appliance And Parts,Laredo,TX,,"Digital Desert, Review Automation Target, Lead Gen Target, 6-10 Reviews, Home Services / Appliance Repair",Google Places,Home Services / Appliance Repair,,8,2.9
,,,+19563958054,Resendez Rodriguez Appliance Repair,Laredo,TX,,"Digital Desert, Review Automation Target, Lead Gen Target, 11-25 Reviews, Home Services / Appliance Repair",Google Places,Home Services / Appliance Repair,,13,3.4
,,,,City Service Inc.,Laredo,TX,,"Digital Desert, Review Automation Target, Lead Gen Target, 1-5 Reviews, Home Services / Appliance Repair",Google Places,Home Services / Appliance Repair,,1,5
,,,+19569629128,Exclusive Air Conditioning & Refrigeration,Laredo,TX,,"Digital Desert, Review Automation Target, Lead Gen Target, 1-5 Reviews, Home Services / Appliance Repair",Google Places,Home Services / Appliance Repair,,4,4
,,,+19567254460,Javier Cantu Air Conditioning,Laredo,TX,,"Digital Desert, Review Automation Target, Lead Gen Target, 1-5 Reviews, Home Services / Plumbing",Google Places,Home Services / Plumbing,,5,4.8
,,,+19562322540,Joe's Electric,Laredo,TX,,"Digital Desert, Review Automation Target, Lead Gen Target, 0 Reviews - Highest Priority, Home Services / Electrical",Google Places,Home Services / Electrical,,0,
,,,+19567719464,Nationwide Electrical Contractors,Laredo,TX,,"Digital Desert, Review Automation Target, Lead Gen Target, 1-5 Reviews, Home Services / Electrical",Google Places,Home Services / Electrical,,1,5
,,,+19567245453,American Contracting & Roofing LLC,Laredo,TX,,"Digital Desert, Review Automation Target, Lead Gen Target, 1-5 Reviews, Home Services / Roofing",Google Places,Home Services / Roofing,,1,5
,,,+19567250101,Laredo Striping Inc,Laredo,TX,,"Digital Desert, Review Automation Target, Lead Gen Target, 1-5 Reviews, Home Services / Painting",Google Places,Home Services / Painting,,1,5
,,,+19567047788,Carrizales Landscaping and Pest Control,Laredo,TX,,"Digital Desert, Review Automation Target, Lead Gen Target, 6-10 Reviews, Home Services / Pest Control",Google Places,Home Services / Pest Control,,9,5
,,,+19567746770,Reparacion Y Mantenimiento AC,Laredo,TX,,"Digital Desert, Review Automation Target, Lead Gen Target, 1-5 Reviews, Home Services / Appliance Repair",Google Places,Home Services / Appliance Repair,,3,3.7
,,,+19563347069,Cold Front Air Condition and Refrigeration,Laredo,TX,,"Digital Desert, Review Automation Target, Lead Gen Target, 6-10 Reviews, Home Services / Appliance Repair",Google Places,Home Services / Appliance Repair,,6,4.3
,,,+12103911075,CleanTrash,Laredo,TX,,"Digital Desert, Review Automation Target, Lead Gen Target, 11-25 Reviews, Home Services / Gutters",Google Places,Home Services / Gutters,,24,4.8
,,,+19562206455,Nationwide Pro Services,Laredo,TX,,"Digital Desert, Review Automation Target, Lead Gen Target, 0 Reviews - Highest Priority, Home Services / Gutters",Google Places,Home Services / Gutters,,0,
,,,+19565164098,Mayra Alejandra The Salon Experience,Laredo,TX,http://www.instagram.com/Mayraalejandra_salonexperience,"Digital Desert, Review Automation Target, Lead Gen Target, 11-25 Reviews, Beauty / Hair Salon",Google Places,Beauty / Hair Salon,,12,4.1
,,,+19567910060,AVEDA Hair Sensations,Laredo,TX,,"Digital Desert, Review Automation Target, Lead Gen Target, 11-25 Reviews, Beauty / Hair Salon",Google Places,Beauty / Hair Salon,,14,4.6
,,,+19567542199,Yuri's Beauty Lounge,Laredo,TX,,"Digital Desert, Review Automation Target, Lead Gen Target, 11-25 Reviews, Beauty / Hair Salon",Google Places,Beauty / Hair Salon,,14,4.7
,,,+19563945684,Elegancia Barbershop Laredo,Laredo,TX,https://www.facebook.com/share/1Bn8fnMTbG/?mibextid=wwXIfr,"Digital Desert, Review Automation Target, Lead Gen Target, 11-25 Reviews, Beauty / Barber",Google Places,Beauty / Barber,,20,5
,,,+19562067050,Ace Of Fades Barbershop,Laredo,TX,,"Digital Desert, Review Automation Target, Lead Gen Target, 0 Reviews - Highest Priority, Beauty / Barber",Google Places,Beauty / Barber,,0,
,,,+19569495352,Cucha Pedi & Nails Room,Laredo,TX,,"Digital Desert, Review Automation Target, Lead Gen Target, 1-5 Reviews, Beauty / Nail Salon",Google Places,Beauty / Nail Salon,,2,5
,,,+19567045050,Prime Nails & Spa,Laredo,TX,,"Digital Desert, Review Automation Target, Lead Gen Target, 11-25 Reviews, Beauty / Nail Salon",Google Places,Beauty / Nail Salon,,15,4.2
,,,+19567502468,Lucky Massage,Laredo,TX,,"Digital Desert, Review Automation Target, Lead Gen Target, 1-5 Reviews, Beauty / Massage",Google Places,Beauty / Massage,,1,5
,,,+19562678600,Hands of Grace Massage Therapy,Laredo,TX,,"Digital Desert, Review Automation Target, Lead Gen Target, 1-5 Reviews, Beauty / Massage",Google Places,Beauty / Massage,,2,5
,,,+12536060945,Serenity Touch Therapy,Laredo,TX,,"Digital Desert, Review Automation Target, Lead Gen Target, 0 Reviews - Highest Priority, Beauty / Massage",Google Places,Beauty / Massage,,0,
,,,,Donna’s place,Laredo,TX,,"Digital Desert, Review Automation Target, Lead Gen Target, 0 Reviews - Highest Priority, Beauty / Massage",Google Places,Beauty / Massage,,0,
,,,+19565522142,Beauty Heaven,Laredo,TX,,"Digital Desert, Review Automation Target, Lead Gen Target, 6-10 Reviews, Beauty / Salon",Google Places,Beauty / Salon,,10,5
,,,+19565680066,Sonia's Beauty Salon,Laredo,TX,https://www.facebook.com/soniasbeautysalonlaredotx/,"Digital Desert, Review Automation Target, Lead Gen Target, 11-25 Reviews, Beauty / Salon",Google Places,Beauty / Salon,,20,4.8
,,,+19567232095,Alarcon Beauty Salon,Laredo,TX,,"Digital Desert, Review Automation Target, Lead Gen Target, 11-25 Reviews, Beauty / Salon",Google Places,Beauty / Salon,,19,4.9
,,,+19565082211,Wax & Shine,Laredo,TX,,"Digital Desert, Review Automation Target, Lead Gen Target, 1-5 Reviews, Beauty / Waxing",Google Places,Beauty / Waxing,,1,5
,,,+19563011970,The wax room,Laredo,TX,,"Digital Desert, Review Automation Target, Lead Gen Target, 0 Reviews - Highest Priority, Beauty / Waxing",Google Places,Beauty / Waxing,,0,
,,,,Luis Juarez Fine Art Tattoo Studio,Laredo,TX,,"Digital Desert, Review Automation Target, Lead Gen Target, 1-5 Reviews, Beauty / Tattoo",Google Places,Beauty / Tattoo,,1,4
,,,+19562369087,Mechanic THE SHOP,Laredo,TX,,"Digital Desert, Review Automation Target, Lead Gen Target, 11-25 Reviews, Auto Services / Repair",Google Places,Auto Services / Repair,,22,4.6
,,,+19563344128,Villa's Mechanic Shop,Laredo,TX,,"Digital Desert, Review Automation Target, Lead Gen Target, 11-25 Reviews, Auto Services / Repair",Google Places,Auto Services / Repair,,14,4.7
,,,+19564777113,Laredo Automotive Garage,Laredo,TX,,"Digital Desert, Review Automation Target, Lead Gen Target, 11-25 Reviews, Auto Services / Repair",Google Places,Auto Services / Repair,,17,4.5
,,,+19563248240,JM Tires/Road Service,Laredo,TX,,"Digital Desert, Review Automation Target, Lead Gen Target, 6-10 Reviews, Auto Services / Tires",Google Places,Auto Services / Tires,,9,5
,,,+19563248240,J&M Tire Shop/ Road Service,Laredo,TX,,"Digital Desert, Review Automation Target, Lead Gen Target, 11-25 Reviews, Auto Services / Tires",Google Places,Auto Services / Tires,,25,4.5
,,,+19564624580,Coyote Tire Shop,Laredo,TX,,"Digital Desert, Review Automation Target, Lead Gen Target, 6-10 Reviews, Auto Services / Tires",Google Places,Auto Services / Tires,,9,5
,,,,tire shop,Laredo,TX,,"Digital Desert, Review Automation Target, Lead Gen Target, 1-5 Reviews, Auto Services / Tires",Google Places,Auto Services / Tires,,5,4
,,,+19563373878,SOS Road Service LLC,Laredo,TX,,"Digital Desert, Review Automation Target, Lead Gen Target, 6-10 Reviews, Auto Services / Tires",Google Places,Auto Services / Tires,,6,4.3
,,,+19565685230,J'S TIRE SHOP,Laredo,TX,,"Digital Desert, Review Automation Target, Lead Gen Target, 11-25 Reviews, Auto Services / Tires",Google Places,Auto Services / Tires,,20,4.8
,,,+19567645000,HEB Car Wash,Laredo,TX,,"Digital Desert, Review Automation Target, Lead Gen Target, 6-10 Reviews, Auto Services / Car Wash",Google Places,Auto Services / Car Wash,,6,2
,,,+19566791347,Isaac Autobodypaint shop,Laredo,TX,,"Digital Desert, Review Automation Target, Lead Gen Target, 1-5 Reviews, Auto Services / Body Shop",Google Places,Auto Services / Body Shop,,1,5
,,,+19567246373,Lozano Body Shop,Laredo,TX,,"Digital Desert, Review Automation Target, Lead Gen Target, 11-25 Reviews, Auto Services / Body Shop",Google Places,Auto Services / Body Shop,,22,4.5
,,,+19567238213,Yzaguirre Body Shop,Laredo,TX,,"Digital Desert, Review Automation Target, Lead Gen Target, 11-25 Reviews, Auto Services / Body Shop",Google Places,Auto Services / Body Shop,,21,4.7
,,,+19567182191,Mario's Paint & Body,Laredo,TX,,"Digital Desert, Review Automation Target, Lead Gen Target, 11-25 Reviews, Auto Services / Body Shop",Google Places,Auto Services / Body Shop,,11,4.5
,,,+19565167371,Premier Body Shop,Laredo,TX,,"Digital Desert, Review Automation Target, Lead Gen Target, 11-25 Reviews, Auto Services / Body Shop",Google Places,Auto Services / Body Shop,,20,4.3
,,,+19566126897,J's collision center,Laredo,TX,,"Digital Desert, Review Automation Target, Lead Gen Target, 1-5 Reviews, Auto Services / Body Shop",Google Places,Auto Services / Body Shop,,3,5
,,,+12102127885,Ramirez Body Shop,Laredo,TX,,"Digital Desert, Review Automation Target, Lead Gen Target, 11-25 Reviews, Auto Services / Body Shop",Google Places,Auto Services / Body Shop,,12,4.9
,,,+19562371144,Laredo Body Shop,Laredo,TX,,"Digital Desert, Review Automation Target, Lead Gen Target, 1-5 Reviews, Auto Services / Body Shop",Google Places,Auto Services / Body Shop,,4,4.8
,,,+19567222744,H-Chapa Body Shop,Laredo,TX,,"Digital Desert, Review Automation Target, Lead Gen Target, 11-25 Reviews, Auto Services / Body Shop",Google Places,Auto Services / Body Shop,,18,4.8
,,,+19563242286,Grease Lightning Garage LLC,Laredo,TX,,"Digital Desert, Review Automation Target, Lead Gen Target, 11-25 Reviews, Auto Services / Oil Change",Google Places,Auto Services / Oil Change,,24,4.3
,,,+19568984378,BeMont Food Truck,Laredo,TX,https://www.facebook.com/BeMontFoodTruck/,"Digital Desert, Review Automation Target, Lead Gen Target, 11-25 Reviews, Food & Beverage / Food Truck",Google Places,Food & Beverage / Food Truck,,14,4.9
,,,,Food truck,Laredo,TX,,"Digital Desert, Review Automation Target, Lead Gen Target, 1-5 Reviews, Food & Beverage / Food Truck",Google Places,Food & Beverage / Food Truck,,5,2.2
,,,+19565317179,El Mana Mexican Food Truck,Laredo,TX,,"Digital Desert, Review Automation Target, Lead Gen Target, 1-5 Reviews, Food & Beverage / Food Truck",Google Places,Food & Beverage / Food Truck,,3,3.7
,,,+19569996477,The Nomada956 Food Truck,Laredo,TX,,"Digital Desert, Review Automation Target, Lead Gen Target, 11-25 Reviews, Food & Beverage / Food Truck",Google Places,Food & Beverage / Food Truck,,14,3.2
,,,+19563084273,Leoncillos Antojitos Mexicanos,Laredo,TX,https://leoncillosantojitosmexicanostx.com/,"Digital Desert, Review Automation Target, Lead Gen Target, 6-10 Reviews, Food & Beverage / Food Truck",Google Places,Food & Beverage / Food Truck,,7,5
,,,+19566790833,Corner Pocket Food Truck,Laredo,TX,https://www.facebook.com/profile.php?id=61573444229992,"Digital Desert, Review Automation Target, Lead Gen Target, 6-10 Reviews, Food & Beverage / Food Truck",Google Places,Food & Beverage / Food Truck,,6,4.3
,,,+19565680106,Gonzalez Cakes & Pastry Shoppe,Laredo,TX,,"Digital Desert, Review Automation Target, Lead Gen Target, 11-25 Reviews, Food & Beverage / Bakery",Google Places,Food & Beverage / Bakery,,24,4.3
,,,+19562694764,Charlie's Lil' Orbits & Lemonades,Laredo,TX,https://instagram.com/charlies_lemonades?utm_medium=copy_link,"Digital Desert, Review Automation Target, Lead Gen Target, 11-25 Reviews, Food & Beverage / Donut",Google Places,Food & Beverage / Donut,,16,5
,,,,Tamarindos Helados & Snacks,Laredo,TX,,"Digital Desert, Review Automation Target, Lead Gen Target, 6-10 Reviews, Food & Beverage / Ice Cream",Google Places,Food & Beverage / Ice Cream,,9,4.6
,,,+19564410088,Miss Cow Frozen Yogurt and Boba Tea,Laredo,TX,,"Digital Desert, Review Automation Target, Lead Gen Target, 11-25 Reviews, Food & Beverage / Ice Cream",Google Places,Food & Beverage / Ice Cream,,15,4.5
,,,+19563338463,Sparkle House Cleaning,Laredo,TX,,"Digital Desert, Review Automation Target, Lead Gen Target, 1-5 Reviews, Cleaning / Residential",Google Places,Cleaning / Residential,,1,5
,,,+19563345928,limpieza de casas y oficinas en laredo texas,Laredo,TX,,"Digital Desert, Review Automation Target, Lead Gen Target, 1-5 Reviews, Cleaning / Residential",Google Places,Cleaning / Residential,,5,3.4
,,,+19567639866,Crown Quality Cleaning Inc.,Laredo,TX,https://www.cqc-tx.com/,"Digital Desert, Review Automation Target, Lead Gen Target, 1-5 Reviews, Cleaning / Commercial",Google Places,Cleaning / Commercial,,4,5
,,,+18067015136,Locus CO,Laredo,TX,,"Digital Desert, Review Automation Target, Lead Gen Target, 0 Reviews - Highest Priority, Cleaning / Commercial",Google Places,Cleaning / Commercial,,0,
,,,+19564897593,Laredo Steam Cleaning Solutions,Laredo,TX,,"Digital Desert, Review Automation Target, Lead Gen Target, 1-5 Reviews, Cleaning / Carpet",Google Places,Cleaning / Carpet,,2,5
,,,,R & F Carpet Cleaning & Janitorial Services,Laredo,TX,,"Digital Desert, Review Automation Target, Lead Gen Target, 0 Reviews - Highest Priority, Cleaning / Carpet",Google Places,Cleaning / Carpet,,0,
,,,+19563071606,Mr. G's Pressure Washing Services,Laredo,TX,,"Digital Desert, Review Automation Target, Lead Gen Target, 1-5 Reviews, Cleaning / Pressure Washing",Google Places,Cleaning / Pressure Washing,,3,5
,,,+19566060227,Renew Exterior Hard Surface Cleaning,Laredo,TX,,"Digital Desert, Review Automation Target, Lead Gen Target, 0 Reviews - Highest Priority, Cleaning / Pressure Washing",Google Places,Cleaning / Pressure Washing,,0,
,,,+19569627059,JMPowerwashing,Laredo,TX,,"Digital Desert, Review Automation Target, Lead Gen Target, 0 Reviews - Highest Priority, Cleaning / Pressure Washing",Google Places,Cleaning / Pressure Washing,,0,
,,,+19567237700,Rainbow Lawn Sprinkler & Landscaping Company,Laredo,TX,https://www.facebook.com/rainbowlawnsprinklersco/,"Digital Desert, Review Automation Target, Lead Gen Target, 1-5 Reviews, Landscaping",Google Places,Landscaping,,2,5
,,,+19566523717,Jimenez Landscaping Service,Laredo,TX,,"Digital Desert, Review Automation Target, Lead Gen Target, 1-5 Reviews, Landscaping",Google Places,Landscaping,,2,5
,,,+19567223492,"Laredo Lawn, Inc.",Laredo,TX,,"Digital Desert, Review Automation Target, Lead Gen Target, 1-5 Reviews, Landscaping",Google Places,Landscaping,,5,4.2
,,,+19566354408,LG Nursery & Landscaping,Laredo,TX,,"Digital Desert, Review Automation Target, Lead Gen Target, 11-25 Reviews, Landscaping",Google Places,Landscaping,,14,3.2
,,,+19564364674,Unique Lawn Care,Laredo,TX,,"Digital Desert, Review Automation Target, Lead Gen Target, 6-10 Reviews, Landscaping / Lawn Care",Google Places,Landscaping / Lawn Care,,10,3.6
,,,+19566918731,Gladiator Lawn Care,Laredo,TX,,"Digital Desert, Review Automation Target, Lead Gen Target, 1-5 Reviews, Landscaping / Lawn Care",Google Places,Landscaping / Lawn Care,,1,5
,,,+19567537300,Happy Beginnings Childcare & learning Center,Laredo,TX,,"Digital Desert, Review Automation Target, Lead Gen Target, 11-25 Reviews, Childcare / Daycare",Google Places,Childcare / Daycare,,14,4.7
,,,+19567239306,Naty's Learning Center & Day Care,Laredo,TX,,"Digital Desert, Review Automation Target, Lead Gen Target, 11-25 Reviews, Childcare / Daycare",Google Places,Childcare / Daycare,,20,4.5
,,,+19565680472,Shining Stars Learning Academy,Laredo,TX,https://www.shiningstarstx.com/,"Digital Desert, Review Automation Target, Lead Gen Target, 6-10 Reviews, Childcare / Daycare",Google Places,Childcare / Daycare,,10,5
,,,+19569996713,All Star Kids Daycare and Learning Center,Laredo,TX,,"Digital Desert, Review Automation Target, Lead Gen Target, 6-10 Reviews, Childcare / Daycare",Google Places,Childcare / Daycare,,8,3.5
,,,+19564627123,"Once Upon A Time Learning Center,LLC",Laredo,TX,,"Digital Desert, Review Automation Target, Lead Gen Target, 6-10 Reviews, Childcare / Daycare",Google Places,Childcare / Daycare,,7,5
,,,+19566020774,"Stepping Stones Child Care & Learning Center, LLC",Laredo,TX,https://www.facebook.com/pg/Stepping-Stones-Child-Care-and-Learning-Center-LLC-1994706300820304/reviews/?ref=page_internal,"Digital Desert, Review Automation Target, Lead Gen Target, 6-10 Reviews, Childcare / Daycare",Google Places,Childcare / Daycare,,9,5
,,,+19565167308,Little Hunters Learning Center,Laredo,TX,https://www.facebook.com/profile.php?id=100030213563078&mibextid=ZbWKwL,"Digital Desert, Review Automation Target, Lead Gen Target, 1-5 Reviews, Childcare / Daycare",Google Places,Childcare / Daycare,,5,5
,,,+19565238856,Happy Day Daycare,Laredo,TX,,"Digital Desert, Review Automation Target, Lead Gen Target, 1-5 Reviews, Childcare / Daycare",Google Places,Childcare / Daycare,,3,5
,,,+19567278744,Little People's Bright Beginning,Laredo,TX,,"Digital Desert, Review Automation Target, Lead Gen Target, 6-10 Reviews, Childcare / Daycare",Google Places,Childcare / Daycare,,6,4.3
,,,,"Best Lil Schoolhouse Academy, Llc",Laredo,TX,,"Digital Desert, Review Automation Target, Lead Gen Target, 1-5 Reviews, Childcare / Daycare",Google Places,Childcare / Daycare,,5,4.2
,,,+19563247080,Bordertown Movers-Laredo Moving Company-Mudanza,Laredo,TX,,"Digital Desert, Review Automation Target, Lead Gen Target, 1-5 Reviews, Moving & Storage",Google Places,Moving & Storage,,3,5
,,,+19567223550,Rite Way Moving Company,Laredo,TX,,"Digital Desert, Review Automation Target, Lead Gen Target, 6-10 Reviews, Moving & Storage",Google Places,Moving & Storage,,6,4.3
,,,+19562067939,No Limit Moving and Services,Laredo,TX,,"Digital Desert, Review Automation Target, Lead Gen Target, 1-5 Reviews, Moving & Storage",Google Places,Moving & Storage,,4,5
Eduardo,Martinez,emartinez@weemovelaredo.com,,Move Laredo,Laredo,TX,,"Digital Desert, Review Automation Target, Lead Gen Target, 1-5 Reviews, Moving & Storage",Google Places,Moving & Storage,Business Owner,2,2.5
,,,+19566126767,Moon's Tailor shop & Tuxedo Rental,Laredo,TX,,"Digital Desert, Review Automation Target, Lead Gen Target, 11-25 Reviews, Retail / Alterations",Google Places,Retail / Alterations,,16,4.2
,,,+19567272171,Gloria’s Alterations,Laredo,TX,,"Digital Desert, Review Automation Target, Lead Gen Target, 6-10 Reviews, Retail / Alterations",Google Places,Retail / Alterations,,9,3.6
,,,+19563335453,Gabriel's Tailor Shop,Laredo,TX,,"Digital Desert, Review Automation Target, Lead Gen Target, 11-25 Reviews, Retail / Alterations",Google Places,Retail / Alterations,,24,2.7
,,,+19567249077,Los Dos Laredo's Tailor Shop,Laredo,TX,,"Digital Desert, Review Automation Target, Lead Gen Target, 11-25 Reviews, Retail / Alterations",Google Places,Retail / Alterations,,17,4.5
,,,+19567910989,Chico's Tailor Shop,Laredo,TX,,"Digital Desert, Review Automation Target, Lead Gen Target, 11-25 Reviews, Retail / Alterations",Google Places,Retail / Alterations,,17,3.9
,,,+19562065695,Vican Tailor Shop -Tuxedo Rental & Gallery,Laredo,TX,,"Digital Desert, Review Automation Target, Lead Gen Target, 6-10 Reviews, Retail / Alterations",Google Places,Retail / Alterations,,6,5
,,,+17127490320,La Costura,Laredo,TX,,"Digital Desert, Review Automation Target, Lead Gen Target, 0 Reviews - Highest Priority, Retail / Alterations",Google Places,Retail / Alterations,,0,
,,,,Pina Colada,Laredo,TX,,"Digital Desert, Review Automation Target, Lead Gen Target, 6-10 Reviews, Retail / Laundromat",Google Places,Retail / Laundromat,,6,3.5
,,,,ANGUIANO STATE OF TEXAS PUBLIC NOTARY,Laredo,TX,,"Digital Desert, Review Automation Target, Lead Gen Target, 6-10 Reviews, Professional / Notary",Google Places,Professional / Notary,,6,5
,,,+19566155113,Kassandra Gonzalez Notary Public,Laredo,TX,http://www.facebook.com/kassyglz96,"Digital Desert, Review Automation Target, Lead Gen Target, 6-10 Reviews, Professional / Notary",Google Places,Professional / Notary,,7,5
,,,+19565167776,Patty's Tax and Notary Service,Laredo,TX,https://www.facebook.com/pattystax.notary.1/,"Digital Desert, Review Automation Target, Lead Gen Target, 1-5 Reviews, Professional / Notary",Google Places,Professional / Notary,,4,5
,,,+19569705111,"Gonzalez, Joe - Notary Public Mobile",Laredo,TX,,"Digital Desert, Review Automation Target, Lead Gen Target, 0 Reviews - Highest Priority, Professional / Notary",Google Places,Professional / Notary,,0,
,,,+19564893981,"NOTARY PUBLIC, Martinez",Laredo,TX,,"Digital Desert, Review Automation Target, Lead Gen Target, 6-10 Reviews, Professional / Notary",Google Places,Professional / Notary,,10,5
,,,+19563346177,WISE Jobs - Notary Public,Laredo,TX,,"Digital Desert, Review Automation Target, Lead Gen Target, 0 Reviews - Highest Priority, Professional / Notary",Google Places,Professional / Notary,,0,
,,,+19564151195,"Endless Services & Solutions, LLC",Laredo,TX,,"Digital Desert, Review Automation Target, Lead Gen Target, 11-25 Reviews, Professional / Notary",Google Places,Professional / Notary,,15,4.9
,,,+19567910284,Multi Business Service LLC / Amy Sarli,Laredo,TX,https://m.facebook.com/multibusinessservicellc/,"Digital Desert, Review Automation Target, Lead Gen Target, 6-10 Reviews, Professional / Notary",Google Places,Professional / Notary,,6,4.8
,,,+19567634487,Notary Public Manuela Rodríguez,Laredo,TX,,"Digital Desert, Review Automation Target, Lead Gen Target, 1-5 Reviews, Professional / Notary",Google Places,Professional / Notary,,2,5
,,,+19567918181,Mario's Portrait Studio-Mario Gutierrez Photography ARTIST,Laredo,TX,,"Digital Desert, Review Automation Target, Lead Gen Target, 11-25 Reviews, Creative / Photography",Google Places,Creative / Photography,,17,4.3
,,,+19564771545,ChoicePix LLC | Senior Portrait Studio,Laredo,TX,http://www.choice-pix.com/,"Digital Desert, Review Automation Target, Lead Gen Target, 6-10 Reviews, Creative / Photography",Google Places,Creative / Photography,,7,3.4
,,,+19567969705,Albert Studio Laredo Photo & Video,Laredo,TX,,"Digital Desert, Review Automation Target, Lead Gen Target, 1-5 Reviews, Creative / Photography",Google Places,Creative / Photography,,5,5
,,,+19564360560,Elda Amaya Photography,Laredo,TX,,"Digital Desert, Review Automation Target, Lead Gen Target, 1-5 Reviews, Creative / Photography",Google Places,Creative / Photography,,1,5
,,,+19567916621,DGtal Imaging Portrait Studio,Laredo,TX,,"Digital Desert, Review Automation Target, Lead Gen Target, 6-10 Reviews, Creative / Photography",Google Places,Creative / Photography,,7,4.4
,,,+19562906660,Belle Studio Boudoir,Laredo,TX,,"Digital Desert, Review Automation Target, Lead Gen Target, 1-5 Reviews, Creative / Photography",Google Places,Creative / Photography,,1,5
,,,+19567227200,T R Esquivel Photographer,Laredo,TX,,"Digital Desert, Review Automation Target, Lead Gen Target, 11-25 Reviews, Creative / Photography",Google Places,Creative / Photography,,18,3.1
,,,+19563243982,LUMA STUDIOS,Laredo,TX,,"Digital Desert, Review Automation Target, Lead Gen Target, 1-5 Reviews, Creative / Photography",Google Places,Creative / Photography,,2,5
,,,+19567265539,Victoria's Place & Catering,Laredo,TX,,"Digital Desert, Review Automation Target, Lead Gen Target, 11-25 Reviews, Food & Beverage / Catering",Google Places,Food & Beverage / Catering,,17,4.5
,,,+12107360123,Longhorn Catering,Laredo,TX,,"Digital Desert, Review Automation Target, Lead Gen Target, 6-10 Reviews, Food & Beverage / Catering",Google Places,Food & Beverage / Catering,,10,4.7
,,,,Vanessa Roldan Catering Logistic,Laredo,TX,,"Digital Desert, Review Automation Target, Lead Gen Target, 1-5 Reviews, Food & Beverage / Catering",Google Places,Food & Beverage / Catering,,4,5
,,,+19567632583,Blue Chip Catering,Laredo,TX,,"Digital Desert, Review Automation Target, Lead Gen Target, 1-5 Reviews, Food & Beverage / Catering",Google Places,Food & Beverage / Catering,,2,1
,,,,Pondside Venue,Laredo,TX,,"Digital Desert, Review Automation Target, Lead Gen Target, 1-5 Reviews, Food & Beverage / Catering",Google Places,Food & Beverage / Catering,,3,4
,,,+19566069093,Pearls Pet Salon,Laredo,TX,https://www.facebook.com/pearlspetsalon,"Digital Desert, Review Automation Target, Lead Gen Target, 6-10 Reviews, Pet Services / Grooming",Google Places,Pet Services / Grooming,,7,5
,,,+19562678125,Elegance Pet Grooming,Laredo,TX,,"Digital Desert, Review Automation Target, Lead Gen Target, 11-25 Reviews, Pet Services / Grooming",Google Places,Pet Services / Grooming,,22,5
,,,+19563335080,Nichitas Grooming,Laredo,TX,,"Digital Desert, Review Automation Target, Lead Gen Target, 6-10 Reviews, Pet Services / Grooming",Google Places,Pet Services / Grooming,,7,5
,,,+19564410580,Canine Culture,Laredo,TX,https://www.facebook.com/profile.php?id=100090856939054&mibextid=LQQJ4d,"Digital Desert, Review Automation Target, Lead Gen Target, 11-25 Reviews, Pet Services / Grooming",Google Places,Pet Services / Grooming,,11,5
,,,+19567247364,Ceci's Pet Grooming & Supplies,Laredo,TX,,"Digital Desert, Review Automation Target, Lead Gen Target, 6-10 Reviews, Pet Services / Grooming",Google Places,Pet Services / Grooming,,6,5
,,,,Paw club by magdi,Laredo,TX,,"Digital Desert, Review Automation Target, Lead Gen Target, 0 Reviews - Highest Priority, Pet Services / Boarding",Google Places,Pet Services / Boarding,,0,
,,,+18066545496,Jake’s Plumbing Services,Amarillo,TX,,"Digital Desert, Review Automation Target, Lead Gen Target, 11-25 Reviews, Home Services / Plumbing",Google Places,Home Services / Plumbing,,18,5
,,,+18063419667,Elite Electrical LLC,Amarillo,TX,https://elite-electricaltx.com/,"Digital Desert, Review Automation Target, Lead Gen Target, 11-25 Reviews, Home Services / Electrical",Google Places,Home Services / Electrical,,24,5
,,,+18063106614,Gen Amarillo Electrical Services,Amarillo,TX,,"Digital Desert, Review Automation Target, Lead Gen Target, 1-5 Reviews, Home Services / Electrical",Google Places,Home Services / Electrical,,2,5
,,,+18066228430,AAA Electric,Amarillo,TX,https://www.aaaelectrictx.com/,"Digital Desert, Review Automation Target, Lead Gen Target, 1-5 Reviews, Home Services / Electrical",Google Places,Home Services / Electrical,,3,5
,,,+18063740041,Ray Electric Automation LLC,Amarillo,TX,,"Digital Desert, Review Automation Target, Lead Gen Target, 1-5 Reviews, Home Services / Electrical",Google Places,Home Services / Electrical,,5,4.8
,,,+18063106645,Gen Amarillo Electrical Services,Amarillo,TX,,"Digital Desert, Review Automation Target, Lead Gen Target, 6-10 Reviews, Home Services / Electrical",Google Places,Home Services / Electrical,,6,3.3
,,,+18063106641,Spark Electric Services,Amarillo,TX,,"Digital Desert, Review Automation Target, Lead Gen Target, 1-5 Reviews, Home Services / Electrical",Google Places,Home Services / Electrical,,3,5
,,,+18066409150,Rosello Master Paint,Amarillo,TX,https://www.rosellomasterpaint-tx.com/,"Digital Desert, Review Automation Target, Lead Gen Target, 11-25 Reviews, Home Services / Painting",Google Places,Home Services / Painting,,18,4.8
,,,+18063725092,Palmer Painting Co,Amarillo,TX,,"Digital Desert, Review Automation Target, Lead Gen Target, 11-25 Reviews, Home Services / Painting",Google Places,Home Services / Painting,,13,4.6
,,,+18062316895,Baker's Painting,Amarillo,TX,,"Digital Desert, Review Automation Target, Lead Gen Target, 11-25 Reviews, Home Services / Painting",Google Places,Home Services / Painting,,22,4.5
,,,+18062166200,Capital Surface Specialists,Amarillo,TX,,"Digital Desert, Review Automation Target, Lead Gen Target, 1-5 Reviews, Home Services / Painting",Google Places,Home Services / Painting,,1,5
,,,+18066794948,Amarillo's Best Handyman Service,Amarillo,TX,,"Digital Desert, Review Automation Target, Lead Gen Target, 0 Reviews - Highest Priority, Home Services / Handyman",Google Places,Home Services / Handyman,,0,
,,,+19408396215,Panhandle Handyman,Amarillo,TX,,"Digital Desert, Review Automation Target, Lead Gen Target, 0 Reviews - Highest Priority, Home Services / Handyman",Google Places,Home Services / Handyman,,0,
,,,+18063408284,Local Renaissance Man Handyman,Amarillo,TX,,"Digital Desert, Review Automation Target, Lead Gen Target, 1-5 Reviews, Home Services / Handyman",Google Places,Home Services / Handyman,,4,2.3
,,,+18063539386,A Star Pest Control,Amarillo,TX,,"Digital Desert, Review Automation Target, Lead Gen Target, 11-25 Reviews, Home Services / Pest Control",Google Places,Home Services / Pest Control,,11,5
,,,+18063022384,Family Pest Control,Amarillo,TX,,"Digital Desert, Review Automation Target, Lead Gen Target, 1-5 Reviews, Home Services / Pest Control",Google Places,Home Services / Pest Control,,2,5
,,,,Faulkner Spraying,Amarillo,TX,,"Digital Desert, Review Automation Target, Lead Gen Target, 1-5 Reviews, Home Services / Pest Control",Google Places,Home Services / Pest Control,,2,5
,,,+18062063377,Combat Pest Control,Amarillo,TX,,"Digital Desert, Review Automation Target, Lead Gen Target, 6-10 Reviews, Home Services / Pest Control",Google Places,Home Services / Pest Control,,8,5
,,,+18064255092,RapidGuard Pest Services,Amarillo,TX,,"Digital Desert, Review Automation Target, Lead Gen Target, 1-5 Reviews, Home Services / Pest Control",Google Places,Home Services / Pest Control,,5,5
,,,+18066398239,Torvanta Garage Door's Repair,Amarillo,TX,,"Digital Desert, Review Automation Target, Lead Gen Target, 1-5 Reviews, Home Services / Garage Door",Google Places,Home Services / Garage Door,,1,5
,,,+18066394494,Veloriax Garage Door's Repair,Amarillo,TX,,"Digital Desert, Review Automation Target, Lead Gen Target, 1-5 Reviews, Home Services / Garage Door",Google Places,Home Services / Garage Door,,1,5
,,,+18064579004,Amarillo Jones Garage Door's Repair,Amarillo,TX,,"Digital Desert, Review Automation Target, Lead Gen Target, 0 Reviews - Highest Priority, Home Services / Garage Door",Google Places,Home Services / Garage Door,,0,
,,,+18064200223,Priority Pool Service,Amarillo,TX,http://www.facebook.com/PriorityPoolServiceAmarilloTx,"Digital Desert, Review Automation Target, Lead Gen Target, 1-5 Reviews, Home Services / Pool",Google Places,Home Services / Pool,,3,4.7
,,,+18065178968,1st Team Swimming Pool Services,Amarillo,TX,,"Digital Desert, Review Automation Target, Lead Gen Target, 0 Reviews - Highest Priority, Home Services / Pool",Google Places,Home Services / Pool,,0,
,,,+18063566172,Amarillo’s Direct Appliance Llc,Amarillo,TX,,"Digital Desert, Review Automation Target, Lead Gen Target, 11-25 Reviews, Home Services / Appliance Repair",Google Places,Home Services / Appliance Repair,,23,4.7
,,,+18063401010,"Northstar Services, 06489",Amarillo,TX,,"Digital Desert, Review Automation Target, Lead Gen Target, 11-25 Reviews, Home Services / Appliance Repair",Google Places,Home Services / Appliance Repair,,14,5
,,,+18066220990,J&S Services,Amarillo,TX,,"Digital Desert, Review Automation Target, Lead Gen Target, 1-5 Reviews, Home Services / Appliance Repair",Google Places,Home Services / Appliance Repair,,3,3.7
,,,+18066764819,AAA Continuous Gutters,Amarillo,TX,http://aaacontinuousgutterstx.com/,"Digital Desert, Review Automation Target, Lead Gen Target, 1-5 Reviews, Home Services / Gutters",Google Places,Home Services / Gutters,,5,4.2
,,,+18178209556,Erika's Nails Nails & Spa,Amarillo,TX,,"Digital Desert, Review Automation Target, Lead Gen Target, 11-25 Reviews, Beauty / Nail Salon",Google Places,Beauty / Nail Salon,,15,5
,,,+18178209556,Erika’s Nails & Spa - Inside of Le Belle Spa & Salon,Amarillo,TX,,"Digital Desert, Review Automation Target, Lead Gen Target, 6-10 Reviews, Beauty / Nail Salon",Google Places,Beauty / Nail Salon,,10,5
,,,+18065706919,By Faith Massage Therapy,Amarillo,TX,https://www.facebook.com/profile.php?id=61557410783350,"Digital Desert, Review Automation Target, Lead Gen Target, 11-25 Reviews, Beauty / Massage",Google Places,Beauty / Massage,,19,5
,,,+18066542271,Amber's Heavenly Hands,Amarillo,TX,,"Digital Desert, Review Automation Target, Lead Gen Target, 11-25 Reviews, Beauty / Massage",Google Places,Beauty / Massage,,17,4.9
,,,+18063310377,D'GALA BEAUTY SALON,Amarillo,TX,https://www.facebook.com/DGalaBeautySalon?mibextid=LQQJ4d,"Digital Desert, Review Automation Target, Lead Gen Target, 11-25 Reviews, Beauty / Salon",Google Places,Beauty / Salon,,23,5
,,,+18068031214,"Beaute Culture Lash and Brow, Co.",Amarillo,TX,,"Digital Desert, Review Automation Target, Lead Gen Target, 11-25 Reviews, Beauty / Lash Studio",Google Places,Beauty / Lash Studio,,14,4.9
,,,+18062364128,Brow Down and Kiss my Lash,Amarillo,TX,,"Digital Desert, Review Automation Target, Lead Gen Target, 11-25 Reviews, Beauty / Lash Studio",Google Places,Beauty / Lash Studio,,24,4.8
,,,+15597862289,California Waxology & Skincare Studio,Amarillo,TX,https://www.facebook.com/theCAwaxer/,"Digital Desert, Review Automation Target, Lead Gen Target, 1-5 Reviews, Beauty / Waxing",Google Places,Beauty / Waxing,,5,4.8
,,,+18063411934,SECRET BASE TATTOO,Amarillo,TX,https://www.instagram.com/secretbasetattoo?igsh=bDNnOTkwZmZjMHE5&utm_source=qr,"Digital Desert, Review Automation Target, Lead Gen Target, 11-25 Reviews, Beauty / Tattoo",Google Places,Beauty / Tattoo,,21,5
,,,+18064435756,TK Automotive Repair LLC,Amarillo,TX,https://www.facebook.com/100083228876441/,"Digital Desert, Review Automation Target, Lead Gen Target, 11-25 Reviews, Auto Services / Repair",Google Places,Auto Services / Repair,,13,4.1
,,,+18064648571,"RNR Tire Express (Amarillo, TX)",Amarillo,TX,,"Digital Desert, Review Automation Target, Lead Gen Target, 1-5 Reviews, Auto Services / Tires",Google Places,Auto Services / Tires,,4,5
,,,+18067301070,My Whip Wash,Amarillo,TX,,"Digital Desert, Review Automation Target, Lead Gen Target, 6-10 Reviews, Auto Services / Car Wash",Google Places,Auto Services / Car Wash,,6,4.7
,,,+18062316555,Accent Car Wash,Amarillo,TX,,"Digital Desert, Review Automation Target, Lead Gen Target, 1-5 Reviews, Auto Services / Car Wash",Google Places,Auto Services / Car Wash,,2,1
,,,+18062313703,Accent Carwash,Amarillo,TX,,"Digital Desert, Review Automation Target, Lead Gen Target, 6-10 Reviews, Auto Services / Car Wash",Google Places,Auto Services / Car Wash,,9,1.8
,,,+18066733518,El sabor salvadoreño,Amarillo,TX,,"Digital Desert, Review Automation Target, Lead Gen Target, 1-5 Reviews, Food & Beverage / Taqueria",Google Places,Food & Beverage / Taqueria,,1,5
,,,,Tacos La Hacienda,Amarillo,TX,,"Digital Desert, Review Automation Target, Lead Gen Target, 11-25 Reviews, Food & Beverage / Taqueria",Google Places,Food & Beverage / Taqueria,,14,4.4
,,,+18067872084,"MJ‘s Burrito Express - Amarillo,TX",Amarillo,TX,https://www.facebook.com/share/17usNb61ph/?mibextid=wwXIfr,"Digital Desert, Review Automation Target, Lead Gen Target, 11-25 Reviews, Food & Beverage / Food Truck",Google Places,Food & Beverage / Food Truck,,14,5
,,,,The Food Park on 2590,Amarillo,TX,https://www.facebook.com/share/1E6kaQs4zS/,"Digital Desert, Review Automation Target, Lead Gen Target, 1-5 Reviews, Food & Beverage / Food Truck",Google Places,Food & Beverage / Food Truck,,2,5
,,,+18062905276,Thai Dragon Food Truck,Amarillo,TX,https://www.facebook.com/share/1BwZUPsniB/,"Digital Desert, Review Automation Target, Lead Gen Target, 11-25 Reviews, Food & Beverage / Food Truck",Google Places,Food & Beverage / Food Truck,,16,4.8
,,,,The Exchange Food Park,Amarillo,TX,,"Digital Desert, Review Automation Target, Lead Gen Target, 6-10 Reviews, Food & Beverage / Food Truck",Google Places,Food & Beverage / Food Truck,,7,4.9
,,,,Los Abuelitos de Veracruz,Amarillo,TX,https://www.facebook.com/LosVeracruzanosFamilia,"Digital Desert, Review Automation Target, Lead Gen Target, 11-25 Reviews, Food & Beverage / Food Truck",Google Places,Food & Beverage / Food Truck,,15,4.9
,,,+18064201889,El Tejavan Food Truck,Amarillo,TX,,"Digital Desert, Review Automation Target, Lead Gen Target, 0 Reviews - Highest Priority, Food & Beverage / Food Truck",Google Places,Food & Beverage / Food Truck,,0,
,,,+18062205632,La Patrona Food Truck,Amarillo,TX,,"Digital Desert, Review Automation Target, Lead Gen Target, 1-5 Reviews, Food & Beverage / Food Truck",Google Places,Food & Beverage / Food Truck,,3,3.7
,,,+18068771438,Bakery and Tamales Estrada,Amarillo,TX,,"Digital Desert, Review Automation Target, Lead Gen Target, 11-25 Reviews, Food & Beverage / Tamales",Google Places,Food & Beverage / Tamales,,23,4.5
,,,+16203149697,Mundo Latino Market,Amarillo,TX,https://www.facebook.com/share/194wXkXtod/,"Digital Desert, Review Automation Target, Lead Gen Target, 11-25 Reviews, Food & Beverage / Tamales",Google Places,Food & Beverage / Tamales,,15,4.9
,,,+18063722255,La Milpa Tortilla Shop,Amarillo,TX,,"Digital Desert, Review Automation Target, Lead Gen Target, 11-25 Reviews, Food & Beverage / Tamales",Google Places,Food & Beverage / Tamales,,24,4.8
,,,,Diana's Burritos,Amarillo,TX,,"Digital Desert, Review Automation Target, Lead Gen Target, 11-25 Reviews, Food & Beverage / Tamales",Google Places,Food & Beverage / Tamales,,14,3.8
,,,+18068030021,Got Donuts?,Amarillo,TX,,"Digital Desert, Review Automation Target, Lead Gen Target, 11-25 Reviews, Food & Beverage / Donut",Google Places,Food & Beverage / Donut,,13,4.3
,,,+14322602429,EL ENCANTO AMARILLO TX,Amarillo,TX,,"Digital Desert, Review Automation Target, Lead Gen Target, 1-5 Reviews, Food & Beverage / Ice Cream",Google Places,Food & Beverage / Ice Cream,,2,5
,,,+18064189516,Maid You Look Cleaning Services,Amarillo,TX,,"Digital Desert, Review Automation Target, Lead Gen Target, 1-5 Reviews, Cleaning / Residential",Google Places,Cleaning / Residential,,5,5
,,,+18062820826,Sweep & Scrub Cleaning Services LLC,Amarillo,TX,http://sweepscrubamarillotx.com/,"Digital Desert, Review Automation Target, Lead Gen Target, 6-10 Reviews, Cleaning / Residential",Google Places,Cleaning / Residential,,10,5
,,,+18067034675,Spotless cleaning,Amarillo,TX,,"Digital Desert, Review Automation Target, Lead Gen Target, 1-5 Reviews, Cleaning / Residential",Google Places,Cleaning / Residential,,4,5
,,,,Nickerson Janitorial Service,Amarillo,TX,,"Digital Desert, Review Automation Target, Lead Gen Target, 1-5 Reviews, Cleaning / Commercial",Google Places,Cleaning / Commercial,,2,5
,,,+18063594236,ABM Janitorial Services,Amarillo,TX,,"Digital Desert, Review Automation Target, Lead Gen Target, 1-5 Reviews, Cleaning / Commercial",Google Places,Cleaning / Commercial,,1,5
,,,+18065844110,Prestige West Texas Carpet Care,Amarillo,TX,,"Digital Desert, Review Automation Target, Lead Gen Target, 1-5 Reviews, Cleaning / Carpet",Google Places,Cleaning / Carpet,,4,5
,,,+18062205437,Hydro Tech,Amarillo,TX,https://www.facebook.com/amarillohydrotech,"Digital Desert, Review Automation Target, Lead Gen Target, 1-5 Reviews, Cleaning / Pressure Washing",Google Places,Cleaning / Pressure Washing,,5,4.4
,,,+15124357345,Deluxe Mobile Commercial Powerwashing and Detailing LLC,Amarillo,TX,,"Digital Desert, Review Automation Target, Lead Gen Target, 1-5 Reviews, Cleaning / Pressure Washing",Google Places,Cleaning / Pressure Washing,,3,3.7
,,,+18064106237,J & A Pressure Washing,Amarillo,TX,,"Digital Desert, Review Automation Target, Lead Gen Target, 0 Reviews - Highest Priority, Cleaning / Pressure Washing",Google Places,Cleaning / Pressure Washing,,0,
,,,+18063410004,Ortega's Lawn Care Service,Amarillo,TX,,"Digital Desert, Review Automation Target, Lead Gen Target, 11-25 Reviews, Landscaping / Lawn Care",Google Places,Landscaping / Lawn Care,,12,4.7
,,,+18063718097,A Better Way.,Amarillo,TX,,"Digital Desert, Review Automation Target, Lead Gen Target, 11-25 Reviews, Landscaping / Tree",Google Places,Landscaping / Tree,,12,4.7
,,,+18063568256,Bizzy Bees Childcare & Preschool Inc.,Amarillo,TX,https://www.facebook.com/share/19BM13BACP/,"Digital Desert, Review Automation Target, Lead Gen Target, 11-25 Reviews, Childcare / Daycare",Google Places,Childcare / Daycare,,17,4.9
,,,+18063451335,Mc Lellan Learning Center,Amarillo,TX,,"Digital Desert, Review Automation Target, Lead Gen Target, 1-5 Reviews, Childcare / Daycare",Google Places,Childcare / Daycare,,5,5
,,,+18064604490,Giggle and Grow,Amarillo,TX,,"Digital Desert, Review Automation Target, Lead Gen Target, 1-5 Reviews, Childcare / Daycare",Google Places,Childcare / Daycare,,5,4.2
,,,+18065732897,Happy Days Childcare and Preschool,Amarillo,TX,,"Digital Desert, Review Automation Target, Lead Gen Target, 6-10 Reviews, Childcare / Daycare",Google Places,Childcare / Daycare,,10,4.6
,,,+18063531801,New Beginnings Preschool,Amarillo,TX,,"Digital Desert, Review Automation Target, Lead Gen Target, 11-25 Reviews, Childcare / Daycare",Google Places,Childcare / Daycare,,15,4
,,,+18063811659,Sunshine Child Care,Amarillo,TX,,"Digital Desert, Review Automation Target, Lead Gen Target, 11-25 Reviews, Childcare / Daycare",Google Places,Childcare / Daycare,,11,4.8
,,,+18063424270,A1 Movers,Amarillo,TX,,"Digital Desert, Review Automation Target, Lead Gen Target, 11-25 Reviews, Moving & Storage",Google Places,Moving & Storage,,15,3.9
,,,+18063556233,Creative Needle,Amarillo,TX,,"Digital Desert, Review Automation Target, Lead Gen Target, 11-25 Reviews, Retail / Alterations",Google Places,Retail / Alterations,,19,4.9
,,,+18179002307,Shala Custom Clothing & Designs LLC.,Amarillo,TX,,"Digital Desert, Review Automation Target, Lead Gen Target, 1-5 Reviews, Retail / Alterations",Google Places,Retail / Alterations,,4,5
,,,+18063542789,Custom Designs of Texas,Amarillo,TX,,"Digital Desert, Review Automation Target, Lead Gen Target, 1-5 Reviews, Retail / Alterations",Google Places,Retail / Alterations,,1,5
,,,+18064641008,Legal Eagle Documents of Amarillo,Amarillo,TX,,"Digital Desert, Review Automation Target, Lead Gen Target, 1-5 Reviews, Professional / Notary",Google Places,Professional / Notary,,1,5
,,,+19135158431,David Cox - Mobile Notary,Amarillo,TX,https://www.facebook.com/pg/Dave-Cox-Amarillos-Mobile-Notary-434279714049571/posts/?ref=page_internal,"Digital Desert, Review Automation Target, Lead Gen Target, 1-5 Reviews, Professional / Notary",Google Places,Professional / Notary,,1,5
,,,+18063710268,Clara's Multi Services,Amarillo,TX,,"Digital Desert, Review Automation Target, Lead Gen Target, 11-25 Reviews, Professional / Notary",Google Places,Professional / Notary,,20,4.4
,,,+13035658490,Minute Key,Amarillo,TX,,"Digital Desert, Review Automation Target, Lead Gen Target, 0 Reviews - Highest Priority, Home Services / Locksmith",Google Places,Home Services / Locksmith,,0,
,,,+18067038106,The Modern Spoon,Amarillo,TX,,"Digital Desert, Review Automation Target, Lead Gen Target, 1-5 Reviews, Food & Beverage / Catering",Google Places,Food & Beverage / Catering,,4,5
,,,+18068861784,Casanovas caterings,Amarillo,TX,http://www.facebook.com/casanovascaterings,"Digital Desert, Review Automation Target, Lead Gen Target, 1-5 Reviews, Food & Beverage / Catering",Google Places,Food & Beverage / Catering,,1,5
,,,+14096732419,Lyons Plumbing,Beaumont,TX,,"Digital Desert, Review Automation Target, Lead Gen Target, 11-25 Reviews, Home Services / Plumbing",Google Places,Home Services / Plumbing,,22,4.8
,,,+14098663500,Noack Plumbing & Heating,Beaumont,TX,,"Digital Desert, Review Automation Target, Lead Gen Target, 11-25 Reviews, Home Services / Plumbing",Google Places,Home Services / Plumbing,,19,4.7
,,,+14097676907,Nick's Electric LLC,Beaumont,TX,,"Digital Desert, Review Automation Target, Lead Gen Target, 11-25 Reviews, Home Services / Electrical",Google Places,Home Services / Electrical,,18,3.9
,,,+14096516689,Adept Electrical,Beaumont,TX,,"Digital Desert, Review Automation Target, Lead Gen Target, 1-5 Reviews, Home Services / Electrical",Google Places,Home Services / Electrical,,1,5
,,,+14098333040,D&h Electrical Company inc,Beaumont,TX,https://www.dhelectricaltx.com/,"Digital Desert, Review Automation Target, Lead Gen Target, 1-5 Reviews, Home Services / Electrical",Google Places,Home Services / Electrical,,4,5
,,,+14092287682,Zephyr Flow HVAC,Beaumont,TX,,"Digital Desert, Review Automation Target, Lead Gen Target, 0 Reviews - Highest Priority, Home Services / HVAC",Google Places,Home Services / HVAC,,0,
,,,+14093655163,JJ Roofing & Remodeling,Beaumont,TX,https://www.jjroofingtx.com/,"Digital Desert, Review Automation Target, Lead Gen Target, 1-5 Reviews, Home Services / Roofing",Google Places,Home Services / Roofing,,4,5
,,,+19362058651,Astorga's Painting Services,Beaumont,TX,https://www.facebook.com/APS.Residential/,"Digital Desert, Review Automation Target, Lead Gen Target, 1-5 Reviews, Home Services / Painting",Google Places,Home Services / Painting,,2,5
,,,+14092057810,Ventura Wall Specialists,Beaumont,TX,,"Digital Desert, Review Automation Target, Lead Gen Target, 1-5 Reviews, Home Services / Painting",Google Places,Home Services / Painting,,1,5
,,,+14098668738,Evco Paint Contractors,Beaumont,TX,,"Digital Desert, Review Automation Target, Lead Gen Target, 1-5 Reviews, Home Services / Painting",Google Places,Home Services / Painting,,1,5
,,,+14099510259,The Patch Man,Beaumont,TX,https://www.drywallpatchmantx.com/,"Digital Desert, Review Automation Target, Lead Gen Target, 11-25 Reviews, Home Services / Painting",Google Places,Home Services / Painting,,13,5
,,,+17143807087,JNY Painting,Beaumont,TX,,"Digital Desert, Review Automation Target, Lead Gen Target, 0 Reviews - Highest Priority, Home Services / Painting",Google Places,Home Services / Painting,,0,
,,,+14098995919,Community House Painting,Beaumont,TX,,"Digital Desert, Review Automation Target, Lead Gen Target, 1-5 Reviews, Home Services / Painting",Google Places,Home Services / Painting,,1,5
,,,+14097912818,Imagine a handyman,Beaumont,TX,,"Digital Desert, Review Automation Target, Lead Gen Target, 6-10 Reviews, Home Services / Handyman",Google Places,Home Services / Handyman,,8,4
,,,+14093508937,BRT Home Repair,Beaumont,TX,,"Digital Desert, Review Automation Target, Lead Gen Target, 1-5 Reviews, Home Services / Handyman",Google Places,Home Services / Handyman,,5,4.4
,,,+14093388025,Davis Handyman and Remodeling,Beaumont,TX,,"Digital Desert, Review Automation Target, Lead Gen Target, 1-5 Reviews, Home Services / Handyman",Google Places,Home Services / Handyman,,4,5
,,,+14095431638,"Bob's Handyman, LLC",Beaumont,TX,http://bobshandymantx.com/,"Digital Desert, Review Automation Target, Lead Gen Target, 6-10 Reviews, Home Services / Handyman",Google Places,Home Services / Handyman,,10,4
,,,+14096795030,CW's Handyman Service(s),Beaumont,TX,,"Digital Desert, Review Automation Target, Lead Gen Target, 0 Reviews - Highest Priority, Home Services / Handyman",Google Places,Home Services / Handyman,,0,
,,,+14097818219,CNB Services,Beaumont,TX,https://www.facebook.com/cnbsvctimjagneaux/?mibextid=ZbWKwL,"Digital Desert, Review Automation Target, Lead Gen Target, 1-5 Reviews, Home Services / Handyman",Google Places,Home Services / Handyman,,4,5
,,,+14092397602,Sublette Carpentry,Beaumont,TX,https://www.facebook.com/sublettecarpentry,"Digital Desert, Review Automation Target, Lead Gen Target, 11-25 Reviews, Home Services / Handyman",Google Places,Home Services / Handyman,,17,5
,,,+14097682012,T&D Maintenance,Beaumont,TX,,"Digital Desert, Review Automation Target, Lead Gen Target, 0 Reviews - Highest Priority, Home Services / Handyman",Google Places,Home Services / Handyman,,0,
,,,+14092236740,LACI JADES SOUTHERN MAID SERVICES/CW*S HANDYMAN AND REMODELING ETC,Beaumont,TX,,"Digital Desert, Review Automation Target, Lead Gen Target, 0 Reviews - Highest Priority, Home Services / Handyman",Google Places,Home Services / Handyman,,0,
,,,+14093050764,Beaumont Nahg Garage Door's Repair,Beaumont,TX,,"Digital Desert, Review Automation Target, Lead Gen Target, 0 Reviews - Highest Priority, Home Services / Garage Door",Google Places,Home Services / Garage Door,,0,
,,,+14098331533,Brown Fencing & Construction,Beaumont,TX,,"Digital Desert, Review Automation Target, Lead Gen Target, 1-5 Reviews, Home Services / Fencing",Google Places,Home Services / Fencing,,3,4
,,,+14096518024,Ace Fencing,Beaumont,TX,https://acefencingtx.com/,"Digital Desert, Review Automation Target, Lead Gen Target, 11-25 Reviews, Home Services / Fencing",Google Places,Home Services / Fencing,,22,3.9
,,,+14098923778,Hurricane Fence Co,Beaumont,TX,,"Digital Desert, Review Automation Target, Lead Gen Target, 1-5 Reviews, Home Services / Fencing",Google Places,Home Services / Fencing,,2,3
,,,+14097810801,Hensley Fence Co.,Beaumont,TX,http://facebook.com/hensleyfenceco,"Digital Desert, Review Automation Target, Lead Gen Target, 0 Reviews - Highest Priority, Home Services / Fencing",Google Places,Home Services / Fencing,,0,
,,,+14097550340,Hercules Fence Co,Beaumont,TX,,"Digital Desert, Review Automation Target, Lead Gen Target, 0 Reviews - Highest Priority, Home Services / Fencing",Google Places,Home Services / Fencing,,0,
,,,+14098933195,Custom Fence Company,Beaumont,TX,,"Digital Desert, Review Automation Target, Lead Gen Target, 0 Reviews - Highest Priority, Home Services / Fencing",Google Places,Home Services / Fencing,,0,
,,,+14094341013,Pebble Pool Cleaning,Beaumont,TX,,"Digital Desert, Review Automation Target, Lead Gen Target, 6-10 Reviews, Home Services / Pool",Google Places,Home Services / Pool,,8,5
,,,+14098383128,Fernandez Pool Services,Beaumont,TX,,"Digital Desert, Review Automation Target, Lead Gen Target, 1-5 Reviews, Home Services / Pool",Google Places,Home Services / Pool,,1,5
,,,+14094446976,Bobos Scratches -N- Dent Appliances,Beaumont,TX,,"Digital Desert, Review Automation Target, Lead Gen Target, 1-5 Reviews, Home Services / Appliance Repair",Google Places,Home Services / Appliance Repair,,1,5
,,,,Stan's HVAC & Appliance Repair,Beaumont,TX,,"Digital Desert, Review Automation Target, Lead Gen Target, 0 Reviews - Highest Priority, Home Services / Appliance Repair",Google Places,Home Services / Appliance Repair,,0,
,,,,Automatic Appliance & A/C Service,Beaumont,TX,,"Digital Desert, Review Automation Target, Lead Gen Target, 0 Reviews - Highest Priority, Home Services / Appliance Repair",Google Places,Home Services / Appliance Repair,,0,
,,,+14096561061,Cold Air AC-Appliance,Beaumont,TX,,"Digital Desert, Review Automation Target, Lead Gen Target, 11-25 Reviews, Home Services / Appliance Repair",Google Places,Home Services / Appliance Repair,,12,3.2
,,,+19363717580,Southern Gentleman's,Beaumont,TX,,"Digital Desert, Review Automation Target, Lead Gen Target, 11-25 Reviews, Beauty / Barber",Google Places,Beauty / Barber,,25,5
,,,+14092231206,STAR SPA,Beaumont,TX,,"Digital Desert, Review Automation Target, Lead Gen Target, 11-25 Reviews, Beauty / Massage",Google Places,Beauty / Massage,,23,5
,,,+14098667222,Blush,Beaumont,TX,,"Digital Desert, Review Automation Target, Lead Gen Target, 11-25 Reviews, Beauty / Salon",Google Places,Beauty / Salon,,14,5
,,,,Lash Suite 22,Beaumont,TX,,"Digital Desert, Review Automation Target, Lead Gen Target, 1-5 Reviews, Beauty / Lash Studio",Google Places,Beauty / Lash Studio,,3,5
,,,+14092912729,iLashfess @ D'Lux Hair Studio,Beaumont,TX,,"Digital Desert, Review Automation Target, Lead Gen Target, 11-25 Reviews, Beauty / Lash Studio",Google Places,Beauty / Lash Studio,,12,5
,,,+14098538892,Rodriguez tire shop,Beaumont,TX,,"Digital Desert, Review Automation Target, Lead Gen Target, 6-10 Reviews, Auto Services / Tires",Google Places,Auto Services / Tires,,10,4.8
,,,+14093339166,Ebenezer Tire shop,Beaumont,TX,https://tireshoptx.com/,"Digital Desert, Review Automation Target, Lead Gen Target, 11-25 Reviews, Auto Services / Tires",Google Places,Auto Services / Tires,,17,4.6
,,,+14094662730,Sanchez Tire shop #1,Beaumont,TX,,"Digital Desert, Review Automation Target, Lead Gen Target, 11-25 Reviews, Auto Services / Tires",Google Places,Auto Services / Tires,,14,4.4
,,,+14094662730,Sanchez Tire shop #2,Beaumont,TX,,"Digital Desert, Review Automation Target, Lead Gen Target, 11-25 Reviews, Auto Services / Tires",Google Places,Auto Services / Tires,,12,4.7
,,,+14092421000,Express tire of Beaumont,Beaumont,TX,,"Digital Desert, Review Automation Target, Lead Gen Target, 1-5 Reviews, Auto Services / Tires",Google Places,Auto Services / Tires,,5,4.2
,,,,Texas Tire,Beaumont,TX,,"Digital Desert, Review Automation Target, Lead Gen Target, 1-5 Reviews, Auto Services / Tires",Google Places,Auto Services / Tires,,4,4
,,,+14098938031,A-1 Truck Tire Service & Mobile Tire Shop 24/7,Beaumont,TX,,"Digital Desert, Review Automation Target, Lead Gen Target, 1-5 Reviews, Auto Services / Tires",Google Places,Auto Services / Tires,,3,3.7
,,,+14097286815,Quick Fix Tire Shop,Beaumont,TX,,"Digital Desert, Review Automation Target, Lead Gen Target, 1-5 Reviews, Auto Services / Tires",Google Places,Auto Services / Tires,,1,5
,,,,Tires Brothers,Beaumont,TX,,"Digital Desert, Review Automation Target, Lead Gen Target, 1-5 Reviews, Auto Services / Tires",Google Places,Auto Services / Tires,,2,5
,,,,Excellent Car Wash,Beaumont,TX,,"Digital Desert, Review Automation Target, Lead Gen Target, 11-25 Reviews, Auto Services / Car Wash",Google Places,Auto Services / Car Wash,,16,4.1
,,,+17087103323,A-1 Car wash 24/7 Roadside Assistance,Beaumont,TX,https://maps.app.goo.gl/fNNZrRHetp9uz2c69?g_st=ic,"Digital Desert, Review Automation Target, Lead Gen Target, 1-5 Reviews, Auto Services / Car Wash",Google Places,Auto Services / Car Wash,,3,5
,,,,Hand Wash,Beaumont,TX,,"Digital Desert, Review Automation Target, Lead Gen Target, 0 Reviews - Highest Priority, Auto Services / Car Wash",Google Places,Auto Services / Car Wash,,0,
,,,+14098330400,Manuel's Paint & Body Shop,Beaumont,TX,,"Digital Desert, Review Automation Target, Lead Gen Target, 11-25 Reviews, Auto Services / Body Shop",Google Places,Auto Services / Body Shop,,13,3.1
,,,+14092093663,"Steven's Automotive Repair, Paint, and Body",Beaumont,TX,,"Digital Desert, Review Automation Target, Lead Gen Target, 11-25 Reviews, Auto Services / Body Shop",Google Places,Auto Services / Body Shop,,16,4.2
,,,+14092421405,Savell's Paint and Body,Beaumont,TX,https://www.facebook.com/savellspaintbody/,"Digital Desert, Review Automation Target, Lead Gen Target, 6-10 Reviews, Auto Services / Body Shop",Google Places,Auto Services / Body Shop,,6,5
,,,+14092896772,Ace Auto Repair,Beaumont,TX,https://www.facebook.com/Ace-Auto-Repair-104890884252130/,"Digital Desert, Review Automation Target, Lead Gen Target, 1-5 Reviews, Auto Services / Body Shop",Google Places,Auto Services / Body Shop,,2,5
,,,,Chubbys Paint and Auto Body,Beaumont,TX,,"Digital Desert, Review Automation Target, Lead Gen Target, 11-25 Reviews, Auto Services / Body Shop",Google Places,Auto Services / Body Shop,,15,4.7
,,,+14099165764,A & R Body Shop,Beaumont,TX,,"Digital Desert, Review Automation Target, Lead Gen Target, 6-10 Reviews, Auto Services / Body Shop",Google Places,Auto Services / Body Shop,,8,3.5
,,,+14098331692,Simon's Paint & Body,Beaumont,TX,,"Digital Desert, Review Automation Target, Lead Gen Target, 6-10 Reviews, Auto Services / Body Shop",Google Places,Auto Services / Body Shop,,10,4.4
,,,+14095978603,Taquería Juanito,Beaumont,TX,,"Digital Desert, Review Automation Target, Lead Gen Target, 6-10 Reviews, Food & Beverage / Taqueria",Google Places,Food & Beverage / Taqueria,,9,4.9
,,,+14093505887,El Compadre Cocina Mexicana,Beaumont,TX,,"Digital Desert, Review Automation Target, Lead Gen Target, 6-10 Reviews, Food & Beverage / Taqueria",Google Places,Food & Beverage / Taqueria,,10,4.4
,,,+14093322735,Tacos la bendicion Slp,Beaumont,TX,,"Digital Desert, Review Automation Target, Lead Gen Target, 6-10 Reviews, Food & Beverage / Taqueria",Google Places,Food & Beverage / Taqueria,,9,5
,,,+12408838300,La cocinona grill,Beaumont,TX,,"Digital Desert, Review Automation Target, Lead Gen Target, 11-25 Reviews, Food & Beverage / Taqueria",Google Places,Food & Beverage / Taqueria,,17,4.8
,,,+14093383306,Taquería rika,Beaumont,TX,,"Digital Desert, Review Automation Target, Lead Gen Target, 6-10 Reviews, Food & Beverage / Taqueria",Google Places,Food & Beverage / Taqueria,,6,5
,,,+14093630918,Mary’s signature,Beaumont,TX,,"Digital Desert, Review Automation Target, Lead Gen Target, 1-5 Reviews, Food & Beverage / Food Truck",Google Places,Food & Beverage / Food Truck,,3,4.7
,,,+14097281474,The Bread Bus,Beaumont,TX,https://www.facebook.com/TheBreadBus,"Digital Desert, Review Automation Target, Lead Gen Target, 0 Reviews - Highest Priority, Food & Beverage / Food Truck",Google Places,Food & Beverage / Food Truck,,0,
,,,+14092377447,Curry Creations,Beaumont,TX,https://currycreationstx.com/,"Digital Desert, Review Automation Target, Lead Gen Target, 11-25 Reviews, Food & Beverage / Food Truck",Google Places,Food & Beverage / Food Truck,,18,4.7
,,,+14092338241,The Jamaican Cajun Food Truck,Beaumont,TX,,"Digital Desert, Review Automation Target, Lead Gen Target, 1-5 Reviews, Food & Beverage / Food Truck",Google Places,Food & Beverage / Food Truck,,3,4
,,,+14092237650,Sweet Sugar Js,Beaumont,TX,,"Digital Desert, Review Automation Target, Lead Gen Target, 1-5 Reviews, Food & Beverage / Bakery",Google Places,Food & Beverage / Bakery,,1,5
,,,+18327272132,Jonelle Bakes,Beaumont,TX,,"Digital Desert, Review Automation Target, Lead Gen Target, 0 Reviews - Highest Priority, Food & Beverage / Bakery",Google Places,Food & Beverage / Bakery,,0,
,,,,NO Donut Hole,Beaumont,TX,,"Digital Desert, Review Automation Target, Lead Gen Target, 11-25 Reviews, Food & Beverage / Bakery",Google Places,Food & Beverage / Bakery,,18,4.6
,,,+17032032042,Butter &Heart,Beaumont,TX,https://www.facebook.com/share/19yd3qQhm1/?mibextid=wwXIfr,"Digital Desert, Review Automation Target, Lead Gen Target, 0 Reviews - Highest Priority, Food & Beverage / Bakery",Google Places,Food & Beverage / Bakery,,0,
,,,+14095002444,Westbrook Donuts & Coffee,Beaumont,TX,,"Digital Desert, Review Automation Target, Lead Gen Target, 11-25 Reviews, Food & Beverage / Bakery",Google Places,Food & Beverage / Bakery,,12,3.8
,,,+14092170231,La viva Carniceria Supermarket Taqueria,Beaumont,TX,,"Digital Desert, Review Automation Target, Lead Gen Target, 11-25 Reviews, Food & Beverage / Tamales",Google Places,Food & Beverage / Tamales,,23,4.4
,,,+14093477044,Nieves mi Ranchito 3,Beaumont,TX,https://www.facebook.com/NievesmiRanchit0?mibextid=LQQJ4d,"Digital Desert, Review Automation Target, Lead Gen Target, 1-5 Reviews, Food & Beverage / Ice Cream",Google Places,Food & Beverage / Ice Cream,,4,4.8
,,,+14093518319,Maria's House Cleaning Service,Beaumont,TX,,"Digital Desert, Review Automation Target, Lead Gen Target, 1-5 Reviews, Cleaning / Residential",Google Places,Cleaning / Residential,,3,5
,,,+13463634189,Journee's Quality Cleaning Service,Beaumont,TX,,"Digital Desert, Review Automation Target, Lead Gen Target, 1-5 Reviews, Cleaning / Residential",Google Places,Cleaning / Residential,,3,5
,,,+14095547287,Edwards Cleaning Service,Beaumont,TX,,"Digital Desert, Review Automation Target, Lead Gen Target, 1-5 Reviews, Cleaning / Residential",Google Places,Cleaning / Residential,,1,5
,,,+14098984229,Brown's Cleaning Service,Beaumont,TX,,"Digital Desert, Review Automation Target, Lead Gen Target, 1-5 Reviews, Cleaning / Residential",Google Places,Cleaning / Residential,,5,3.4
,,,+18327223536,Amens Cleaning Services LLC,Beaumont,TX,,"Digital Desert, Review Automation Target, Lead Gen Target, 1-5 Reviews, Cleaning / Residential",Google Places,Cleaning / Residential,,1,5
,,,+14096780503,Beaumont Janitorial Services,Beaumont,TX,,"Digital Desert, Review Automation Target, Lead Gen Target, 1-5 Reviews, Cleaning / Commercial",Google Places,Cleaning / Commercial,,4,5
,,,+14099327064,MACCO Maintenance and Cleaning Services,Beaumont,TX,https://www.facebook.com/MACCOMaintenanceandCleaningServices,"Digital Desert, Review Automation Target, Lead Gen Target, 1-5 Reviews, Cleaning / Commercial",Google Places,Cleaning / Commercial,,1,5
,,,+14093639181,Kennedy’s Cleaning Service,Beaumont,TX,,"Digital Desert, Review Automation Target, Lead Gen Target, 1-5 Reviews, Cleaning / Commercial",Google Places,Cleaning / Commercial,,2,5
,,,,Beaumont Carpet Cleaning,Beaumont,TX,,"Digital Desert, Review Automation Target, Lead Gen Target, 1-5 Reviews, Cleaning / Carpet",Google Places,Cleaning / Carpet,,2,3
,,,+14093312090,Beaumont Upoholstery Cleaning.,Beaumont,TX,,"Digital Desert, Review Automation Target, Lead Gen Target, 11-25 Reviews, Cleaning / Carpet",Google Places,Cleaning / Carpet,,14,4.7
,,,+14096260437,BB Pressure Washing,Beaumont,TX,,"Digital Desert, Review Automation Target, Lead Gen Target, 11-25 Reviews, Cleaning / Pressure Washing",Google Places,Cleaning / Pressure Washing,,15,5
,,,+14098405005,Brent Wester Landscape Management,Beaumont,TX,,"Digital Desert, Review Automation Target, Lead Gen Target, 11-25 Reviews, Landscaping",Google Places,Landscaping,,14,4.8
,,,+14096797941,Hernandez Mowing and Landscaping,Beaumont,TX,https://www.facebook.com/Hernandez-Mowing-Landscape-1602604320025360/,"Digital Desert, Review Automation Target, Lead Gen Target, 1-5 Reviews, Landscaping",Google Places,Landscaping,,4,5
,,,+14098982294,Al Cook Nursery & Landscaping,Beaumont,TX,https://m.facebook.com/profile.php?id=154986974539615&__tn__=C-R,"Digital Desert, Review Automation Target, Lead Gen Target, 11-25 Reviews, Landscaping",Google Places,Landscaping,,22,4
,,,+14098333194,Paradise Lawn Care,Beaumont,TX,,"Digital Desert, Review Automation Target, Lead Gen Target, 6-10 Reviews, Landscaping",Google Places,Landscaping,,8,4.5
,,,+14093479502,Los Dos Lawn Care.,Beaumont,TX,https://www.facebook.com/share/176NFuLLa4/?mibextid=wwXIfr,"Digital Desert, Review Automation Target, Lead Gen Target, 0 Reviews - Highest Priority, Landscaping / Lawn Care",Google Places,Landscaping / Lawn Care,,0,
,,,+14094997843,Cardinal Lawn Service,Beaumont,TX,,"Digital Desert, Review Automation Target, Lead Gen Target, 1-5 Reviews, Landscaping / Lawn Care",Google Places,Landscaping / Lawn Care,,3,5
,,,+14095545104,Secure Choice Tree Service of Beaumont Texas,Beaumont,TX,https://www.facebook.com/SecureChoiceTreeService,"Digital Desert, Review Automation Target, Lead Gen Target, 11-25 Reviews, Landscaping / Tree",Google Places,Landscaping / Tree,,24,4.8
,,,+14092893791,Hagan tree services,Beaumont,TX,https://www.facebook.com/Hagans-Tree-Services-1381621598583463/,"Digital Desert, Review Automation Target, Lead Gen Target, 6-10 Reviews, Landscaping / Tree",Google Places,Landscaping / Tree,,8,4.8
,,,+14093634616,Harold's Tree Service,Beaumont,TX,,"Digital Desert, Review Automation Target, Lead Gen Target, 1-5 Reviews, Landscaping / Tree",Google Places,Landscaping / Tree,,3,5
,,,+14097241591,Edward's Tree Trimming,Beaumont,TX,,"Digital Desert, Review Automation Target, Lead Gen Target, 1-5 Reviews, Landscaping / Tree",Google Places,Landscaping / Tree,,1,5
,,,+14098421767,New Beginnings Daycare Center,Beaumont,TX,,"Digital Desert, Review Automation Target, Lead Gen Target, 11-25 Reviews, Childcare / Daycare",Google Places,Childcare / Daycare,,16,4.7
,,,+14094344601,"Love and Learn Academy,LLC",Beaumont,TX,,"Digital Desert, Review Automation Target, Lead Gen Target, 11-25 Reviews, Childcare / Daycare",Google Places,Childcare / Daycare,,11,5
,,,+14098993827,Kiddie Korral Learning Center Llc,Beaumont,TX,,"Digital Desert, Review Automation Target, Lead Gen Target, 1-5 Reviews, Childcare / Daycare",Google Places,Childcare / Daycare,,1,5
,,,+14092496564,Kiddie Korner Daycare,Beaumont,TX,,"Digital Desert, Review Automation Target, Lead Gen Target, 11-25 Reviews, Childcare / Daycare",Google Places,Childcare / Daycare,,21,4.7
,,,+14097941953,My Friends & Me Day Care Center,Beaumont,TX,,"Digital Desert, Review Automation Target, Lead Gen Target, 1-5 Reviews, Childcare / Daycare",Google Places,Childcare / Daycare,,1,5
,,,+14098382414,Once Upon A Dream Learning Center,Beaumont,TX,,"Digital Desert, Review Automation Target, Lead Gen Target, 11-25 Reviews, Childcare / Daycare",Google Places,Childcare / Daycare,,12,4.4
,,,+14098608118,Creative Learning Center II,Beaumont,TX,,"Digital Desert, Review Automation Target, Lead Gen Target, 1-5 Reviews, Childcare / Daycare",Google Places,Childcare / Daycare,,2,5
,,,+14092255843,Trinit's World Child Development Center,Beaumont,TX,,"Digital Desert, Review Automation Target, Lead Gen Target, 11-25 Reviews, Childcare / Daycare",Google Places,Childcare / Daycare,,11,3.9
,,,+14093002181,SafeMove SETX Moving Company Beaumont,Beaumont,TX,http://safemovesetx.com/,"Digital Desert, Review Automation Target, Lead Gen Target, 6-10 Reviews, Moving & Storage",Google Places,Moving & Storage,,9,4.6
,,,+14093515511,Budget Movers,Beaumont,TX,,"Digital Desert, Review Automation Target, Lead Gen Target, 11-25 Reviews, Moving & Storage",Google Places,Moving & Storage,,16,4.3
,,,+14092371677,Alterations &Design Kashunga T.,Beaumont,TX,,"Digital Desert, Review Automation Target, Lead Gen Target, 11-25 Reviews, Retail / Alterations",Google Places,Retail / Alterations,,24,4.8
,,,+14098320566,Barbara Gale's Alteration Shop,Beaumont,TX,,"Digital Desert, Review Automation Target, Lead Gen Target, 6-10 Reviews, Retail / Alterations",Google Places,Retail / Alterations,,7,3.6
,,,,Laundromat,Beaumont,TX,,"Digital Desert, Review Automation Target, Lead Gen Target, 1-5 Reviews, Retail / Laundromat",Google Places,Retail / Laundromat,,5,2.2
,,,,Maytag Laundry,Beaumont,TX,,"Digital Desert, Review Automation Target, Lead Gen Target, 1-5 Reviews, Retail / Laundromat",Google Places,Retail / Laundromat,,4,4
,,,,Market Ace Laundry,Beaumont,TX,,"Digital Desert, Review Automation Target, Lead Gen Target, 1-5 Reviews, Retail / Laundromat",Google Places,Retail / Laundromat,,5,2.8
,,,+14098920898,Tram Road Laundromat,Beaumont,TX,,"Digital Desert, Review Automation Target, Lead Gen Target, 11-25 Reviews, Retail / Laundromat",Google Places,Retail / Laundromat,,21,3.7
,,,,Washateria,Beaumont,TX,,"Digital Desert, Review Automation Target, Lead Gen Target, 1-5 Reviews, Retail / Laundromat",Google Places,Retail / Laundromat,,1,4
,,,,WASHATERIA,Beaumont,TX,,"Digital Desert, Review Automation Target, Lead Gen Target, 0 Reviews - Highest Priority, Retail / Laundromat",Google Places,Retail / Laundromat,,0,
,,,+12163157723,Notary Public Donnie Lee Marshall Sr,Beaumont,TX,,"Digital Desert, Review Automation Target, Lead Gen Target, 6-10 Reviews, Professional / Notary",Google Places,Professional / Notary,,9,5
,,,+14098426666,Preston & Jackie 24 hour notary to go,Beaumont,TX,,"Digital Desert, Review Automation Target, Lead Gen Target, 0 Reviews - Highest Priority, Professional / Notary",Google Places,Professional / Notary,,0,
,,,+14098668121,Jasmine Sanders Notary Public,Beaumont,TX,,"Digital Desert, Review Automation Target, Lead Gen Target, 1-5 Reviews, Professional / Notary",Google Places,Professional / Notary,,3,5
,,,+14092910480,RNA Notary and Paralegal Services,Beaumont,TX,,"Digital Desert, Review Automation Target, Lead Gen Target, 1-5 Reviews, Professional / Notary",Google Places,Professional / Notary,,2,5
,,,+14097207177,Thierry's Office Express,Beaumont,TX,,"Digital Desert, Review Automation Target, Lead Gen Target, 0 Reviews - Highest Priority, Professional / Notary",Google Places,Professional / Notary,,0,
,,,+14096174971,xB1acKxDiam0nDx Mobile Notary & Misc. Assistance,Beaumont,TX,,"Digital Desert, Review Automation Target, Lead Gen Target, 1-5 Reviews, Professional / Notary",Google Places,Professional / Notary,,3,5
,,,+14092379928,Byars Process Service & Mobile Notary,Beaumont,TX,,"Digital Desert, Review Automation Target, Lead Gen Target, 0 Reviews - Highest Priority, Professional / Notary",Google Places,Professional / Notary,,0,
,,,+14094668046,Allen Tax And Notary Service,Beaumont,TX,,"Digital Desert, Review Automation Target, Lead Gen Target, 1-5 Reviews, Professional / Notary",Google Places,Professional / Notary,,2,5
,,,+14098922376,Star Locktechs,Beaumont,TX,,"Digital Desert, Review Automation Target, Lead Gen Target, 11-25 Reviews, Home Services / Locksmith",Google Places,Home Services / Locksmith,,13,4.6
,,,+14098983181,AAA Lock and Safe,Beaumont,TX,,"Digital Desert, Review Automation Target, Lead Gen Target, 0 Reviews - Highest Priority, Home Services / Locksmith",Google Places,Home Services / Locksmith,,0,
,,,+14095549603,The Collab Studio,Beaumont,TX,https://www.collabstudiotx.com/?utm_source=google&utm_medium=wix_google_business_profile&utm_campaign=7676140752154803053,"Digital Desert, Review Automation Target, Lead Gen Target, 6-10 Reviews, Creative / Photography",Google Places,Creative / Photography,,9,5
,,,+14098386599,Mark Low Imagery,Beaumont,TX,,"Digital Desert, Review Automation Target, Lead Gen Target, 1-5 Reviews, Creative / Photography",Google Places,Creative / Photography,,3,4.3
,,,+14098335913,Two Magnolias,Beaumont,TX,,"Digital Desert, Review Automation Target, Lead Gen Target, 11-25 Reviews, Food & Beverage / Catering",Google Places,Food & Beverage / Catering,,16,4.5
,,,+14093478004,Riverside Catering,Beaumont,TX,,"Digital Desert, Review Automation Target, Lead Gen Target, 1-5 Reviews, Food & Beverage / Catering",Google Places,Food & Beverage / Catering,,3,5
,,,+14097303445,Taste of Happiness,Beaumont,TX,,"Digital Desert, Review Automation Target, Lead Gen Target, 11-25 Reviews, Food & Beverage / Catering",Google Places,Food & Beverage / Catering,,11,5
,,,+14094990565,Suite C Event Lounge,Beaumont,TX,https://www.suitecsetx.com/,"Digital Desert, Review Automation Target, Lead Gen Target, 11-25 Reviews, Food & Beverage / Catering",Google Places,Food & Beverage / Catering,,15,4.9
,,,+14097828370,Beaumont Halal Catering,Beaumont,TX,,"Digital Desert, Review Automation Target, Lead Gen Target, 1-5 Reviews, Food & Beverage / Catering",Google Places,Food & Beverage / Catering,,1,5
,,,+14098928257,Tompkins Catering,Beaumont,TX,,"Digital Desert, Review Automation Target, Lead Gen Target, 1-5 Reviews, Food & Beverage / Catering",Google Places,Food & Beverage / Catering,,1,5
,,,+14098920089,Groom Room,Beaumont,TX,,"Digital Desert, Review Automation Target, Lead Gen Target, 6-10 Reviews, Pet Services / Grooming",Google Places,Pet Services / Grooming,,7,5
,,,+14092270125,Bark Avenue Grooming and Boarding,Beaumont,TX,https://www.facebook.com/share/1Hv8mDDpmS/,"Digital Desert, Review Automation Target, Lead Gen Target, 11-25 Reviews, Pet Services / Grooming",Google Places,Pet Services / Grooming,,21,5
,,,+14098672665,Adoption Center And Boarding,Beaumont,TX,,"Digital Desert, Review Automation Target, Lead Gen Target, 0 Reviews - Highest Priority, Pet Services / Boarding",Google Places,Pet Services / Boarding,,0,
,,,+14094898887,Bayou Canine Academy,Beaumont,TX,https://www.facebook.com/share/1Lte2vXzTv/?mibextid=wwXIfr,"Digital Desert, Review Automation Target, Lead Gen Target, 6-10 Reviews, Pet Services / Boarding",Google Places,Pet Services / Boarding,,8,5
,,,+14326871816,Castro's Plumbing,Midland,TX,,"Digital Desert, Review Automation Target, Lead Gen Target, 6-10 Reviews, Home Services / Plumbing",Google Places,Home Services / Plumbing,,7,4.9
,,,+14326828071,Goode Plumbing Inc,Midland,TX,,"Digital Desert, Review Automation Target, Lead Gen Target, 6-10 Reviews, Home Services / Plumbing",Google Places,Home Services / Plumbing,,8,4.9
,,,,Electrical Maintenance & Construction,Midland,TX,,"Digital Desert, Review Automation Target, Lead Gen Target, 11-25 Reviews, Home Services / Electrical",Google Places,Home Services / Electrical,,19,4.5
,,,+14329671098,Diamond Electrical Service,Midland,TX,,"Digital Desert, Review Automation Target, Lead Gen Target, 11-25 Reviews, Home Services / Electrical",Google Places,Home Services / Electrical,,14,4.6
,,,+14328033149,"G&D ELECTRIC, LLC",Midland,TX,,"Digital Desert, Review Automation Target, Lead Gen Target, 1-5 Reviews, Home Services / Electrical",Google Places,Home Services / Electrical,,2,5
,,,+14328534426,Current Electric,Midland,TX,https://currentelectricx.com/,"Digital Desert, Review Automation Target, Lead Gen Target, 1-5 Reviews, Home Services / Electrical",Google Places,Home Services / Electrical,,1,5
,,,+14326832971,Brown's Permian Electric Co,Midland,TX,,"Digital Desert, Review Automation Target, Lead Gen Target, 1-5 Reviews, Home Services / Electrical",Google Places,Home Services / Electrical,,1,5
,,,+14322596869,Midland HVAC Cooling Service,Midland,TX,,"Digital Desert, Review Automation Target, Lead Gen Target, 1-5 Reviews, Home Services / HVAC",Google Places,Home Services / HVAC,,5,5
,,,+14322657810,TXR ROOFING AND CONSTRUCTION,Midland,TX,https://www.roofswtx.com/,"Digital Desert, Review Automation Target, Lead Gen Target, 1-5 Reviews, Home Services / Roofing",Google Places,Home Services / Roofing,,5,5
,,,,J & W Roofing,Midland,TX,,"Digital Desert, Review Automation Target, Lead Gen Target, 1-5 Reviews, Home Services / Roofing",Google Places,Home Services / Roofing,,3,5
,,,,Reyes Painting,Midland,TX,https://www.facebook.com/share/19ExKLgkeq/?mibextid=wwXIfr,"Digital Desert, Review Automation Target, Lead Gen Target, 11-25 Reviews, Home Services / Painting",Google Places,Home Services / Painting,,24,4.8
,,,+14324254841,Top Of The Line Painting,Midland,TX,,"Digital Desert, Review Automation Target, Lead Gen Target, 1-5 Reviews, Home Services / Painting",Google Places,Home Services / Painting,,5,5
,,,+14326848135,Henry's Painting & Remodeling,Midland,TX,,"Digital Desert, Review Automation Target, Lead Gen Target, 1-5 Reviews, Home Services / Painting",Google Places,Home Services / Painting,,1,5
,,,+13188535802,Prime Guard Painters,Midland,TX,,"Digital Desert, Review Automation Target, Lead Gen Target, 0 Reviews - Highest Priority, Home Services / Painting",Google Places,Home Services / Painting,,0,
,,,+14325992089,Handyman by home doctor,Midland,TX,,"Digital Desert, Review Automation Target, Lead Gen Target, 1-5 Reviews, Home Services / Handyman",Google Places,Home Services / Handyman,,3,3.7
,,,+14322790595,Suburban Home Services,Midland,TX,,"Digital Desert, Review Automation Target, Lead Gen Target, 1-5 Reviews, Home Services / Handyman",Google Places,Home Services / Handyman,,1,5
,,,+14324137298,Texas Wide Contractor's,Midland,TX,,"Digital Desert, Review Automation Target, Lead Gen Target, 6-10 Reviews, Home Services / Garage Door",Google Places,Home Services / Garage Door,,7,5
,,,+14096668508,Garage Door's Repair Advantage,Midland,TX,,"Digital Desert, Review Automation Target, Lead Gen Target, 0 Reviews - Highest Priority, Home Services / Garage Door",Google Places,Home Services / Garage Door,,0,
,,,+14325576290,Platinum Overhead Door,Midland,TX,,"Digital Desert, Review Automation Target, Lead Gen Target, 1-5 Reviews, Home Services / Garage Door",Google Places,Home Services / Garage Door,,4,5
,,,+14325700227,Ramirez Overhead Door,Midland,TX,,"Digital Desert, Review Automation Target, Lead Gen Target, 11-25 Reviews, Home Services / Garage Door",Google Places,Home Services / Garage Door,,22,4.1
,,,+14329789990,Stability Fencing And welding,Midland,TX,,"Digital Desert, Review Automation Target, Lead Gen Target, 1-5 Reviews, Home Services / Fencing",Google Places,Home Services / Fencing,,3,3.7
,,,+14329672085,CPI Fencing & Welding,Midland,TX,,"Digital Desert, Review Automation Target, Lead Gen Target, 6-10 Reviews, Home Services / Fencing",Google Places,Home Services / Fencing,,7,5
,,,+14324167430,dfencer,Midland,TX,,"Digital Desert, Review Automation Target, Lead Gen Target, 1-5 Reviews, Home Services / Fencing",Google Places,Home Services / Fencing,,2,5
,,,+14322109415,Pool Techniques,Midland,TX,,"Digital Desert, Review Automation Target, Lead Gen Target, 6-10 Reviews, Home Services / Pool",Google Places,Home Services / Pool,,9,4.1
,,,+14325707665,Pool Techniques Inc,Midland,TX,,"Digital Desert, Review Automation Target, Lead Gen Target, 1-5 Reviews, Home Services / Pool",Google Places,Home Services / Pool,,2,4.5
,,,+14326899936,Steve's Pool Services,Midland,TX,,"Digital Desert, Review Automation Target, Lead Gen Target, 0 Reviews - Highest Priority, Home Services / Pool",Google Places,Home Services / Pool,,0,
,,,+14322624440,Professional Appliance Repair and installation services,Midland,TX,http://www.appliancerepairmidlandtx.com/page=contactus,"Digital Desert, Review Automation Target, Lead Gen Target, 1-5 Reviews, Home Services / Appliance Repair",Google Places,Home Services / Appliance Repair,,2,4.5
,,,+14322011901,Family Maytag Home Appliance Center,Midland,TX,,"Digital Desert, Review Automation Target, Lead Gen Target, 1-5 Reviews, Home Services / Appliance Repair",Google Places,Home Services / Appliance Repair,,5,2.4
,,,+14325208080,FAMILY HOME APPLIANCE,Midland,TX,,"Digital Desert, Review Automation Target, Lead Gen Target, 0 Reviews - Highest Priority, Home Services / Appliance Repair",Google Places,Home Services / Appliance Repair,,0,
,,,+14326995088,Franz Construction,Midland,TX,,"Digital Desert, Review Automation Target, Lead Gen Target, 1-5 Reviews, Home Services / Gutters",Google Places,Home Services / Gutters,,3,5
,,,+14329004295,Grime Stoppers Wtx,Midland,TX,https://grimestopperswtx.com/,"Digital Desert, Review Automation Target, Lead Gen Target, 11-25 Reviews, Home Services / Gutters",Google Places,Home Services / Gutters,,14,4.9
,,,+14322471199,Vibe Salon & Blowdry Bar,Midland,TX,https://instagram.com/vibe__salon?igshid=YmMyMTA2M2Y=,"Digital Desert, Review Automation Target, Lead Gen Target, 11-25 Reviews, Beauty / Hair Salon",Google Places,Beauty / Hair Salon,,20,4.8
,,,+14325707100,Barry Morris Salon,Midland,TX,,"Digital Desert, Review Automation Target, Lead Gen Target, 11-25 Reviews, Beauty / Hair Salon",Google Places,Beauty / Hair Salon,,24,5
,,,+14322187896,Sapphire Salon,Midland,TX,,"Digital Desert, Review Automation Target, Lead Gen Target, 11-25 Reviews, Beauty / Hair Salon",Google Places,Beauty / Hair Salon,,20,4.9
,,,+14322477117,Lemon and Velvet Salon,Midland,TX,,"Digital Desert, Review Automation Target, Lead Gen Target, 11-25 Reviews, Beauty / Hair Salon",Google Places,Beauty / Hair Salon,,25,4.6
,,,+14322323329,Blessed Barbers Midland (WALK-INS WELCOME),Midland,TX,,"Digital Desert, Review Automation Target, Lead Gen Target, 11-25 Reviews, Beauty / Barber",Google Places,Beauty / Barber,,19,5
,,,,ONE Salon Suites Midland,Midland,TX,,"Digital Desert, Review Automation Target, Lead Gen Target, 1-5 Reviews, Beauty / Salon",Google Places,Beauty / Salon,,5,5
,,,+14323079098,Expensive Habits Aesthetics,Midland,TX,https://linktr.ee/expensivehabits2026?utm_source=ig&utm_medium=social&utm_content=link_in_bio&fbclid=PAdGRleAStCbZleHRuA2FlbQIxMQBzcnRjBmFwcF9pZA8xMjQwMjQ1NzQyODc0MTQAAaekgo-SNlDTRRt229Gm6pUIZccxhJ1F_VxLqAEWkJt7TYH9HoqrKF4sdjSnBQ_aem_qsOFmKtghPNHLwy3ROCVrQ,"Digital Desert, Review Automation Target, Lead Gen Target, 11-25 Reviews, Beauty / Lash Studio",Google Places,Beauty / Lash Studio,,18,5
,,,+14325990994,Wolves of Wall Street Tattoo,Midland,TX,,"Digital Desert, Review Automation Target, Lead Gen Target, 11-25 Reviews, Beauty / Tattoo",Google Places,Beauty / Tattoo,,16,5
,,,+14322508206,Junior’s Tattoo Studio,Midland,TX,https://www.facebook.com/profile.php?id=100070312245811&mibextid=LQQJ4d,"Digital Desert, Review Automation Target, Lead Gen Target, 6-10 Reviews, Beauty / Tattoo",Google Places,Beauty / Tattoo,,9,5
,,,,Matilda Tattoo Shop,Midland,TX,https://www.instagram.com/lady.matilda.tattoo?igsh=NGxmOXlnZ2NiZnQw,"Digital Desert, Review Automation Target, Lead Gen Target, 1-5 Reviews, Beauty / Tattoo",Google Places,Beauty / Tattoo,,5,5
,,,+14328950313,Elite Automotive LLC,Midland,TX,https://www.eliteautomtx.com/,"Digital Desert, Review Automation Target, Lead Gen Target, 11-25 Reviews, Auto Services / Repair",Google Places,Auto Services / Repair,,13,5
,,,+14322053860,All In Auto Service,Midland,TX,,"Digital Desert, Review Automation Target, Lead Gen Target, 1-5 Reviews, Auto Services / Repair",Google Places,Auto Services / Repair,,2,5
,,,,House of Tires Midland,Midland,TX,,"Digital Desert, Review Automation Target, Lead Gen Target, 1-5 Reviews, Auto Services / Tires",Google Places,Auto Services / Tires,,1,5
,,,+14322123681,GARCIA TIRE ROAD SERVICE,Midland,TX,,"Digital Desert, Review Automation Target, Lead Gen Target, 6-10 Reviews, Auto Services / Tires",Google Places,Auto Services / Tires,,9,4.4
,,,,Tall City Car Wash: Midkiff,Midland,TX,,"Digital Desert, Review Automation Target, Lead Gen Target, 11-25 Reviews, Auto Services / Car Wash",Google Places,Auto Services / Car Wash,,11,1.5
,,,,Tall City Car Wash: Big Florida,Midland,TX,,"Digital Desert, Review Automation Target, Lead Gen Target, 11-25 Reviews, Auto Services / Car Wash",Google Places,Auto Services / Car Wash,,21,2.2
,,,,Solutions Auto Wash,Midland,TX,,"Digital Desert, Review Automation Target, Lead Gen Target, 1-5 Reviews, Auto Services / Car Wash",Google Places,Auto Services / Car Wash,,1,1
,,,+14326835485,Johnnie's Paint & Body,Midland,TX,,"Digital Desert, Review Automation Target, Lead Gen Target, 11-25 Reviews, Auto Services / Body Shop",Google Places,Auto Services / Body Shop,,12,4.2
,,,+14325709306,Unlimited Paint & Body Shop,Midland,TX,,"Digital Desert, Review Automation Target, Lead Gen Target, 11-25 Reviews, Auto Services / Body Shop",Google Places,Auto Services / Body Shop,,21,4
,,,+14324259260,La Patrona Taqueria LLC #2,Midland,TX,,"Digital Desert, Review Automation Target, Lead Gen Target, 6-10 Reviews, Food & Beverage / Taqueria",Google Places,Food & Beverage / Taqueria,,7,4.4
,,,+14325288436,Taqueria Estilo Queretaro,Midland,TX,,"Digital Desert, Review Automation Target, Lead Gen Target, 6-10 Reviews, Food & Beverage / Taqueria",Google Places,Food & Beverage / Taqueria,,7,5
,,,+14322607886,Tacos Regios Est. 2024,Midland,TX,,"Digital Desert, Review Automation Target, Lead Gen Target, 11-25 Reviews, Food & Beverage / Taqueria",Google Places,Food & Beverage / Taqueria,,11,4.8
,,,,Tacos el cuñado,Midland,TX,,"Digital Desert, Review Automation Target, Lead Gen Target, 1-5 Reviews, Food & Beverage / Taqueria",Google Places,Food & Beverage / Taqueria,,2,5
,,,+14324889954,Bettys Food truck,Midland,TX,,"Digital Desert, Review Automation Target, Lead Gen Target, 1-5 Reviews, Food & Beverage / Food Truck",Google Places,Food & Beverage / Food Truck,,1,5
,,,+18062151294,El Rey Del Taco,Midland,TX,,"Digital Desert, Review Automation Target, Lead Gen Target, 11-25 Reviews, Food & Beverage / Food Truck",Google Places,Food & Beverage / Food Truck,,18,4.8
,,,,Ana's Cuisine,Midland,TX,,"Digital Desert, Review Automation Target, Lead Gen Target, 11-25 Reviews, Food & Beverage / Food Truck",Google Places,Food & Beverage / Food Truck,,19,4.9
,,,+14328880752,Midland bakery,Midland,TX,https://www.facebook.com/share/1EpYZP59Ci/?mibextid=wwXIfr,"Digital Desert, Review Automation Target, Lead Gen Target, 0 Reviews - Highest Priority, Food & Beverage / Bakery",Google Places,Food & Beverage / Bakery,,0,
,,,+14322361067,Cute Cakes,Midland,TX,,"Digital Desert, Review Automation Target, Lead Gen Target, 11-25 Reviews, Food & Beverage / Bakery",Google Places,Food & Beverage / Bakery,,15,5
,,,,Midlandian Micro Bakery,Midland,TX,,"Digital Desert, Review Automation Target, Lead Gen Target, 0 Reviews - Highest Priority, Food & Beverage / Bakery",Google Places,Food & Beverage / Bakery,,0,
,,,+19498273075,La Guantanamera,Midland,TX,,"Digital Desert, Review Automation Target, Lead Gen Target, 11-25 Reviews, Food & Beverage / Tamales",Google Places,Food & Beverage / Tamales,,23,5
,,,+14328482646,NANAS KITCHEN,Midland,TX,,"Digital Desert, Review Automation Target, Lead Gen Target, 1-5 Reviews, Food & Beverage / Tamales",Google Places,Food & Beverage / Tamales,,3,4.7
,,,+14322243015,Marandys paleteria llc,Midland,TX,,"Digital Desert, Review Automation Target, Lead Gen Target, 11-25 Reviews, Food & Beverage / Ice Cream",Google Places,Food & Beverage / Ice Cream,,17,5
,,,+14325531529,Aj reliable cleaning service and cleaning products,Midland,TX,,"Digital Desert, Review Automation Target, Lead Gen Target, 1-5 Reviews, Cleaning / Residential",Google Places,Cleaning / Residential,,1,5
,,,+14329018373,Triple A’s Cleaning Solutions LLC,Midland,TX,,"Digital Desert, Review Automation Target, Lead Gen Target, 1-5 Reviews, Cleaning / Residential",Google Places,Cleaning / Residential,,1,5
,,,,Mari Les Cleaning Service LLC,Midland,TX,,"Digital Desert, Review Automation Target, Lead Gen Target, 1-5 Reviews, Cleaning / Commercial",Google Places,Cleaning / Commercial,,2,5
,,,+14326385631,"Menny's Carpet Cleaning - Home Carpet Cleaners, Quality Carpet Cleaning",Midland,TX,,"Digital Desert, Review Automation Target, Lead Gen Target, 1-5 Reviews, Cleaning / Carpet",Google Places,Cleaning / Carpet,,2,5
,,,+14327705903,E&R Carpet Cleaning,Midland,TX,,"Digital Desert, Review Automation Target, Lead Gen Target, 1-5 Reviews, Cleaning / Carpet",Google Places,Cleaning / Carpet,,4,5
,,,+14322879594,Pressure Washing Midland,Midland,TX,https://www.pressurewashingmidlandtx.com/,"Digital Desert, Review Automation Target, Lead Gen Target, 0 Reviews - Highest Priority, Cleaning / Pressure Washing",Google Places,Cleaning / Pressure Washing,,0,
,,,,E&V Powerwash,Midland,TX,,"Digital Desert, Review Automation Target, Lead Gen Target, 1-5 Reviews, Cleaning / Pressure Washing",Google Places,Cleaning / Pressure Washing,,4,4
,,,+14322385051,D&M POWERWASH,Midland,TX,,"Digital Desert, Review Automation Target, Lead Gen Target, 0 Reviews - Highest Priority, Cleaning / Pressure Washing",Google Places,Cleaning / Pressure Washing,,0,
,,,+14323014158,Affordable Lawn Care,Midland,TX,,"Digital Desert, Review Automation Target, Lead Gen Target, 1-5 Reviews, Landscaping / Lawn Care",Google Places,Landscaping / Lawn Care,,5,4.2
,,,+14326974622,Maranatha Tree Service Co.,Midland,TX,,"Digital Desert, Review Automation Target, Lead Gen Target, 1-5 Reviews, Landscaping / Tree",Google Places,Landscaping / Tree,,4,5
,,,+14322620184,Little Honey Beezzz Learning Center,Midland,TX,,"Digital Desert, Review Automation Target, Lead Gen Target, 11-25 Reviews, Childcare / Daycare",Google Places,Childcare / Daycare,,17,5
,,,+14326942255,A Precious One Child Care,Midland,TX,,"Digital Desert, Review Automation Target, Lead Gen Target, 11-25 Reviews, Childcare / Daycare",Google Places,Childcare / Daycare,,14,4.7
,,,+14326945683,My Family Child Care Guarderia 1& 2,Midland,TX,,"Digital Desert, Review Automation Target, Lead Gen Target, 11-25 Reviews, Childcare / Daycare",Google Places,Childcare / Daycare,,22,4.3
,,,+14322187511,Toya's Precious Jewels Academy,Midland,TX,,"Digital Desert, Review Automation Target, Lead Gen Target, 11-25 Reviews, Childcare / Daycare",Google Places,Childcare / Daycare,,21,4.8
,,,+14324168973,Little Noodles CLC,Midland,TX,https://www.facebook.com/profile.php?id=61566265946314,"Digital Desert, Review Automation Target, Lead Gen Target, 1-5 Reviews, Childcare / Daycare",Google Places,Childcare / Daycare,,1,5
,,,+14326956586,Little ladders Christian Center,Midland,TX,,"Digital Desert, Review Automation Target, Lead Gen Target, 11-25 Reviews, Childcare / Daycare",Google Places,Childcare / Daycare,,13,4.2
,,,+14326850760,Kid Town Daycare,Midland,TX,,"Digital Desert, Review Automation Target, Lead Gen Target, 11-25 Reviews, Childcare / Daycare",Google Places,Childcare / Daycare,,14,3
,,,+14326990711,JCS ALTERATIONS,Midland,TX,,"Digital Desert, Review Automation Target, Lead Gen Target, 6-10 Reviews, Retail / Alterations",Google Places,Retail / Alterations,,10,3.8
,,,,Laundromat open to 9:30 p.m.,Midland,TX,,"Digital Desert, Review Automation Target, Lead Gen Target, 1-5 Reviews, Retail / Laundromat",Google Places,Retail / Laundromat,,1,5
,,,+14326822420,Snow White Laundry & Cleaners,Midland,TX,,"Digital Desert, Review Automation Target, Lead Gen Target, 11-25 Reviews, Retail / Laundromat",Google Places,Retail / Laundromat,,18,2.8
,,,+14322790711,A&R Notary Services and More,Midland,TX,,"Digital Desert, Review Automation Target, Lead Gen Target, 11-25 Reviews, Professional / Notary",Google Places,Professional / Notary,,14,4.4
,,,+14322517393,The Mobile Notary Co.,Midland,TX,,"Digital Desert, Review Automation Target, Lead Gen Target, 11-25 Reviews, Professional / Notary",Google Places,Professional / Notary,,20,5
,,,+14325536059,Premier Notary Services,Midland,TX,,"Digital Desert, Review Automation Target, Lead Gen Target, 1-5 Reviews, Professional / Notary",Google Places,Professional / Notary,,1,5
,,,+14026017862,"NALY NOTARY SERVICES, LLC",Midland,TX,,"Digital Desert, Review Automation Target, Lead Gen Target, 11-25 Reviews, Professional / Notary",Google Places,Professional / Notary,,12,5
,,,+14326892020,24 Hour Notary & Courier,Midland,TX,,"Digital Desert, Review Automation Target, Lead Gen Target, 11-25 Reviews, Professional / Notary",Google Places,Professional / Notary,,18,2.8
,,,+14326954772,Midland/Odessa Mobile Notary Services,Midland,TX,,"Digital Desert, Review Automation Target, Lead Gen Target, 0 Reviews - Highest Priority, Professional / Notary",Google Places,Professional / Notary,,0,
,,,+14325578853,Wilson Photography,Midland,TX,https://www.wilsonphotographytx.com/aboutus,"Digital Desert, Review Automation Target, Lead Gen Target, 11-25 Reviews, Creative / Photography",Google Places,Creative / Photography,,13,5
,,,+14323526101,Exquisite Catering LLC,Midland,TX,https://exquisitecateringtx.com/?utm_source=gmb&utm_medium=organic,"Digital Desert, Review Automation Target, Lead Gen Target, 11-25 Reviews, Food & Beverage / Catering",Google Places,Food & Beverage / Catering,,22,4.5
,,,+14322423137,Cookhouse Catering,Midland,TX,http://www.cookhousecateringtx.com/,"Digital Desert, Review Automation Target, Lead Gen Target, 1-5 Reviews, Food & Beverage / Catering",Google Places,Food & Beverage / Catering,,2,5
,,,+14323490071,Ember & Sage,Midland,TX,,"Digital Desert, Review Automation Target, Lead Gen Target, 0 Reviews - Highest Priority, Food & Beverage / Catering",Google Places,Food & Beverage / Catering,,0,
,,,+14323128910,Life is Ruff Grooming,Midland,TX,,"Digital Desert, Review Automation Target, Lead Gen Target, 11-25 Reviews, Pet Services / Grooming",Google Places,Pet Services / Grooming,,21,4.9
,,,+14322620546,Stars Hollow Dog Grooming,Midland,TX,,"Digital Desert, Review Automation Target, Lead Gen Target, 11-25 Reviews, Pet Services / Grooming",Google Places,Pet Services / Grooming,,25,5
,,,+14322620454,With Love Doggie Salon,Midland,TX,,"Digital Desert, Review Automation Target, Lead Gen Target, 6-10 Reviews, Pet Services / Grooming",Google Places,Pet Services / Grooming,,8,5
,,,+14325280306,Doodle's Grooming,Midland,TX,http://www.facebook.com/profile.php?id=100063987881490,"Digital Desert, Review Automation Target, Lead Gen Target, 1-5 Reviews, Pet Services / Grooming",Google Places,Pet Services / Grooming,,3,5
,,,+14324169676,Bubbly Paws Dog Grooming,Midland,TX,,"Digital Desert, Review Automation Target, Lead Gen Target, 0 Reviews - Highest Priority, Pet Services / Grooming",Google Places,Pet Services / Grooming,,0,
Esmeralda,Arce,esme@lonewoofgrooming.com,+14323018176,Lone Woof Grooming,Midland,TX,http://www.facebook.com/lonewoofgrooming,"Digital Desert, Review Automation Target, Lead Gen Target, 1-5 Reviews, Pet Services / Grooming",Google Places,Pet Services / Grooming,Owner/Operator,5,5
,,,+14325303176,Grooming by Lisa J,Midland,TX,,"Digital Desert, Review Automation Target, Lead Gen Target, 6-10 Reviews, Pet Services / Grooming",Google Places,Pet Services / Grooming,,8,5
,,,+14323340508,Rainbow Plumbing,Odessa,TX,,"Digital Desert, Review Automation Target, Lead Gen Target, 11-25 Reviews, Home Services / Plumbing",Google Places,Home Services / Plumbing,,25,4.6
,,,+14325807113,RCI Electric,Odessa,TX,http://www.rcielectrictx.com/,"Digital Desert, Review Automation Target, Lead Gen Target, 1-5 Reviews, Home Services / Electrical",Google Places,Home Services / Electrical,,4,4
,,,+14326388696,Omega Electric,Odessa,TX,https://www.omegaelectrictx.com/,"Digital Desert, Review Automation Target, Lead Gen Target, 6-10 Reviews, Home Services / Electrical",Google Places,Home Services / Electrical,,8,4.5
,,,+14325800578,ASAP Companies,Odessa,TX,,"Digital Desert, Review Automation Target, Lead Gen Target, 1-5 Reviews, Home Services / Electrical",Google Places,Home Services / Electrical,,4,4
,,,+14322247372,Texas Best HVAC,Odessa,TX,,"Digital Desert, Review Automation Target, Lead Gen Target, 11-25 Reviews, Home Services / Electrical",Google Places,Home Services / Electrical,,22,4.7
,,,+14323331129,"Renco Electric & Instrumentation, LLC.",Odessa,TX,https://www.facebook.com/RencoElectric/,"Digital Desert, Review Automation Target, Lead Gen Target, 1-5 Reviews, Home Services / Electrical",Google Places,Home Services / Electrical,,1,5
,,,+14326613844,A/C Services,Odessa,TX,http://www.acservices-tx.com/,"Digital Desert, Review Automation Target, Lead Gen Target, 11-25 Reviews, Home Services / HVAC",Google Places,Home Services / HVAC,,11,4.9
,,,+14322781755,Pure Cool HVAC,Odessa,TX,,"Digital Desert, Review Automation Target, Lead Gen Target, 1-5 Reviews, Home Services / HVAC",Google Places,Home Services / HVAC,,2,5
,,,+14322027520,WK WHITE PAINTING,Odessa,TX,,"Digital Desert, Review Automation Target, Lead Gen Target, 6-10 Reviews, Home Services / Painting",Google Places,Home Services / Painting,,6,5
,,,+14329673562,FR Painting,Odessa,TX,,"Digital Desert, Review Automation Target, Lead Gen Target, 11-25 Reviews, Home Services / Painting",Google Places,Home Services / Painting,,13,5
,,,+14752919339,"B&T Painting Services & Dryer Vent Cleaning Services Plainville, Connecticut",Odessa,TX,,"Digital Desert, Review Automation Target, Lead Gen Target, 1-5 Reviews, Home Services / Painting",Google Places,Home Services / Painting,,5,4.8
,,,+14322323805,Hue Got It painting,Odessa,TX,,"Digital Desert, Review Automation Target, Lead Gen Target, 1-5 Reviews, Home Services / Painting",Google Places,Home Services / Painting,,3,5
,,,+14327037125,A&M 83 Painting,Odessa,TX,,"Digital Desert, Review Automation Target, Lead Gen Target, 1-5 Reviews, Home Services / Painting",Google Places,Home Services / Painting,,1,5
,,,+14323664329,Matthews Paper Hanging & Paint,Odessa,TX,,"Digital Desert, Review Automation Target, Lead Gen Target, 1-5 Reviews, Home Services / Painting",Google Places,Home Services / Painting,,1,5
,,,+14322606703,Neighborhood Handyman,Odessa,TX,,"Digital Desert, Review Automation Target, Lead Gen Target, 6-10 Reviews, Home Services / Handyman",Google Places,Home Services / Handyman,,8,5
,,,+14322486532,Commercial handyman service,Odessa,TX,,"Digital Desert, Review Automation Target, Lead Gen Target, 1-5 Reviews, Home Services / Handyman",Google Places,Home Services / Handyman,,2,3
,,,+14325529336,Dixon Pest Control,Odessa,TX,http://dixonpestcontroltx.com/,"Digital Desert, Review Automation Target, Lead Gen Target, 1-5 Reviews, Home Services / Pest Control",Google Places,Home Services / Pest Control,,5,4.2
,,,+14322129780,Lindley Doors,Odessa,TX,,"Digital Desert, Review Automation Target, Lead Gen Target, 11-25 Reviews, Home Services / Garage Door",Google Places,Home Services / Garage Door,,18,2.3
,,,+14322580510,LBK Fence Staining,Odessa,TX,,"Digital Desert, Review Automation Target, Lead Gen Target, 1-5 Reviews, Home Services / Fencing",Google Places,Home Services / Fencing,,4,5
,,,+14325507248,Triple B Fencing,Odessa,TX,,"Digital Desert, Review Automation Target, Lead Gen Target, 1-5 Reviews, Home Services / Fencing",Google Places,Home Services / Fencing,,1,5
,,,+14329786054,Gabrielle's Pool Service,Odessa,TX,,"Digital Desert, Review Automation Target, Lead Gen Target, 1-5 Reviews, Home Services / Pool",Google Places,Home Services / Pool,,3,2
,,,+14329341128,Santiago’s Pools and Spas,Odessa,TX,,"Digital Desert, Review Automation Target, Lead Gen Target, 11-25 Reviews, Home Services / Pool",Google Places,Home Services / Pool,,11,5
,,,+14328136703,Piña Pools,Odessa,TX,https://pinapoolstx.com/,"Digital Desert, Review Automation Target, Lead Gen Target, 1-5 Reviews, Home Services / Pool",Google Places,Home Services / Pool,,5,5
,,,,Jp Pools,Odessa,TX,,"Digital Desert, Review Automation Target, Lead Gen Target, 1-5 Reviews, Home Services / Pool",Google Places,Home Services / Pool,,5,5
,,,+14323358878,Appliance Plus,Odessa,TX,,"Digital Desert, Review Automation Target, Lead Gen Target, 11-25 Reviews, Home Services / Appliance Repair",Google Places,Home Services / Appliance Repair,,12,4.1
,,,+14328530968,Junior's Appliances Sales & Repair,Odessa,TX,https://www.facebook.com/juniorsappliancesodessatx/,"Digital Desert, Review Automation Target, Lead Gen Target, 6-10 Reviews, Home Services / Appliance Repair",Google Places,Home Services / Appliance Repair,,8,2
,,,+14325999618,Monkey Appliance,Odessa,TX,https://www.facebook.com/profile.php?id=61559172560694,"Digital Desert, Review Automation Target, Lead Gen Target, 1-5 Reviews, Home Services / Appliance Repair",Google Places,Home Services / Appliance Repair,,3,5
,,,,Jv Appliance Services,Odessa,TX,,"Digital Desert, Review Automation Target, Lead Gen Target, 6-10 Reviews, Home Services / Appliance Repair",Google Places,Home Services / Appliance Repair,,6,3.2
,,,+14324387291,I-Shine Cleaning Services,Odessa,TX,,"Digital Desert, Review Automation Target, Lead Gen Target, 11-25 Reviews, Home Services / Gutters",Google Places,Home Services / Gutters,,13,5
,,,+14322311013,Odessa Rain Gutters,Odessa,TX,,"Digital Desert, Review Automation Target, Lead Gen Target, 0 Reviews - Highest Priority, Home Services / Gutters",Google Places,Home Services / Gutters,,0,
,,,+14322278642,Solar Shine,Odessa,TX,,"Digital Desert, Review Automation Target, Lead Gen Target, 1-5 Reviews, Home Services / Gutters",Google Places,Home Services / Gutters,,1,5
,,,+14322350202,Clear View,Odessa,TX,https://www.clearview-tx.com/,"Digital Desert, Review Automation Target, Lead Gen Target, 6-10 Reviews, Home Services / Gutters",Google Places,Home Services / Gutters,,8,5
,,,+14323620661,Allora Hair Salon,Odessa,TX,,"Digital Desert, Review Automation Target, Lead Gen Target, 11-25 Reviews, Beauty / Hair Salon",Google Places,Beauty / Hair Salon,,15,4.9
,,,+14328809229,The Fade Lounge,Odessa,TX,https://www.facebook.com/share/15qSDVHVHy/?mibextid=wwXIfr,"Digital Desert, Review Automation Target, Lead Gen Target, 11-25 Reviews, Beauty / Barber",Google Places,Beauty / Barber,,11,4.3
,,,,JS Barbershop,Odessa,TX,,"Digital Desert, Review Automation Target, Lead Gen Target, 1-5 Reviews, Beauty / Barber",Google Places,Beauty / Barber,,2,5
,,,+14322313951,Relax Reflexology Odessa next Wells Fargo JBS Pkwy,Odessa,TX,,"Digital Desert, Review Automation Target, Lead Gen Target, 11-25 Reviews, Beauty / Massage",Google Places,Beauty / Massage,,25,4.8
,,,+14323161262,Sun Flower Massage,Odessa,TX,,"Digital Desert, Review Automation Target, Lead Gen Target, 11-25 Reviews, Beauty / Massage",Google Places,Beauty / Massage,,12,4.1
,,,+14326141301,Evergreen Therapy,Odessa,TX,,"Digital Desert, Review Automation Target, Lead Gen Target, 6-10 Reviews, Beauty / Massage",Google Places,Beauty / Massage,,9,4.7
,,,+14328033433,Beauty&Co.,Odessa,TX,,"Digital Desert, Review Automation Target, Lead Gen Target, 11-25 Reviews, Beauty / Salon",Google Places,Beauty / Salon,,13,5
,,,+14326535935,Cheveux Beauty Parlor,Odessa,TX,http://instagram.com/cheveuxbeautyparlor,"Digital Desert, Review Automation Target, Lead Gen Target, 11-25 Reviews, Beauty / Salon",Google Places,Beauty / Salon,,22,5
,,,,The Lash Crib by Claudia,Odessa,TX,https://www.instagram.com/thelashcrib_byclaudia,"Digital Desert, Review Automation Target, Lead Gen Target, 1-5 Reviews, Beauty / Lash Studio",Google Places,Beauty / Lash Studio,,1,5
,,,+14325301106,Be Sweet Beauty,Odessa,TX,,"Digital Desert, Review Automation Target, Lead Gen Target, 6-10 Reviews, Beauty / Lash Studio",Google Places,Beauty / Lash Studio,,8,5
,,,+14322898260,The Hitlist Tattoo Shop,Odessa,TX,,"Digital Desert, Review Automation Target, Lead Gen Target, 0 Reviews - Highest Priority, Beauty / Tattoo",Google Places,Beauty / Tattoo,,0,
,,,+14322254764,el_sixty_tattoo,Odessa,TX,,"Digital Desert, Review Automation Target, Lead Gen Target, 1-5 Reviews, Beauty / Tattoo",Google Places,Beauty / Tattoo,,2,5
,,,,Paradise ink tattoo studio,Odessa,TX,https://www.facebook.com/profile.php?id=100094059037963&mibextid=LQQJ4d,"Digital Desert, Review Automation Target, Lead Gen Target, 1-5 Reviews, Beauty / Tattoo",Google Places,Beauty / Tattoo,,1,5
,,,+17865699720,Gemelas Tattoo Ink,Odessa,TX,https://www.instagram.com/gemelas_tattooink?igsh=cnJuNXYycmxmdHo=&utm_source=qr,"Digital Desert, Review Automation Target, Lead Gen Target, 1-5 Reviews, Beauty / Tattoo",Google Places,Beauty / Tattoo,,5,4.2
,,,+14324258066,InkRx Paramedical Tattoo Company,Odessa,TX,https://www.instagram.com/inkrxtattoo?igsh=aG0xaWVqZGFkcW1q&utm_source=qr,"Digital Desert, Review Automation Target, Lead Gen Target, 1-5 Reviews, Beauty / Tattoo",Google Places,Beauty / Tattoo,,5,5
,,,+14323260223,Old School Tattoo,Odessa,TX,https://www.facebook.com/profile.php?id=61553058715045&mibextid=ZbWKwL,"Digital Desert, Review Automation Target, Lead Gen Target, 1-5 Reviews, Beauty / Tattoo",Google Places,Beauty / Tattoo,,4,5
,,,+14329003168,Ignite Auto Shop,Odessa,TX,,"Digital Desert, Review Automation Target, Lead Gen Target, 6-10 Reviews, Auto Services / Repair",Google Places,Auto Services / Repair,,10,5
,,,+14322080582,Automotive Electrical Workshop,Odessa,TX,,"Digital Desert, Review Automation Target, Lead Gen Target, 6-10 Reviews, Auto Services / Repair",Google Places,Auto Services / Repair,,9,5
,,,+14326539960,"Rigo Shop Mechanic - Engine Tune-Up Odessa TX Road Service, Mechanic, Diesel Engine Mechanic",Odessa,TX,,"Digital Desert, Review Automation Target, Lead Gen Target, 11-25 Reviews, Auto Services / Repair",Google Places,Auto Services / Repair,,17,4.1
,,,,Tire Shop,Odessa,TX,,"Digital Desert, Review Automation Target, Lead Gen Target, 1-5 Reviews, Auto Services / Tires",Google Places,Auto Services / Tires,,5,4.6
,,,+14322492035,Placencios road service,Odessa,TX,,"Digital Desert, Review Automation Target, Lead Gen Target, 1-5 Reviews, Auto Services / Tires",Google Places,Auto Services / Tires,,4,3.8
,,,+14322603349,AJM Auto Body Repair,Odessa,TX,,"Digital Desert, Review Automation Target, Lead Gen Target, 1-5 Reviews, Auto Services / Body Shop",Google Places,Auto Services / Body Shop,,1,5
,,,+14326535068,Pro's Truck & Auto Body,Odessa,TX,,"Digital Desert, Review Automation Target, Lead Gen Target, 11-25 Reviews, Auto Services / Body Shop",Google Places,Auto Services / Body Shop,,11,5
,,,+14329007403,Taqueria El Jefe,Odessa,TX,,"Digital Desert, Review Automation Target, Lead Gen Target, 1-5 Reviews, Food & Beverage / Taqueria",Google Places,Food & Beverage / Taqueria,,1,5
,,,+14322760991,Taqueria Papaya cocina Mexicana,Odessa,TX,,"Digital Desert, Review Automation Target, Lead Gen Target, 11-25 Reviews, Food & Beverage / Taqueria",Google Places,Food & Beverage / Taqueria,,19,4.2
,,,+14326536583,Taquizas Altos De Jalisco,Odessa,TX,,"Digital Desert, Review Automation Target, Lead Gen Target, 1-5 Reviews, Food & Beverage / Taqueria",Google Places,Food & Beverage / Taqueria,,4,5
,,,+14328037828,Tata’s Food Truck,Odessa,TX,,"Digital Desert, Review Automation Target, Lead Gen Target, 1-5 Reviews, Food & Beverage / Food Truck",Google Places,Food & Beverage / Food Truck,,5,5
,,,+19717206052,JALSICO FOOD TRUCK (TACOS),Odessa,TX,,"Digital Desert, Review Automation Target, Lead Gen Target, 11-25 Reviews, Food & Beverage / Food Truck",Google Places,Food & Beverage / Food Truck,,15,5
,,,+14327030577,Daddy Joe's,Odessa,TX,,"Digital Desert, Review Automation Target, Lead Gen Target, 6-10 Reviews, Food & Beverage / Food Truck",Google Places,Food & Beverage / Food Truck,,6,5
,,,+14323083266,EL TACO EXPRESS 2,Odessa,TX,,"Digital Desert, Review Automation Target, Lead Gen Target, 11-25 Reviews, Food & Beverage / Food Truck",Google Places,Food & Beverage / Food Truck,,14,4.4
,,,+14322602520,Fabulous Cakes&More,Odessa,TX,,"Digital Desert, Review Automation Target, Lead Gen Target, 11-25 Reviews, Food & Beverage / Bakery",Google Places,Food & Beverage / Bakery,,19,4.8
,,,+14326348822,Santa María Mexican Food,Odessa,TX,,"Digital Desert, Review Automation Target, Lead Gen Target, 1-5 Reviews, Food & Beverage / Restaurant",Google Places,Food & Beverage / Restaurant,,2,5
,,,+14329244055,La Jamaica | Mexican,Odessa,TX,https://lajamaicatx.com/,"Digital Desert, Review Automation Target, Lead Gen Target, 11-25 Reviews, Food & Beverage / Tamales",Google Places,Food & Beverage / Tamales,,12,4.3
,,,+14322319265,La Esquinita Comida Casera,Odessa,TX,,"Digital Desert, Review Automation Target, Lead Gen Target, 6-10 Reviews, Food & Beverage / Tamales",Google Places,Food & Beverage / Tamales,,7,5
,,,,Da snackery,Odessa,TX,,"Digital Desert, Review Automation Target, Lead Gen Target, 0 Reviews - Highest Priority, Food & Beverage / Ice Cream",Google Places,Food & Beverage / Ice Cream,,0,
,,,+14323674025,Sweet Tooth,Odessa,TX,,"Digital Desert, Review Automation Target, Lead Gen Target, 11-25 Reviews, Food & Beverage / Ice Cream",Google Places,Food & Beverage / Ice Cream,,20,4.3
,,,+14328807104,"Jackie's Cleaning Service,, Odessa Texas",Odessa,TX,,"Digital Desert, Review Automation Target, Lead Gen Target, 11-25 Reviews, Cleaning / Residential",Google Places,Cleaning / Residential,,24,4.5
,,,+14323261111,Morell cleaning services,Odessa,TX,,"Digital Desert, Review Automation Target, Lead Gen Target, 1-5 Reviews, Cleaning / Residential",Google Places,Cleaning / Residential,,1,5
,,,+14322829853,SM STAR SERVICES,Odessa,TX,,"Digital Desert, Review Automation Target, Lead Gen Target, 6-10 Reviews, Cleaning / Residential",Google Places,Cleaning / Residential,,8,5
,,,+14324251910,Elite Carpet Cleaning,Odessa,TX,https://elitecarpetcleaningtx.com/fort-stockton/,"Digital Desert, Review Automation Target, Lead Gen Target, 0 Reviews - Highest Priority, Cleaning / Carpet",Google Places,Cleaning / Carpet,,0,
,,,+14325598836,Giant Carpet Care,Odessa,TX,https://www.facebook.com/share/1GhbZ5Y7ei/?mibextid=wwXIfr,"Digital Desert, Review Automation Target, Lead Gen Target, 0 Reviews - Highest Priority, Cleaning / Carpet",Google Places,Cleaning / Carpet,,0,
,,,,Oriental Rug Cleaning,Odessa,TX,,"Digital Desert, Review Automation Target, Lead Gen Target, 0 Reviews - Highest Priority, Cleaning / Carpet",Google Places,Cleaning / Carpet,,0,
,,,+14323106640,"Premier Service & Supply, LLC",Odessa,TX,http://premierservicetx.com/,"Digital Desert, Review Automation Target, Lead Gen Target, 11-25 Reviews, Cleaning / Pressure Washing",Google Places,Cleaning / Pressure Washing,,21,5
,,,+14326959814,"A&A Landscape & Maintenance of TX, LLC",Odessa,TX,http://www.aalandscapetx.com/,"Digital Desert, Review Automation Target, Lead Gen Target, 11-25 Reviews, Landscaping",Google Places,Landscaping,,16,4.3
,,,+14322587736,Lone Star Landscapes & Lawns LLC,Odessa,TX,https://lonestarlltx.com/,"Digital Desert, Review Automation Target, Lead Gen Target, 1-5 Reviews, Landscaping",Google Places,Landscaping,,2,5
,,,+14322723773,Kingdom Builders Landscape Division LLC,Odessa,TX,https://m.facebook.com/Kingdom-Builders-Landscape-Division-LLC-Ll22088-355853087913234/?ref=bookmarks,"Digital Desert, Review Automation Target, Lead Gen Target, 1-5 Reviews, Landscaping",Google Places,Landscaping,,2,5
,,,+14322023207,C.D.P Lawncare Services,Odessa,TX,,"Digital Desert, Review Automation Target, Lead Gen Target, 11-25 Reviews, Landscaping / Lawn Care",Google Places,Landscaping / Lawn Care,,12,5
,,,+14323089554,JJ&T TREE SERVICE,Odessa,TX,,"Digital Desert, Review Automation Target, Lead Gen Target, 1-5 Reviews, Landscaping / Tree",Google Places,Landscaping / Tree,,2,4.5
,,,+14327701315,Yard & Tree Works,Odessa,TX,,"Digital Desert, Review Automation Target, Lead Gen Target, 1-5 Reviews, Landscaping / Tree",Google Places,Landscaping / Tree,,3,3.7
,,,+14323325399,Kids R Us Learning Center,Odessa,TX,,"Digital Desert, Review Automation Target, Lead Gen Target, 11-25 Reviews, Childcare / Daycare",Google Places,Childcare / Daycare,,21,3.2
,,,+14323329150,Genesis Little Blessings,Odessa,TX,,"Digital Desert, Review Automation Target, Lead Gen Target, 11-25 Reviews, Childcare / Daycare",Google Places,Childcare / Daycare,,16,4.3
,,,+14323347971,YMCA Westside Daycare,Odessa,TX,,"Digital Desert, Review Automation Target, Lead Gen Target, 1-5 Reviews, Childcare / Daycare",Google Places,Childcare / Daycare,,3,3.7
,,,+14326535137,AmaZing Grace Early Learning Center,Odessa,TX,,"Digital Desert, Review Automation Target, Lead Gen Target, 11-25 Reviews, Childcare / Daycare",Google Places,Childcare / Daycare,,12,3.3
,,,+14322765506,Odessa Candyland Academy,Odessa,TX,https://www.facebook.com/OdessaCandylandAcademy,"Digital Desert, Review Automation Target, Lead Gen Target, 11-25 Reviews, Childcare / Daycare",Google Places,Childcare / Daycare,,12,2.5
,,,+14323328200,Trans Pecos Trucking,Odessa,TX,,"Digital Desert, Review Automation Target, Lead Gen Target, 6-10 Reviews, Moving & Storage",Google Places,Moving & Storage,,9,4.7
,,,,LAUNDROMAT/Odessa,Odessa,TX,,"Digital Desert, Review Automation Target, Lead Gen Target, 1-5 Reviews, Retail / Laundromat",Google Places,Retail / Laundromat,,5,2.6
,,,+14322279599,Lavanderia Don Colombia,Odessa,TX,,"Digital Desert, Review Automation Target, Lead Gen Target, 1-5 Reviews, Retail / Laundromat",Google Places,Retail / Laundromat,,5,4.8
,,,,Gina's Laundromat,Odessa,TX,,"Digital Desert, Review Automation Target, Lead Gen Target, 1-5 Reviews, Retail / Laundromat",Google Places,Retail / Laundromat,,3,1
,,,+14325578346,ALEJANDRA LOERA NOTARY AND TAX FIRM,Odessa,TX,,"Digital Desert, Review Automation Target, Lead Gen Target, 6-10 Reviews, Professional / Notary",Google Places,Professional / Notary,,7,5
,,,+19157659294,Notary Service & More,Odessa,TX,https://www.facebook.com/Notary-Service-More-103569171839965/,"Digital Desert, Review Automation Target, Lead Gen Target, 11-25 Reviews, Professional / Notary",Google Places,Professional / Notary,,11,4.3
,,,+14322028561,LINN RAMOS HINOJOSA NOTARY PUBLIC,Odessa,TX,,"Digital Desert, Review Automation Target, Lead Gen Target, 6-10 Reviews, Professional / Notary",Google Places,Professional / Notary,,6,4.3
,,,+14325592451,Turner Mobile Notary,Odessa,TX,,"Digital Desert, Review Automation Target, Lead Gen Target, 1-5 Reviews, Professional / Notary",Google Places,Professional / Notary,,2,5
,,,+14328897610,Three Js Notary Services,Odessa,TX,,"Digital Desert, Review Automation Target, Lead Gen Target, 0 Reviews - Highest Priority, Professional / Notary",Google Places,Professional / Notary,,0,
,,,+15154936278,Hephzibah&sons,Odessa,TX,,"Digital Desert, Review Automation Target, Lead Gen Target, 1-5 Reviews, Professional / Notary",Google Places,Professional / Notary,,4,5
,,,+18882872323,Yiyo Sarante LLC,Odessa,TX,,"Digital Desert, Review Automation Target, Lead Gen Target, 6-10 Reviews, Professional / Notary",Google Places,Professional / Notary,,8,3.5
,,,+14329344582,Celestina Alicia Photography,Odessa,TX,http://www.facebook.com/CelestinaAliciaPhotography,"Digital Desert, Review Automation Target, Lead Gen Target, 11-25 Reviews, Creative / Photography",Google Places,Creative / Photography,,14,5
,,,+14325537031,Imagen Photo Video,Odessa,TX,,"Digital Desert, Review Automation Target, Lead Gen Target, 1-5 Reviews, Creative / Photography",Google Places,Creative / Photography,,4,5
,,,+14322572593,AJ Ranch,Odessa,TX,,"Digital Desert, Review Automation Target, Lead Gen Target, 1-5 Reviews, Creative / Photography",Google Places,Creative / Photography,,5,4.2
,,,+14322487073,Gorgeous’s photography,Odessa,TX,,"Digital Desert, Review Automation Target, Lead Gen Target, 1-5 Reviews, Creative / Photography",Google Places,Creative / Photography,,1,1
,,,+14322306213,Valerie's Portraits,Odessa,TX,https://www.facebook.com/OfficialValeriesportraits/,"Digital Desert, Review Automation Target, Lead Gen Target, 1-5 Reviews, Creative / Photography",Google Places,Creative / Photography,,3,3.7
,,,+14322153912,AM Photography,Odessa,TX,https://www.facebook.com/alo.machado1996?mibextid=wwXIfr&mibextid=wwXIfr,"Digital Desert, Review Automation Target, Lead Gen Target, 0 Reviews - Highest Priority, Creative / Photography",Google Places,Creative / Photography,,0,
,,,,Rachel Brooke Photography,Odessa,TX,,"Digital Desert, Review Automation Target, Lead Gen Target, 6-10 Reviews, Creative / Photography",Google Places,Creative / Photography,,7,2.1
,,,,"Royalty Baths, LLC",Odessa,TX,https://www.facebook.com/people/Royalty-Baths/61585732495345/,"Digital Desert, Review Automation Target, Lead Gen Target, 1-5 Reviews, Pet Services / Grooming",Google Places,Pet Services / Grooming,,2,5
,,,+14323076905,Unleashed Grooming,Odessa,TX,,"Digital Desert, Review Automation Target, Lead Gen Target, 11-25 Reviews, Pet Services / Grooming",Google Places,Pet Services / Grooming,,20,4.6
,,,+14322604945,Lonnie's Pets Professional Grooming,Odessa,TX,,"Digital Desert, Review Automation Target, Lead Gen Target, 1-5 Reviews, Pet Services / Grooming",Google Places,Pet Services / Grooming,,5,5
,,,+19729757656,Howl-a-day INN,Odessa,TX,,"Digital Desert, Review Automation Target, Lead Gen Target, 1-5 Reviews, Pet Services / Boarding",Google Places,Pet Services / Boarding,,1,5
,,,+12543715657,My Plumbing,Killeen,TX,,"Digital Desert, Review Automation Target, Lead Gen Target, 6-10 Reviews, Home Services / Plumbing",Google Places,Home Services / Plumbing,,9,4.6
,,,+12544644300,RDM Electric,Killeen,TX,,"Digital Desert, Review Automation Target, Lead Gen Target, 1-5 Reviews, Home Services / Electrical",Google Places,Home Services / Electrical,,2,5
,,,,Electrical Systems,Killeen,TX,,"Digital Desert, Review Automation Target, Lead Gen Target, 6-10 Reviews, Home Services / Electrical",Google Places,Home Services / Electrical,,10,4.2
,,,+12544644300,Zynda Electric,Killeen,TX,,"Digital Desert, Review Automation Target, Lead Gen Target, 1-5 Reviews, Home Services / Electrical",Google Places,Home Services / Electrical,,2,5
,,,+12544644300,Momentis Electrician Killeen,Killeen,TX,,"Digital Desert, Review Automation Target, Lead Gen Target, 1-5 Reviews, Home Services / Electrical",Google Places,Home Services / Electrical,,1,4
,,,+12544416688,Killeen City Roofing Inc,Killeen,TX,,"Digital Desert, Review Automation Target, Lead Gen Target, 1-5 Reviews, Home Services / Roofing",Google Places,Home Services / Roofing,,2,5
,,,+12543837204,Ace Painting & Co.,Killeen,TX,,"Digital Desert, Review Automation Target, Lead Gen Target, 1-5 Reviews, Home Services / Painting",Google Places,Home Services / Painting,,4,5
,,,+12543687585,High Quality Painting,Killeen,TX,,"Digital Desert, Review Automation Target, Lead Gen Target, 11-25 Reviews, Home Services / Painting",Google Places,Home Services / Painting,,13,4.6
,,,+12544544404,Delgados Painting Company,Killeen,TX,,"Digital Desert, Review Automation Target, Lead Gen Target, 6-10 Reviews, Home Services / Painting",Google Places,Home Services / Painting,,7,5
,,,+15123511744,Handyman and trees,Killeen,TX,,"Digital Desert, Review Automation Target, Lead Gen Target, 1-5 Reviews, Home Services / Handyman",Google Places,Home Services / Handyman,,4,5
,,,+12544235939,CP Handyman Service and Repairs,Killeen,TX,http://www.facebook.com/CPHandyman254,"Digital Desert, Review Automation Target, Lead Gen Target, 0 Reviews - Highest Priority, Home Services / Handyman",Google Places,Home Services / Handyman,,0,
,,,+12543934470,Affordable Handyman & Cleaning Services,Killeen,TX,,"Digital Desert, Review Automation Target, Lead Gen Target, 1-5 Reviews, Home Services / Handyman",Google Places,Home Services / Handyman,,1,5
,,,+12542301018,Terminix,Killeen,TX,https://www.terminix.com/exterminators/tx/killeen-211051/?utm_source=gmb-listing&utm_medium=organic&utm_campaign=satellite_211051&utm_term=killeen,"Digital Desert, Review Automation Target, Lead Gen Target, 1-5 Reviews, Home Services / Pest Control",Google Places,Home Services / Pest Control,,3,5
,,,,Killeen Pest Control Lawn Care,Killeen,TX,,"Digital Desert, Review Automation Target, Lead Gen Target, 1-5 Reviews, Home Services / Pest Control",Google Places,Home Services / Pest Control,,1,5
,,,+15126303000,Oak Springs Fence Co.,Killeen,TX,,"Digital Desert, Review Automation Target, Lead Gen Target, 1-5 Reviews, Home Services / Fencing",Google Places,Home Services / Fencing,,3,4.7
,,,+12546556378,Inground Swimming Pool Cleaning and Service Company Killeen,Killeen,TX,,"Digital Desert, Review Automation Target, Lead Gen Target, 1-5 Reviews, Home Services / Pool",Google Places,Home Services / Pool,,3,3.3
,,,+12544234032,Total Shine Solution LLC,Killeen,TX,,"Digital Desert, Review Automation Target, Lead Gen Target, 1-5 Reviews, Home Services / Gutters",Google Places,Home Services / Gutters,,3,5
,,,+13472233889,Salon M,Killeen,TX,https://www.salonmtx.com/,"Digital Desert, Review Automation Target, Lead Gen Target, 11-25 Reviews, Beauty / Hair Salon",Google Places,Beauty / Hair Salon,,19,5
,,,+16267317928,Zenflow Massage Health and Wellness,Killeen,TX,,"Digital Desert, Review Automation Target, Lead Gen Target, 11-25 Reviews, Beauty / Massage",Google Places,Beauty / Massage,,12,5
,,,+12542812492,Massage Studio killeen,Killeen,TX,,"Digital Desert, Review Automation Target, Lead Gen Target, 1-5 Reviews, Beauty / Massage",Google Places,Beauty / Massage,,3,5
,,,+12544584765,Boujee Girl Beauty Bar,Killeen,TX,,"Digital Desert, Review Automation Target, Lead Gen Target, 11-25 Reviews, Beauty / Salon",Google Places,Beauty / Salon,,14,4.9
,,,+12542255495,One Stop Tire Shop,Killeen,TX,,"Digital Desert, Review Automation Target, Lead Gen Target, 6-10 Reviews, Auto Services / Tires",Google Places,Auto Services / Tires,,6,5
,,,+12542476685,M&J Tire Shop,Killeen,TX,,"Digital Desert, Review Automation Target, Lead Gen Target, 11-25 Reviews, Auto Services / Tires",Google Places,Auto Services / Tires,,18,5
,,,+18447197837,Seven1Nine Suds Car Wash,Killeen,TX,,"Digital Desert, Review Automation Target, Lead Gen Target, 1-5 Reviews, Auto Services / Car Wash",Google Places,Auto Services / Car Wash,,2,3.5
,,,,SGT Suds,Killeen,TX,,"Digital Desert, Review Automation Target, Lead Gen Target, 11-25 Reviews, Auto Services / Car Wash",Google Places,Auto Services / Car Wash,,13,4.1
,,,+12547683234,Wet work paint & body,Killeen,TX,,"Digital Desert, Review Automation Target, Lead Gen Target, 1-5 Reviews, Auto Services / Body Shop",Google Places,Auto Services / Body Shop,,1,5
,,,+12543716323,Casa Rosy,Killeen,TX,http://casarosytx.com/,"Digital Desert, Review Automation Target, Lead Gen Target, 11-25 Reviews, Food & Beverage / Taqueria",Google Places,Food & Beverage / Taqueria,,15,5
,,,,Taqueria Morales,Killeen,TX,,"Digital Desert, Review Automation Target, Lead Gen Target, 11-25 Reviews, Food & Beverage / Taqueria",Google Places,Food & Beverage / Taqueria,,14,3.4
,,,+15129965440,Que Rico Tacos Y Mas #2,Killeen,TX,,"Digital Desert, Review Automation Target, Lead Gen Target, 1-5 Reviews, Food & Beverage / Taqueria",Google Places,Food & Beverage / Taqueria,,5,5
,,,+15127016888,Food 4 Yo Soul LLC,Killeen,TX,,"Digital Desert, Review Automation Target, Lead Gen Target, 11-25 Reviews, Food & Beverage / Food Truck",Google Places,Food & Beverage / Food Truck,,20,4.3
,,,+15126989284,Rowdy’s chicken halal,Killeen,TX,,"Digital Desert, Review Automation Target, Lead Gen Target, 1-5 Reviews, Food & Beverage / Food Truck",Google Places,Food & Beverage / Food Truck,,4,5
,,,,Colombia Fast Food Truck,Killeen,TX,,"Digital Desert, Review Automation Target, Lead Gen Target, 6-10 Reviews, Food & Beverage / Food Truck",Google Places,Food & Beverage / Food Truck,,8,5
,,,+12542066935,Street Spuds,Killeen,TX,,"Digital Desert, Review Automation Target, Lead Gen Target, 6-10 Reviews, Food & Beverage / Food Truck",Google Places,Food & Beverage / Food Truck,,9,4.6
,,,+17379325033,Ray Ray's Kitchen,Killeen,TX,https://www.facebook.com/rayrayskitchens/,"Digital Desert, Review Automation Target, Lead Gen Target, 11-25 Reviews, Food & Beverage / Food Truck",Google Places,Food & Beverage / Food Truck,,20,4.2
,,,+12544080777,Pimpin Chickenz,Killeen,TX,,"Digital Desert, Review Automation Target, Lead Gen Target, 11-25 Reviews, Food & Beverage / Food Truck",Google Places,Food & Beverage / Food Truck,,22,4.4
,,,,Darling Sweets,Killeen,TX,,"Digital Desert, Review Automation Target, Lead Gen Target, 1-5 Reviews, Food & Beverage / Bakery",Google Places,Food & Beverage / Bakery,,3,5
,,,+12543191004,Sugar and Spice Bakery,Killeen,TX,,"Digital Desert, Review Automation Target, Lead Gen Target, 0 Reviews - Highest Priority, Food & Beverage / Bakery",Google Places,Food & Beverage / Bakery,,0,
,,,+12545169321,Suga's Ice Cream,Killeen,TX,,"Digital Desert, Review Automation Target, Lead Gen Target, 11-25 Reviews, Food & Beverage / Ice Cream",Google Places,Food & Beverage / Ice Cream,,16,5
,,,+15129858374,American Maid Cleaning Company,Killeen,TX,,"Digital Desert, Review Automation Target, Lead Gen Target, 6-10 Reviews, Cleaning / Residential",Google Places,Cleaning / Residential,,6,4.3
,,,+12815065325,Fanny’sCleaningService,Killeen,TX,,"Digital Desert, Review Automation Target, Lead Gen Target, 1-5 Reviews, Cleaning / Residential",Google Places,Cleaning / Residential,,5,5
,,,+14154108310,Gabriela'S House Cleaning,Killeen,TX,,"Digital Desert, Review Automation Target, Lead Gen Target, 0 Reviews - Highest Priority, Cleaning / Residential",Google Places,Cleaning / Residential,,0,
,,,+12542209061,Maid For You,Killeen,TX,,"Digital Desert, Review Automation Target, Lead Gen Target, 1-5 Reviews, Cleaning / Residential",Google Places,Cleaning / Residential,,1,5
,,,+12543384928,Latham's Cleaning Services,Killeen,TX,,"Digital Desert, Review Automation Target, Lead Gen Target, 6-10 Reviews, Cleaning / Commercial",Google Places,Cleaning / Commercial,,7,4.7
,,,+12549876440,Pristine Building Maintenance,Killeen,TX,http://pbmtx.com/,"Digital Desert, Review Automation Target, Lead Gen Target, 11-25 Reviews, Cleaning / Commercial",Google Places,Cleaning / Commercial,,17,4.5
,,,+12546130682,Golden Touch Floor Services,Killeen,TX,,"Digital Desert, Review Automation Target, Lead Gen Target, 11-25 Reviews, Cleaning / Carpet",Google Places,Cleaning / Carpet,,13,4.9
,,,+15122299182,GOLDEN RULE CARPET CLEANERS,Killeen,TX,,"Digital Desert, Review Automation Target, Lead Gen Target, 11-25 Reviews, Cleaning / Carpet",Google Places,Cleaning / Carpet,,19,5
,,,+12543390595,Express Pressure Washing,Killeen,TX,https://xpresswashingtx.com/,"Digital Desert, Review Automation Target, Lead Gen Target, 11-25 Reviews, Cleaning / Pressure Washing",Google Places,Cleaning / Pressure Washing,,23,5
,,,+12544002580,Under Pressure Washing,Killeen,TX,http://unwashtx.com/,"Digital Desert, Review Automation Target, Lead Gen Target, 11-25 Reviews, Cleaning / Pressure Washing",Google Places,Cleaning / Pressure Washing,,25,5
,,,+12545166476,Aquashine,Killeen,TX,,"Digital Desert, Review Automation Target, Lead Gen Target, 1-5 Reviews, Cleaning / Pressure Washing",Google Places,Cleaning / Pressure Washing,,4,5
,,,+12135871755,JJ&D Lawn Care,Killeen,TX,,"Digital Desert, Review Automation Target, Lead Gen Target, 11-25 Reviews, Landscaping / Lawn Care",Google Places,Landscaping / Lawn Care,,12,5
,,,+12546811174,"Little Shadows CDC, Killeen, Texas 76542",Killeen,TX,,"Digital Desert, Review Automation Target, Lead Gen Target, 11-25 Reviews, Childcare / Daycare",Google Places,Childcare / Daycare,,18,4.8
,,,+12542811247,Tiny Tikes Daycare LLC,Killeen,TX,,"Digital Desert, Review Automation Target, Lead Gen Target, 6-10 Reviews, Childcare / Daycare",Google Places,Childcare / Daycare,,7,5
,,,+12546347911,Unique Child Development Center,Killeen,TX,,"Digital Desert, Review Automation Target, Lead Gen Target, 11-25 Reviews, Childcare / Daycare",Google Places,Childcare / Daycare,,12,4.8
,,,+12542131504,We Inspire Little Minds 2 CDC,Killeen,TX,,"Digital Desert, Review Automation Target, Lead Gen Target, 6-10 Reviews, Childcare / Daycare",Google Places,Childcare / Daycare,,7,5
,,,,Learn and Play Center,Killeen,TX,,"Digital Desert, Review Automation Target, Lead Gen Target, 6-10 Reviews, Childcare / Daycare",Google Places,Childcare / Daycare,,10,4.9
,,,+12542907720,Mends for You,Killeen,TX,,"Digital Desert, Review Automation Target, Lead Gen Target, 0 Reviews - Highest Priority, Retail / Alterations",Google Places,Retail / Alterations,,0,
,,,+12543143064,Aquilah's mobile Notary services,Killeen,TX,,"Digital Desert, Review Automation Target, Lead Gen Target, 1-5 Reviews, Professional / Notary",Google Places,Professional / Notary,,4,5
,,,+12544583332,She Signs Mobile Notary,Killeen,TX,,"Digital Desert, Review Automation Target, Lead Gen Target, 1-5 Reviews, Professional / Notary",Google Places,Professional / Notary,,5,5
,,,+12544667186,Ra Jaxon Photography & Design Studio,Killeen,TX,,"Digital Desert, Review Automation Target, Lead Gen Target, 1-5 Reviews, Creative / Photography",Google Places,Creative / Photography,,2,5
,,,+12543681825,Picture Perfect Selfie Studio,Killeen,TX,,"Digital Desert, Review Automation Target, Lead Gen Target, 1-5 Reviews, Creative / Photography",Google Places,Creative / Photography,,4,3
,,,+12544661315,FireHouse Ranch BBQ and Catering,Killeen,TX,,"Digital Desert, Review Automation Target, Lead Gen Target, 1-5 Reviews, Food & Beverage / Catering",Google Places,Food & Beverage / Catering,,2,5
,,,+12543930181,Bubble Pups,Killeen,TX,https://www.facebook.com/share/1AonYG4qpd/?mibextid=wwXIfr,"Digital Desert, Review Automation Target, Lead Gen Target, 11-25 Reviews, Pet Services / Grooming",Google Places,Pet Services / Grooming,,12,5
,,,+12252396817,Cujo & Co. LLC DOG BOARDING,Killeen,TX,,"Digital Desert, Review Automation Target, Lead Gen Target, 6-10 Reviews, Pet Services / Boarding",Google Places,Pet Services / Boarding,,6,5
,,,+12547183258,Alyssa’s Happy Paws,Killeen,TX,https://www.instagram.com/happy.paws.pet.boarding?igsh=NHJkYm1ieWozMzdq&utm_source=qr,"Digital Desert, Review Automation Target, Lead Gen Target, 6-10 Reviews, Pet Services / Boarding",Google Places,Pet Services / Boarding,,10,5
,,,+12547168849,White's Plumbing,Waco,TX,,"Digital Desert, Review Automation Target, Lead Gen Target, 11-25 Reviews, Home Services / Plumbing",Google Places,Home Services / Plumbing,,19,4.3
,,,+12547491655,Alliance Electrical Group,Waco,TX,https://www.aegrouptx.com/,"Digital Desert, Review Automation Target, Lead Gen Target, 11-25 Reviews, Home Services / Electrical",Google Places,Home Services / Electrical,,15,5
,,,+12547562135,Nemmer Electric and Datacom,Waco,TX,http://www.neitx.com/,"Digital Desert, Review Automation Target, Lead Gen Target, 11-25 Reviews, Home Services / Electrical",Google Places,Home Services / Electrical,,16,4.7
,,,+12547546615,Tom Segars Electric Co,Waco,TX,,"Digital Desert, Review Automation Target, Lead Gen Target, 1-5 Reviews, Home Services / Electrical",Google Places,Home Services / Electrical,,1,5
,,,+12543792805,W.E. Electric,Waco,TX,,"Digital Desert, Review Automation Target, Lead Gen Target, 1-5 Reviews, Home Services / Electrical",Google Places,Home Services / Electrical,,4,4.5
,,,+12542142382,Arjon Painting,Waco,TX,,"Digital Desert, Review Automation Target, Lead Gen Target, 6-10 Reviews, Home Services / Painting",Google Places,Home Services / Painting,,7,5
,,,+18176803145,The Hillsboro Handyman,Waco,TX,,"Digital Desert, Review Automation Target, Lead Gen Target, 6-10 Reviews, Home Services / Handyman",Google Places,Home Services / Handyman,,9,5
,,,+12542625565,R&D Pest Control,Waco,TX,http://rdpestcontroltx.com/,"Digital Desert, Review Automation Target, Lead Gen Target, 11-25 Reviews, Home Services / Pest Control",Google Places,Home Services / Pest Control,,13,4.9
,,,+12547095150,999 Fencing & Building Co.,Waco,TX,,"Digital Desert, Review Automation Target, Lead Gen Target, 11-25 Reviews, Home Services / Fencing",Google Places,Home Services / Fencing,,14,4.7
,,,+12548705950,"Pinnacle Fence, LLC",Waco,TX,,"Digital Desert, Review Automation Target, Lead Gen Target, 11-25 Reviews, Home Services / Fencing",Google Places,Home Services / Fencing,,11,3.5
,,,+12547491156,Mid-Tex Fence & Repair Co Inc,Waco,TX,,"Digital Desert, Review Automation Target, Lead Gen Target, 1-5 Reviews, Home Services / Fencing",Google Places,Home Services / Fencing,,3,3.7
,,,+12546445465,Elite Pool Services & Repair,Waco,TX,,"Digital Desert, Review Automation Target, Lead Gen Target, 0 Reviews - Highest Priority, Home Services / Pool",Google Places,Home Services / Pool,,0,
,,,+12547765555,Direct Appliance Repair,Waco,TX,,"Digital Desert, Review Automation Target, Lead Gen Target, 11-25 Reviews, Home Services / Appliance Repair",Google Places,Home Services / Appliance Repair,,12,3.8
,,,+12547726420,Austin-Closs Co Inc,Waco,TX,,"Digital Desert, Review Automation Target, Lead Gen Target, 11-25 Reviews, Home Services / Appliance Repair",Google Places,Home Services / Appliance Repair,,22,4.5
,,,+12542183008,Professional Gutter Services of Waco,Waco,TX,,"Digital Desert, Review Automation Target, Lead Gen Target, 1-5 Reviews, Home Services / Gutters",Google Places,Home Services / Gutters,,1,5
,,,+12543016848,OptiClean Rain Gutters,Waco,TX,,"Digital Desert, Review Automation Target, Lead Gen Target, 1-5 Reviews, Home Services / Gutters",Google Places,Home Services / Gutters,,4,5
,,,+12542623148,Diamond Gutters,Waco,TX,,"Digital Desert, Review Automation Target, Lead Gen Target, 1-5 Reviews, Home Services / Gutters",Google Places,Home Services / Gutters,,1,5
,,,+12542656763,Fast Gutter Pros,Waco,TX,,"Digital Desert, Review Automation Target, Lead Gen Target, 1-5 Reviews, Home Services / Gutters",Google Places,Home Services / Gutters,,1,5
,,,+12545235614,OriginalFades Barbershop,Waco,TX,,"Digital Desert, Review Automation Target, Lead Gen Target, 11-25 Reviews, Beauty / Barber",Google Places,Beauty / Barber,,11,5
,,,+12543004025,The Suites By J-CO,Waco,TX,https://www.facebook.com/share/1D35oPURu2/?mibextid=wwXIfr,"Digital Desert, Review Automation Target, Lead Gen Target, 11-25 Reviews, Beauty / Salon",Google Places,Beauty / Salon,,21,5
,,,+12547175254,Erika🦋Aesthetics,Waco,TX,,"Digital Desert, Review Automation Target, Lead Gen Target, 11-25 Reviews, Beauty / Lash Studio",Google Places,Beauty / Lash Studio,,12,5
,,,+12544206084,Lash Out,Waco,TX,,"Digital Desert, Review Automation Target, Lead Gen Target, 6-10 Reviews, Beauty / Lash Studio",Google Places,Beauty / Lash Studio,,6,5
,,,+12542948851,Relax & Wax Authentic Brazilian Wax & Sugaring,Waco,TX,https://www.relaxandwax.com/,"Digital Desert, Review Automation Target, Lead Gen Target, 6-10 Reviews, Beauty / Waxing",Google Places,Beauty / Waxing,,9,4.9
,,,+12542628127,Rainy Daze Tattoo Studio,Waco,TX,https://www.instagram.com/rainydazetattoo?igsh=eng5Z204aWNuYXB3,"Digital Desert, Review Automation Target, Lead Gen Target, 11-25 Reviews, Beauty / Tattoo",Google Places,Beauty / Tattoo,,13,5
,,,+12544293698,N.V.US INK,Waco,TX,,"Digital Desert, Review Automation Target, Lead Gen Target, 11-25 Reviews, Beauty / Tattoo",Google Places,Beauty / Tattoo,,16,4.5
,,,+12542628155,Star Ink 2,Waco,TX,,"Digital Desert, Review Automation Target, Lead Gen Target, 6-10 Reviews, Beauty / Tattoo",Google Places,Beauty / Tattoo,,6,5
,,,+12543662350,Rooted Aesthetics & Paramedical Tattoo,Waco,TX,,"Digital Desert, Review Automation Target, Lead Gen Target, 1-5 Reviews, Beauty / Tattoo",Google Places,Beauty / Tattoo,,5,5
,,,+12547166380,J&M Tire Service,Waco,TX,,"Digital Desert, Review Automation Target, Lead Gen Target, 11-25 Reviews, Auto Services / Tires",Google Places,Auto Services / Tires,,17,4.5
,,,,Genie Self Service Car Wash,Waco,TX,,"Digital Desert, Review Automation Target, Lead Gen Target, 11-25 Reviews, Auto Services / Car Wash",Google Places,Auto Services / Car Wash,,18,3.6
,,,+12547997500,First Choice Autos & Waco Collision Repair,Waco,TX,https://www.facebook.com/firstchoiceautos12/,"Digital Desert, Review Automation Target, Lead Gen Target, 11-25 Reviews, Auto Services / Body Shop",Google Places,Auto Services / Body Shop,,25,4.9
,,,+12549006499,Ricky's Auto Touch up and Collision,Waco,TX,,"Digital Desert, Review Automation Target, Lead Gen Target, 11-25 Reviews, Auto Services / Body Shop",Google Places,Auto Services / Body Shop,,12,5
,,,,The Apple Gal,Waco,TX,,"Digital Desert, Review Automation Target, Lead Gen Target, 11-25 Reviews, Food & Beverage / Bakery",Google Places,Food & Beverage / Bakery,,12,4.7
,,,+12547154690,Lil Mo's Tamales & More,Waco,TX,,"Digital Desert, Review Automation Target, Lead Gen Target, 1-5 Reviews, Food & Beverage / Tamales",Google Places,Food & Beverage / Tamales,,1,5
,,,+12546666737,MTO Clean,Waco,TX,,"Digital Desert, Review Automation Target, Lead Gen Target, 6-10 Reviews, Cleaning / Commercial",Google Places,Cleaning / Commercial,,10,4.8
,,,+12542350930,Simple Solutions,Waco,TX,http://www.ssoftx.com/,"Digital Desert, Review Automation Target, Lead Gen Target, 6-10 Reviews, Cleaning / Carpet",Google Places,Cleaning / Carpet,,8,4.5
,,,+12547521133,Carpet Warehouse and Mill Outlet,Waco,TX,,"Digital Desert, Review Automation Target, Lead Gen Target, 6-10 Reviews, Cleaning / Carpet",Google Places,Cleaning / Carpet,,9,4.8
,,,+12542185893,CHAOS POWER WASHING,Waco,TX,,"Digital Desert, Review Automation Target, Lead Gen Target, 1-5 Reviews, Cleaning / Pressure Washing",Google Places,Cleaning / Pressure Washing,,1,5
,,,+12543405907,Productsrgoodtobuy Pressure Washing Services,Waco,TX,,"Digital Desert, Review Automation Target, Lead Gen Target, 1-5 Reviews, Cleaning / Pressure Washing",Google Places,Cleaning / Pressure Washing,,5,5
,,,+12547219162,Albeiro’s Green Touch Landscape & Haul Off Services,Waco,TX,,"Digital Desert, Review Automation Target, Lead Gen Target, 11-25 Reviews, Landscaping",Google Places,Landscaping,,18,5
,,,+12546407644,Benitez Tree and Shrub Service LLC,Waco,TX,,"Digital Desert, Review Automation Target, Lead Gen Target, 11-25 Reviews, Landscaping / Tree",Google Places,Landscaping / Tree,,25,4.9
,,,+12547141889,Childrens First Learning Center,Waco,TX,,"Digital Desert, Review Automation Target, Lead Gen Target, 11-25 Reviews, Childcare / Daycare",Google Places,Childcare / Daycare,,16,5
,,,+12545772199,Miss Tt's Childcare,Waco,TX,,"Digital Desert, Review Automation Target, Lead Gen Target, 6-10 Reviews, Childcare / Daycare",Google Places,Childcare / Daycare,,10,5
,,,+12547992888,WSGBC Daycare Center,Waco,TX,,"Digital Desert, Review Automation Target, Lead Gen Target, 6-10 Reviews, Childcare / Daycare",Google Places,Childcare / Daycare,,7,5
,,,+12542246011,Akki’s little angel infant academy,Waco,TX,,"Digital Desert, Review Automation Target, Lead Gen Target, 6-10 Reviews, Childcare / Daycare",Google Places,Childcare / Daycare,,7,5
,,,+12547530195,Ms Ida's Child Care Development Center,Waco,TX,,"Digital Desert, Review Automation Target, Lead Gen Target, 1-5 Reviews, Childcare / Daycare",Google Places,Childcare / Daycare,,5,4.2
,,,+12545500116,Get It Gone Moving,Waco,TX,https://www.facebook.com/LeanMeanMovingMachine/,"Digital Desert, Review Automation Target, Lead Gen Target, 6-10 Reviews, Moving & Storage",Google Places,Moving & Storage,,7,4.4
,,,+12547720735,Janek Moving Services,Waco,TX,,"Digital Desert, Review Automation Target, Lead Gen Target, 6-10 Reviews, Moving & Storage",Google Places,Moving & Storage,,8,3.5
,,,+12547177441,TNT Moving Services,Waco,TX,,"Digital Desert, Review Automation Target, Lead Gen Target, 11-25 Reviews, Moving & Storage",Google Places,Moving & Storage,,11,2.2
,,,+12546246943,Quick Threads Alterations,Waco,TX,,"Digital Desert, Review Automation Target, Lead Gen Target, 11-25 Reviews, Retail / Alterations",Google Places,Retail / Alterations,,24,4.5
,,,+12547720745,Fashion Fitter,Waco,TX,,"Digital Desert, Review Automation Target, Lead Gen Target, 11-25 Reviews, Retail / Alterations",Google Places,Retail / Alterations,,15,2.9
,,,,COIN LAUNDRY,Waco,TX,,"Digital Desert, Review Automation Target, Lead Gen Target, 6-10 Reviews, Retail / Laundromat",Google Places,Retail / Laundromat,,8,3.3
,,,,Wash-N-Dry,Waco,TX,,"Digital Desert, Review Automation Target, Lead Gen Target, 1-5 Reviews, Retail / Laundromat",Google Places,Retail / Laundromat,,3,3.7
,,,,The Laundry Room,Waco,TX,,"Digital Desert, Review Automation Target, Lead Gen Target, 11-25 Reviews, Retail / Laundromat",Google Places,Retail / Laundromat,,20,3.8
,,,+12542963600,Fresh and fast,Waco,TX,,"Digital Desert, Review Automation Target, Lead Gen Target, 11-25 Reviews, Retail / Laundromat",Google Places,Retail / Laundromat,,23,3.8
,,,,COIN LAUNDROMAT,Waco,TX,,"Digital Desert, Review Automation Target, Lead Gen Target, 0 Reviews - Highest Priority, Retail / Laundromat",Google Places,Retail / Laundromat,,0,
,,,+12546335517,Waco Notary Now,Waco,TX,,"Digital Desert, Review Automation Target, Lead Gen Target, 11-25 Reviews, Professional / Notary",Google Places,Professional / Notary,,18,5
,,,+12547097338,First Sight Photography Boudoir & Glamour Studio,Waco,TX,http://www.firstsighttx.com/,"Digital Desert, Review Automation Target, Lead Gen Target, 11-25 Reviews, Creative / Photography",Google Places,Creative / Photography,,19,4.9
,,,+12543070221,Genetra White Photography,Waco,TX,,"Digital Desert, Review Automation Target, Lead Gen Target, 11-25 Reviews, Creative / Photography",Google Places,Creative / Photography,,14,4.4
,,,+12545237109,DFW Catering & Entertainment,Waco,TX,https://linktr.ee/dfwcateringent,"Digital Desert, Review Automation Target, Lead Gen Target, 6-10 Reviews, Food & Beverage / Catering",Google Places,Food & Beverage / Catering,,8,4.5
,,,+12543168282,Under the Oak Dog Grooming LLC,Waco,TX,,"Digital Desert, Review Automation Target, Lead Gen Target, 11-25 Reviews, Pet Services / Grooming",Google Places,Pet Services / Grooming,,11,4.3
,,,+19727419203,Elite Paws Mobile Grooming Salon,Waco,TX,,"Digital Desert, Review Automation Target, Lead Gen Target, 11-25 Reviews, Pet Services / Grooming",Google Places,Pet Services / Grooming,,15,3.7
,,,+19036056606,Edison Electricians of Tyler,Tyler,TX,,"Digital Desert, Review Automation Target, Lead Gen Target, 1-5 Reviews, Home Services / Electrical",Google Places,Home Services / Electrical,,4,5
,,,+19035259738,Salgado Painting,Tyler,TX,,"Digital Desert, Review Automation Target, Lead Gen Target, 11-25 Reviews, Home Services / Painting",Google Places,Home Services / Painting,,18,4.4
,,,+19035616245,Campbell Paint & Wallcovering,Tyler,TX,https://www.campbellpaintetx.com/,"Digital Desert, Review Automation Target, Lead Gen Target, 1-5 Reviews, Home Services / Painting",Google Places,Home Services / Painting,,4,5
,,,+16508890165,Quality Handyman and Remodeling,Tyler,TX,,"Digital Desert, Review Automation Target, Lead Gen Target, 1-5 Reviews, Home Services / Handyman",Google Places,Home Services / Handyman,,1,5
,,,+19039417253,Handyman East Texas,Tyler,TX,,"Digital Desert, Review Automation Target, Lead Gen Target, 1-5 Reviews, Home Services / Handyman",Google Places,Home Services / Handyman,,5,3.2
,,,+19037476509,Tyler Handyman Company,Tyler,TX,,"Digital Desert, Review Automation Target, Lead Gen Target, 0 Reviews - Highest Priority, Home Services / Handyman",Google Places,Home Services / Handyman,,0,
,,,+19034379059,L and N Fencing LLC,Tyler,TX,https://landnfencingtylertx.com/,"Digital Desert, Review Automation Target, Lead Gen Target, 6-10 Reviews, Home Services / Fencing",Google Places,Home Services / Fencing,,7,5
,,,+19032798003,AquaTex Solutions Pool Service,Tyler,TX,,"Digital Desert, Review Automation Target, Lead Gen Target, 1-5 Reviews, Home Services / Pool",Google Places,Home Services / Pool,,5,5
,,,+19033090157,Appliance Revival,Tyler,TX,,"Digital Desert, Review Automation Target, Lead Gen Target, 11-25 Reviews, Home Services / Appliance Repair",Google Places,Home Services / Appliance Repair,,16,5
,,,,Tyler's Appliance Repair Co,Tyler,TX,,"Digital Desert, Review Automation Target, Lead Gen Target, 0 Reviews - Highest Priority, Home Services / Appliance Repair",Google Places,Home Services / Appliance Repair,,0,
,,,+19038591481,Harold's Appliance Repair,Tyler,TX,,"Digital Desert, Review Automation Target, Lead Gen Target, 11-25 Reviews, Home Services / Appliance Repair",Google Places,Home Services / Appliance Repair,,11,4.7
,,,+19038495788,"Allen's Appliance & Satellite Sales, Service LLC",Tyler,TX,http://applianceschandlertx.com/,"Digital Desert, Review Automation Target, Lead Gen Target, 11-25 Reviews, Home Services / Appliance Repair",Google Places,Home Services / Appliance Repair,,20,5
,,,+19036301195,Preventative,Tyler,TX,,"Digital Desert, Review Automation Target, Lead Gen Target, 1-5 Reviews, Home Services / Appliance Repair",Google Places,Home Services / Appliance Repair,,1,5
,,,+13462026007,Gutterworks Gutter Cleaning Service,Tyler,TX,,"Digital Desert, Review Automation Target, Lead Gen Target, 11-25 Reviews, Home Services / Gutters",Google Places,Home Services / Gutters,,20,5
,,,+19037143754,Gutter In-Laws Exterior Cleaning,Tyler,TX,,"Digital Desert, Review Automation Target, Lead Gen Target, 1-5 Reviews, Home Services / Gutters",Google Places,Home Services / Gutters,,1,5
,,,,Barbershop,Tyler,TX,,"Digital Desert, Review Automation Target, Lead Gen Target, 11-25 Reviews, Beauty / Barber",Google Places,Beauty / Barber,,17,4.7
,,,,Mama Doll Lash Studio,Tyler,TX,,"Digital Desert, Review Automation Target, Lead Gen Target, 6-10 Reviews, Beauty / Lash Studio",Google Places,Beauty / Lash Studio,,7,5
,,,,Waxing Moon,Tyler,TX,,"Digital Desert, Review Automation Target, Lead Gen Target, 1-5 Reviews, Beauty / Waxing",Google Places,Beauty / Waxing,,5,5
,,,,Dare To Bare Esthetics,Tyler,TX,,"Digital Desert, Review Automation Target, Lead Gen Target, 6-10 Reviews, Beauty / Waxing",Google Places,Beauty / Waxing,,9,5
,,,+19033433334,Big Boy Tire Shop 24/7 Services,Tyler,TX,https://www.facebook.com/profile.php?id=61581237384482,"Digital Desert, Review Automation Target, Lead Gen Target, 6-10 Reviews, Auto Services / Tires",Google Places,Auto Services / Tires,,6,5
,,,,United States Tire and Brakes,Tyler,TX,,"Digital Desert, Review Automation Target, Lead Gen Target, 1-5 Reviews, Auto Services / Tires",Google Places,Auto Services / Tires,,1,5
,,,,A&C Tire Shop,Tyler,TX,,"Digital Desert, Review Automation Target, Lead Gen Target, 1-5 Reviews, Auto Services / Tires",Google Places,Auto Services / Tires,,4,5
,,,+19036302221,SGP Wheel & Tire L.L.C.(used tires),Tyler,TX,https://www.facebook.com/SGPWheelandTire,"Digital Desert, Review Automation Target, Lead Gen Target, 6-10 Reviews, Auto Services / Tires",Google Places,Auto Services / Tires,,7,5
,,,,Northside Carwash,Tyler,TX,,"Digital Desert, Review Automation Target, Lead Gen Target, 11-25 Reviews, Auto Services / Car Wash",Google Places,Auto Services / Car Wash,,24,4
,,,+19035654980,Specialty Auto Body,Tyler,TX,,"Digital Desert, Review Automation Target, Lead Gen Target, 11-25 Reviews, Auto Services / Body Shop",Google Places,Auto Services / Body Shop,,22,4
,,,+19035703424,Edwards Paint & Body,Tyler,TX,,"Digital Desert, Review Automation Target, Lead Gen Target, 11-25 Reviews, Auto Services / Body Shop",Google Places,Auto Services / Body Shop,,17,5
,,,+19035974314,Pedro's Paint & Body,Tyler,TX,,"Digital Desert, Review Automation Target, Lead Gen Target, 11-25 Reviews, Auto Services / Body Shop",Google Places,Auto Services / Body Shop,,15,5
,,,+19036302482,Olivia's Mexican Restaurant,Tyler,TX,,"Digital Desert, Review Automation Target, Lead Gen Target, 1-5 Reviews, Food & Beverage / Taqueria",Google Places,Food & Beverage / Taqueria,,3,5
,,,+19037879153,Taquería Rojas food truck,Tyler,TX,,"Digital Desert, Review Automation Target, Lead Gen Target, 6-10 Reviews, Food & Beverage / Food Truck",Google Places,Food & Beverage / Food Truck,,10,4.8
,,,+19036304192,Crazy Good Tacos,Tyler,TX,,"Digital Desert, Review Automation Target, Lead Gen Target, 11-25 Reviews, Food & Beverage / Food Truck",Google Places,Food & Beverage / Food Truck,,17,4.4
,,,+19033308829,El Señor De Los Ostiones Seafood On Wheels,Tyler,TX,,"Digital Desert, Review Automation Target, Lead Gen Target, 11-25 Reviews, Food & Beverage / Food Truck",Google Places,Food & Beverage / Food Truck,,21,3.9
,,,+15125744974,Scratch Batch Bakery,Tyler,TX,,"Digital Desert, Review Automation Target, Lead Gen Target, 0 Reviews - Highest Priority, Food & Beverage / Bakery",Google Places,Food & Beverage / Bakery,,0,
,,,+19035716426,Homemade Tamales,Tyler,TX,,"Digital Desert, Review Automation Target, Lead Gen Target, 11-25 Reviews, Food & Beverage / Tamales",Google Places,Food & Beverage / Tamales,,13,4
,,,+19038302099,Happy Donuts,Tyler,TX,,"Digital Desert, Review Automation Target, Lead Gen Target, 11-25 Reviews, Food & Beverage / Donut",Google Places,Food & Beverage / Donut,,14,4.9
,,,+14302662495,Grande Donut&cafe Shop,Tyler,TX,,"Digital Desert, Review Automation Target, Lead Gen Target, 11-25 Reviews, Food & Beverage / Donut",Google Places,Food & Beverage / Donut,,19,4
,,,+19035085626,Village Creamery,Tyler,TX,https://www.villagecreamerytx.com/,"Digital Desert, Review Automation Target, Lead Gen Target, 11-25 Reviews, Food & Beverage / Ice Cream",Google Places,Food & Beverage / Ice Cream,,25,4.7
,,,+19032452109,"The Scoop Factory, LLC",Tyler,TX,,"Digital Desert, Review Automation Target, Lead Gen Target, 0 Reviews - Highest Priority, Food & Beverage / Ice Cream",Google Places,Food & Beverage / Ice Cream,,0,
,,,+19039441676,Toledo Cleaning services,Tyler,TX,,"Digital Desert, Review Automation Target, Lead Gen Target, 11-25 Reviews, Cleaning / Residential",Google Places,Cleaning / Residential,,16,5
,,,+19034333482,"PUMBA Cleaning Service - Professional House Move-In Cleaning, Residential Deep Cleaning",Tyler,TX,,"Digital Desert, Review Automation Target, Lead Gen Target, 1-5 Reviews, Cleaning / Residential",Google Places,Cleaning / Residential,,2,5
,,,+19034075699,Partners In Grime House Cleaning & Make-Ready Service,Tyler,TX,,"Digital Desert, Review Automation Target, Lead Gen Target, 1-5 Reviews, Cleaning / Residential",Google Places,Cleaning / Residential,,4,5
,,,+19037073919,A1 Cleaning Professionals,Tyler,TX,,"Digital Desert, Review Automation Target, Lead Gen Target, 11-25 Reviews, Cleaning / Commercial",Google Places,Cleaning / Commercial,,11,5
,,,+19035926800,CleanMaster Janitorial Service,Tyler,TX,,"Digital Desert, Review Automation Target, Lead Gen Target, 1-5 Reviews, Cleaning / Commercial",Google Places,Cleaning / Commercial,,2,5
,,,+19032162878,Lady La Bees Cleaning Services,Tyler,TX,,"Digital Desert, Review Automation Target, Lead Gen Target, 1-5 Reviews, Cleaning / Commercial",Google Places,Cleaning / Commercial,,2,5
,,,+19034055414,Knight Janitorial Services,Tyler,TX,,"Digital Desert, Review Automation Target, Lead Gen Target, 1-5 Reviews, Cleaning / Commercial",Google Places,Cleaning / Commercial,,1,5
,,,+19039419093,Office Cleaning Tyler,Tyler,TX,,"Digital Desert, Review Automation Target, Lead Gen Target, 1-5 Reviews, Cleaning / Commercial",Google Places,Cleaning / Commercial,,1,5
,,,+19032165252,Kennedy's Cleaning Service,Tyler,TX,,"Digital Desert, Review Automation Target, Lead Gen Target, 1-5 Reviews, Cleaning / Commercial",Google Places,Cleaning / Commercial,,1,2
,,,+19035932141,Turley's Rug & Carpet Cleaners,Tyler,TX,,"Digital Desert, Review Automation Target, Lead Gen Target, 11-25 Reviews, Cleaning / Carpet",Google Places,Cleaning / Carpet,,11,4.3
,,,+19037241046,Robert's Pressure Washing,Tyler,TX,,"Digital Desert, Review Automation Target, Lead Gen Target, 1-5 Reviews, Cleaning / Pressure Washing",Google Places,Cleaning / Pressure Washing,,3,5
,,,+19037059971,Wash It All Pressure Washing Solutions,Tyler,TX,,"Digital Desert, Review Automation Target, Lead Gen Target, 6-10 Reviews, Cleaning / Pressure Washing",Google Places,Cleaning / Pressure Washing,,8,5
,,,+19035706073,Total Lawn Care,Tyler,TX,,"Digital Desert, Review Automation Target, Lead Gen Target, 11-25 Reviews, Landscaping / Lawn Care",Google Places,Landscaping / Lawn Care,,24,5
,,,+19035045482,The Lawn Whisperer LLC,Tyler,TX,https://thelawnwhisperertx.com/,"Digital Desert, Review Automation Target, Lead Gen Target, 6-10 Reviews, Landscaping / Lawn Care",Google Places,Landscaping / Lawn Care,,6,5
,,,+15125506581,Baker’s Lawn Services,Tyler,TX,,"Digital Desert, Review Automation Target, Lead Gen Target, 1-5 Reviews, Landscaping / Lawn Care",Google Places,Landscaping / Lawn Care,,2,5
,,,+19032832922,Medinas Mowing & More,Tyler,TX,,"Digital Desert, Review Automation Target, Lead Gen Target, 1-5 Reviews, Landscaping / Lawn Care",Google Places,Landscaping / Lawn Care,,1,5
,,,+19035085690,Live Oaks Childcare,Tyler,TX,,"Digital Desert, Review Automation Target, Lead Gen Target, 11-25 Reviews, Childcare / Daycare",Google Places,Childcare / Daycare,,15,4.5
,,,+19035710152,Angela's Little Angels,Tyler,TX,,"Digital Desert, Review Automation Target, Lead Gen Target, 6-10 Reviews, Childcare / Daycare",Google Places,Childcare / Daycare,,10,2.6
,,,+19035267505,Tiny Town Learning Center,Tyler,TX,http://tinytownlearningcentertx.com/,"Digital Desert, Review Automation Target, Lead Gen Target, 11-25 Reviews, Childcare / Daycare",Google Places,Childcare / Daycare,,21,3.6
,,,+19035924180,Ebenezer's Day Care Center,Tyler,TX,,"Digital Desert, Review Automation Target, Lead Gen Target, 6-10 Reviews, Childcare / Daycare",Google Places,Childcare / Daycare,,10,4.6
,,,+19035330812,Visions of Learning Child Care,Tyler,TX,,"Digital Desert, Review Automation Target, Lead Gen Target, 6-10 Reviews, Childcare / Daycare",Google Places,Childcare / Daycare,,6,4.5
,,,+19036304820,B&C Premier Alterations and More LLC,Tyler,TX,https://m.facebook.com/profile.php?id=61556267521593&name=xhp_nt__fb__action__open_user,"Digital Desert, Review Automation Target, Lead Gen Target, 6-10 Reviews, Retail / Alterations",Google Places,Retail / Alterations,,8,4.5
,,,,Washday Laundry,Tyler,TX,,"Digital Desert, Review Automation Target, Lead Gen Target, 6-10 Reviews, Retail / Laundromat",Google Places,Retail / Laundromat,,8,4.5
,,,,Soaperior Laundry Lounge,Tyler,TX,,"Digital Desert, Review Automation Target, Lead Gen Target, 6-10 Reviews, Retail / Laundromat",Google Places,Retail / Laundromat,,7,4.1
,,,,Washday laundry,Tyler,TX,,"Digital Desert, Review Automation Target, Lead Gen Target, 11-25 Reviews, Retail / Laundromat",Google Places,Retail / Laundromat,,20,4.3
,,,,A Time To wash,Tyler,TX,,"Digital Desert, Review Automation Target, Lead Gen Target, 11-25 Reviews, Retail / Laundromat",Google Places,Retail / Laundromat,,18,4.2
,,,+19035211634,"Sign Here! Notary, Apostille & Tax Solutions LLC",Tyler,TX,,"Digital Desert, Review Automation Target, Lead Gen Target, 1-5 Reviews, Professional / Notary",Google Places,Professional / Notary,,1,5
,,,+19035284381,Mobile Notary Texas,Tyler,TX,,"Digital Desert, Review Automation Target, Lead Gen Target, 0 Reviews - Highest Priority, Professional / Notary",Google Places,Professional / Notary,,0,
,,,+19033433052,Notary Public,Tyler,TX,,"Digital Desert, Review Automation Target, Lead Gen Target, 1-5 Reviews, Professional / Notary",Google Places,Professional / Notary,,2,5
,,,+19037477036,Social ETX ; Event and Photography studio,Tyler,TX,http://www.socialetx.com/,"Digital Desert, Review Automation Target, Lead Gen Target, 1-5 Reviews, Creative / Photography",Google Places,Creative / Photography,,4,5
,,,+16825210470,Portraits by Diya,Tyler,TX,,"Digital Desert, Review Automation Target, Lead Gen Target, 1-5 Reviews, Creative / Photography",Google Places,Creative / Photography,,3,5
,,,+19039393588,Studio Alley,Tyler,TX,,"Digital Desert, Review Automation Target, Lead Gen Target, 1-5 Reviews, Creative / Photography",Google Places,Creative / Photography,,1,5
,,,+19032620110,Little Poppy by Heather LeeAnn,Tyler,TX,,"Digital Desert, Review Automation Target, Lead Gen Target, 11-25 Reviews, Creative / Photography",Google Places,Creative / Photography,,17,5
,,,+19039207706,The 903 Market,Tyler,TX,https://www.facebook.com/azaleacateringcompany/,"Digital Desert, Review Automation Target, Lead Gen Target, 1-5 Reviews, Food & Beverage / Catering",Google Places,Food & Beverage / Catering,,3,5
,,,+19035706310,Doggy Style Groomers,Tyler,TX,,"Digital Desert, Review Automation Target, Lead Gen Target, 11-25 Reviews, Pet Services / Grooming",Google Places,Pet Services / Grooming,,20,4.4
,,,+19038041408,Pines and Paws,Tyler,TX,,"Digital Desert, Review Automation Target, Lead Gen Target, 11-25 Reviews, Pet Services / Grooming",Google Places,Pet Services / Grooming,,17,5
,,,+19035749326,GROOMING TAILS PET SPA,Tyler,TX,,"Digital Desert, Review Automation Target, Lead Gen Target, 1-5 Reviews, Pet Services / Grooming",Google Places,Pet Services / Grooming,,3,5
,,,+19034970346,Pampered paws pet spa,Tyler,TX,,"Digital Desert, Review Automation Target, Lead Gen Target, 1-5 Reviews, Pet Services / Grooming",Google Places,Pet Services / Grooming,,4,4.8
,,,,Off Broadway Grooming By Scot,Tyler,TX,,"Digital Desert, Review Automation Target, Lead Gen Target, 1-5 Reviews, Pet Services / Grooming",Google Places,Pet Services / Grooming,,3,5
,,,+13258997791,Montgomery Plumbing,Abilene,TX,https://montgomeryplumbingtx.com/,"Digital Desert, Review Automation Target, Lead Gen Target, 11-25 Reviews, Home Services / Plumbing",Google Places,Home Services / Plumbing,,17,5
,,,+13254844090,The Plumbing Doctor,Abilene,TX,,"Digital Desert, Review Automation Target, Lead Gen Target, 11-25 Reviews, Home Services / Plumbing",Google Places,Home Services / Plumbing,,13,4.1
,,,+13256735382,Watson Electric & HVAC,Abilene,TX,https://www.watsonelectrictx.com/,"Digital Desert, Review Automation Target, Lead Gen Target, 11-25 Reviews, Home Services / Electrical",Google Places,Home Services / Electrical,,13,4.1
,,,+13255148240,ATX Electric,Abilene,TX,,"Digital Desert, Review Automation Target, Lead Gen Target, 6-10 Reviews, Home Services / Electrical",Google Places,Home Services / Electrical,,9,4.6
,,,+13257210859,Trinity Service Pros,Abilene,TX,https://trinityserviceprostx.com/,"Digital Desert, Review Automation Target, Lead Gen Target, 11-25 Reviews, Home Services / Electrical",Google Places,Home Services / Electrical,,13,5
,,,+13256739669,Sconyers Electric Co,Abilene,TX,,"Digital Desert, Review Automation Target, Lead Gen Target, 1-5 Reviews, Home Services / Electrical",Google Places,Home Services / Electrical,,5,4.8
,,,,✅Clear Choice Roofing of West Texas,Abilene,TX,http://clearchoiceroofingwtx.com/,"Digital Desert, Review Automation Target, Lead Gen Target, 11-25 Reviews, Home Services / Roofing",Google Places,Home Services / Roofing,,11,5
,,,+13256685356,All Star Roofing,Abilene,TX,,"Digital Desert, Review Automation Target, Lead Gen Target, 11-25 Reviews, Home Services / Roofing",Google Places,Home Services / Roofing,,16,4.5
,,,+13256727663,Knight Roofing,Abilene,TX,,"Digital Desert, Review Automation Target, Lead Gen Target, 1-5 Reviews, Home Services / Roofing",Google Places,Home Services / Roofing,,4,5
,,,+13256778627,Dean Hagler Ltd,Abilene,TX,,"Digital Desert, Review Automation Target, Lead Gen Target, 11-25 Reviews, Home Services / Painting",Google Places,Home Services / Painting,,14,4.8
,,,+13256686585,A Castillo Painting,Abilene,TX,,"Digital Desert, Review Automation Target, Lead Gen Target, 1-5 Reviews, Home Services / Painting",Google Places,Home Services / Painting,,1,5
,,,+13255148427,Olivo's Painting/Drywall Co.,Abilene,TX,,"Digital Desert, Review Automation Target, Lead Gen Target, 1-5 Reviews, Home Services / Painting",Google Places,Home Services / Painting,,1,5
,,,,Experience Quality Painting & Handyman Srvc.,Abilene,TX,,"Digital Desert, Review Automation Target, Lead Gen Target, 1-5 Reviews, Home Services / Painting",Google Places,Home Services / Painting,,1,5
,,,+13692089430,True Home Painting,Abilene,TX,,"Digital Desert, Review Automation Target, Lead Gen Target, 0 Reviews - Highest Priority, Home Services / Painting",Google Places,Home Services / Painting,,0,
,,,+13256273433,Vince Crocker Handyman Services,Abilene,TX,,"Digital Desert, Review Automation Target, Lead Gen Target, 1-5 Reviews, Home Services / Handyman",Google Places,Home Services / Handyman,,5,5
,,,+13258647490,YOUR HANDYMAN,Abilene,TX,,"Digital Desert, Review Automation Target, Lead Gen Target, 1-5 Reviews, Home Services / Handyman",Google Places,Home Services / Handyman,,1,5
,,,+13252012910,Emmabuz llc,Abilene,TX,,"Digital Desert, Review Automation Target, Lead Gen Target, 1-5 Reviews, Home Services / Handyman",Google Places,Home Services / Handyman,,2,5
,,,+13258292251,Reliable Handyman Services,Abilene,TX,,"Digital Desert, Review Automation Target, Lead Gen Target, 11-25 Reviews, Home Services / Handyman",Google Places,Home Services / Handyman,,11,2.8
,,,+13256689890,Fix-it-up,Abilene,TX,,"Digital Desert, Review Automation Target, Lead Gen Target, 0 Reviews - Highest Priority, Home Services / Handyman",Google Places,Home Services / Handyman,,0,
,,,+13259397334,Martin's Handyman Services,Abilene,TX,,"Digital Desert, Review Automation Target, Lead Gen Target, 0 Reviews - Highest Priority, Home Services / Handyman",Google Places,Home Services / Handyman,,0,
,,,+13253053718,Ricks Services and more,Abilene,TX,,"Digital Desert, Review Automation Target, Lead Gen Target, 0 Reviews - Highest Priority, Home Services / Handyman",Google Places,Home Services / Handyman,,0,
,,,+13254337528,Gold Medal Pest Control,Abilene,TX,,"Digital Desert, Review Automation Target, Lead Gen Target, 6-10 Reviews, Home Services / Pest Control",Google Places,Home Services / Pest Control,,8,5
,,,+13256731821,Bugman Pest Control,Abilene,TX,,"Digital Desert, Review Automation Target, Lead Gen Target, 6-10 Reviews, Home Services / Pest Control",Google Places,Home Services / Pest Control,,6,4.8
,,,+13256601872,Big Country Fencing,Abilene,TX,,"Digital Desert, Review Automation Target, Lead Gen Target, 11-25 Reviews, Home Services / Fencing",Google Places,Home Services / Fencing,,11,3.9
,,,+13256734814,Ruiz Iron Works,Abilene,TX,,"Digital Desert, Review Automation Target, Lead Gen Target, 1-5 Reviews, Home Services / Fencing",Google Places,Home Services / Fencing,,4,4.5
,,,+13254375495,Pool Xpressions,Abilene,TX,,"Digital Desert, Review Automation Target, Lead Gen Target, 1-5 Reviews, Home Services / Pool",Google Places,Home Services / Pool,,2,4.5
,,,+13256954256,Appliance Doctor,Abilene,TX,,"Digital Desert, Review Automation Target, Lead Gen Target, 11-25 Reviews, Home Services / Appliance Repair",Google Places,Home Services / Appliance Repair,,11,5
,,,+13256692305,C&N Seamless Gutters llc,Abilene,TX,https://m.facebook.com/CNSeamlessGutters/,"Digital Desert, Review Automation Target, Lead Gen Target, 1-5 Reviews, Home Services / Gutters",Google Places,Home Services / Gutters,,2,5
,,,+13252612888,Bloom Beauty Bar,Abilene,TX,https://www.bloombeautybartx.com/,"Digital Desert, Review Automation Target, Lead Gen Target, 6-10 Reviews, Beauty / Hair Salon",Google Places,Beauty / Hair Salon,,10,5
,,,+13258644249,Advanced Massage & Bodywork,Abilene,TX,,"Digital Desert, Review Automation Target, Lead Gen Target, 11-25 Reviews, Beauty / Massage",Google Places,Beauty / Massage,,11,5
,,,+18185710972,Lash n Brow Couture Abilene LLC,Abilene,TX,https://www.instagram.com/lashnbrowcoutureabilene,"Digital Desert, Review Automation Target, Lead Gen Target, 6-10 Reviews, Beauty / Lash Studio",Google Places,Beauty / Lash Studio,,10,5
,,,+13255136727,Wink & Wonder | Lashes & Brows,Abilene,TX,,"Digital Desert, Review Automation Target, Lead Gen Target, 11-25 Reviews, Beauty / Lash Studio",Google Places,Beauty / Lash Studio,,13,5
,,,+13252615274,'MBELLISH Lash & Beauty Studio,Abilene,TX,,"Digital Desert, Review Automation Target, Lead Gen Target, 6-10 Reviews, Beauty / Lash Studio",Google Places,Beauty / Lash Studio,,10,5
,,,+13252684051,Relax & Wax Authentic Brazilian Wax & Sugaring,Abilene,TX,https://www.relaxandwax.com/,"Digital Desert, Review Automation Target, Lead Gen Target, 6-10 Reviews, Beauty / Waxing",Google Places,Beauty / Waxing,,9,4.6
,,,+13256036896,skinbyrosalee,Abilene,TX,https://linktr.ee/Skinbyrosalee?fbclid=PAZXh0bgNhZW0CMTEAAaaShhfYfgXnA1IX-TmVNJyt2UzolvBNzvnmEehagDwutNzzxPaCS3KOf04_aem_OwUUxXEcTmbKGjJeQa1o9A,"Digital Desert, Review Automation Target, Lead Gen Target, 6-10 Reviews, Beauty / Waxing",Google Places,Beauty / Waxing,,8,5
,,,+17148566932,Golden legacy tattoo,Abilene,TX,https://instagram.com/goldenlegacytattoo?igshid=MzMyNGUyNmU2YQ==&utm_source=qr,"Digital Desert, Review Automation Target, Lead Gen Target, 11-25 Reviews, Beauty / Tattoo",Google Places,Beauty / Tattoo,,12,5
,,,+13252661463,Valkyrie Tattoo,Abilene,TX,http://valkyrietattootx.com/,"Digital Desert, Review Automation Target, Lead Gen Target, 11-25 Reviews, Beauty / Tattoo",Google Places,Beauty / Tattoo,,15,5
,,,+13258997752,Freshink tattoo studio,Abilene,TX,https://www.facebook.com/FreshInkTattooStudio1?mibextid=ZbWKwL,"Digital Desert, Review Automation Target, Lead Gen Target, 6-10 Reviews, Beauty / Tattoo",Google Places,Beauty / Tattoo,,6,4.3
,,,,Kindred Tattoo Studios,Abilene,TX,https://www.facebook.com/share/1YjGGvbtUJ/?mibextid=wwXIfr,"Digital Desert, Review Automation Target, Lead Gen Target, 6-10 Reviews, Beauty / Tattoo",Google Places,Beauty / Tattoo,,6,5
,,,,Chino’s Tattoo Studio,Abilene,TX,https://linktr.ee/ChinoTat2,"Digital Desert, Review Automation Target, Lead Gen Target, 6-10 Reviews, Beauty / Tattoo",Google Places,Beauty / Tattoo,,6,4.3
,,,+13256727875,D & M Automotive Repair,Abilene,TX,,"Digital Desert, Review Automation Target, Lead Gen Target, 11-25 Reviews, Auto Services / Repair",Google Places,Auto Services / Repair,,18,4.9
,,,+13252670387,A1 Mobile Mechanic Service,Abilene,TX,,"Digital Desert, Review Automation Target, Lead Gen Target, 6-10 Reviews, Auto Services / Repair",Google Places,Auto Services / Repair,,10,3.9
,,,,Lone Star Car Wash,Abilene,TX,,"Digital Desert, Review Automation Target, Lead Gen Target, 6-10 Reviews, Auto Services / Car Wash",Google Places,Auto Services / Car Wash,,6,4.3
,,,,North 13th street car wash,Abilene,TX,,"Digital Desert, Review Automation Target, Lead Gen Target, 0 Reviews - Highest Priority, Auto Services / Car Wash",Google Places,Auto Services / Car Wash,,0,
,,,+13252699837,Veteran Auto Detailing,Abilene,TX,,"Digital Desert, Review Automation Target, Lead Gen Target, 1-5 Reviews, Auto Services / Car Wash",Google Places,Auto Services / Car Wash,,2,5
,,,+13256723714,Carlos Paint & Body Shop,Abilene,TX,,"Digital Desert, Review Automation Target, Lead Gen Target, 1-5 Reviews, Auto Services / Body Shop",Google Places,Auto Services / Body Shop,,3,5
,,,+13256750313,J & N Body Shop,Abilene,TX,,"Digital Desert, Review Automation Target, Lead Gen Target, 11-25 Reviews, Auto Services / Body Shop",Google Places,Auto Services / Body Shop,,20,4.5
,,,+13256732650,Sudden Impact Collision,Abilene,TX,,"Digital Desert, Review Automation Target, Lead Gen Target, 6-10 Reviews, Auto Services / Body Shop",Google Places,Auto Services / Body Shop,,8,5
,,,+13255723235,Mabes Body Shop,Abilene,TX,,"Digital Desert, Review Automation Target, Lead Gen Target, 11-25 Reviews, Auto Services / Body Shop",Google Places,Auto Services / Body Shop,,19,5
,,,,Pichi's tacos,Abilene,TX,,"Digital Desert, Review Automation Target, Lead Gen Target, 6-10 Reviews, Food & Beverage / Food Truck",Google Places,Food & Beverage / Food Truck,,10,4.7
,,,+13257216726,The West Corral,Abilene,TX,https://www.facebook.com/share/1Ckg4VRcfW/,"Digital Desert, Review Automation Target, Lead Gen Target, 1-5 Reviews, Food & Beverage / Food Truck",Google Places,Food & Beverage / Food Truck,,1,5
,,,,Tacolote,Abilene,TX,,"Digital Desert, Review Automation Target, Lead Gen Target, 1-5 Reviews, Food & Beverage / Food Truck",Google Places,Food & Beverage / Food Truck,,2,5
,,,+13257210717,Crooked Creek Meats,Abilene,TX,http://facebook.com/crookedcreekmeats,"Digital Desert, Review Automation Target, Lead Gen Target, 6-10 Reviews, Food & Beverage / Food Truck",Google Places,Food & Beverage / Food Truck,,6,4.8
,,,+13254390914,Station 1 Food Truck Park,Abilene,TX,,"Digital Desert, Review Automation Target, Lead Gen Target, 0 Reviews - Highest Priority, Food & Beverage / Food Truck",Google Places,Food & Beverage / Food Truck,,0,
,,,+19565604253,The Sweet Spot,Abilene,TX,,"Digital Desert, Review Automation Target, Lead Gen Target, 1-5 Reviews, Food & Beverage / Bakery",Google Places,Food & Beverage / Bakery,,1,5
,,,,Fresh donuts of abilene,Abilene,TX,,"Digital Desert, Review Automation Target, Lead Gen Target, 1-5 Reviews, Food & Beverage / Donut",Google Places,Food & Beverage / Donut,,2,5
,,,,Sunrise Donut,Abilene,TX,,"Digital Desert, Review Automation Target, Lead Gen Target, 11-25 Reviews, Food & Beverage / Donut",Google Places,Food & Beverage / Donut,,15,4.5
,,,+13253207579,Limone Rush,Abilene,TX,,"Digital Desert, Review Automation Target, Lead Gen Target, 11-25 Reviews, Food & Beverage / Ice Cream",Google Places,Food & Beverage / Ice Cream,,22,5
,,,+13257334445,Southern Belle Cleaning Service,Abilene,TX,,"Digital Desert, Review Automation Target, Lead Gen Target, 1-5 Reviews, Cleaning / Residential",Google Places,Cleaning / Residential,,2,5
,,,+13257331933,RC Housekeeping LLC,Abilene,TX,,"Digital Desert, Review Automation Target, Lead Gen Target, 6-10 Reviews, Cleaning / Residential",Google Places,Cleaning / Residential,,7,5
,,,+13257019979,Perfection Cleaning Service,Abilene,TX,http://www.perfectioncleaningservicetx.com/,"Digital Desert, Review Automation Target, Lead Gen Target, 6-10 Reviews, Cleaning / Residential",Google Places,Cleaning / Residential,,10,3.7
,,,+13252329736,Lucky's Best LLC,Abilene,TX,,"Digital Desert, Review Automation Target, Lead Gen Target, 1-5 Reviews, Cleaning / Residential",Google Places,Cleaning / Residential,,2,5
,,,+13252717272,Wescrub cleaning service,Abilene,TX,,"Digital Desert, Review Automation Target, Lead Gen Target, 0 Reviews - Highest Priority, Cleaning / Residential",Google Places,Cleaning / Residential,,0,
,,,+13256605059,Abilene Housekeeping,Abilene,TX,,"Digital Desert, Review Automation Target, Lead Gen Target, 0 Reviews - Highest Priority, Cleaning / Residential",Google Places,Cleaning / Residential,,0,
,,,+13258646730,StrikeShine Cleaning Services LLC,Abilene,TX,,"Digital Desert, Review Automation Target, Lead Gen Target, 1-5 Reviews, Cleaning / Commercial",Google Places,Cleaning / Commercial,,1,5
,,,+13258646730,StrikeShine Cleaning Services LLC,Abilene,TX,https://www.facebook.com/profile.php?id=61578049000832,"Digital Desert, Review Automation Target, Lead Gen Target, 6-10 Reviews, Cleaning / Commercial",Google Places,Cleaning / Commercial,,6,5
,,,+13256760444,M & R Commercial Services,Abilene,TX,http://www.bcstex.com/,"Digital Desert, Review Automation Target, Lead Gen Target, 1-5 Reviews, Cleaning / Commercial",Google Places,Cleaning / Commercial,,1,5
,,,+13258642670,Rachell Ray Ray's Janitorial,Abilene,TX,,"Digital Desert, Review Automation Target, Lead Gen Target, 1-5 Reviews, Cleaning / Commercial",Google Places,Cleaning / Commercial,,1,5
,,,+13256953804,Clean-Dry Carpet Cleaning,Abilene,TX,,"Digital Desert, Review Automation Target, Lead Gen Target, 11-25 Reviews, Cleaning / Carpet",Google Places,Cleaning / Carpet,,14,4.5
,,,+13257259976,Grease Busters Inc,Abilene,TX,,"Digital Desert, Review Automation Target, Lead Gen Target, 11-25 Reviews, Cleaning / Pressure Washing",Google Places,Cleaning / Pressure Washing,,12,5
,,,+13256682515,Master Blaster,Abilene,TX,,"Digital Desert, Review Automation Target, Lead Gen Target, 1-5 Reviews, Cleaning / Pressure Washing",Google Places,Cleaning / Pressure Washing,,1,5
,,,+13255184986,"XoticKutsLandscaping,LLC",Abilene,TX,https://www.facebook.com/share/16cDxAefZA/?mibextid=wwXIfr,"Digital Desert, Review Automation Target, Lead Gen Target, 11-25 Reviews, Landscaping",Google Places,Landscaping,,16,5
,,,+13257251630,Trimmers Professional Landscaping,Abilene,TX,https://www.facebook.com/profile.php?id=61569917095559,"Digital Desert, Review Automation Target, Lead Gen Target, 11-25 Reviews, Landscaping",Google Places,Landscaping,,18,5
,,,+13252711021,Sam and Sons Tree Care,Abilene,TX,,"Digital Desert, Review Automation Target, Lead Gen Target, 6-10 Reviews, Landscaping / Tree",Google Places,Landscaping / Tree,,7,5
,,,+13255189819,Joyful Play Registered In Home Daycare,Abilene,TX,,"Digital Desert, Review Automation Target, Lead Gen Target, 6-10 Reviews, Childcare / Daycare",Google Places,Childcare / Daycare,,7,5
,,,+13255135032,Sonshine Kids Childcare Center,Abilene,TX,https://sonshinetx.com/,"Digital Desert, Review Automation Target, Lead Gen Target, 11-25 Reviews, Childcare / Daycare",Google Places,Childcare / Daycare,,16,4
,,,+14692792501,Moon,Abilene,TX,,"Digital Desert, Review Automation Target, Lead Gen Target, 1-5 Reviews, Childcare / Daycare",Google Places,Childcare / Daycare,,1,5
,,,+13253867484,Kids On Maple Street,Abilene,TX,,"Digital Desert, Review Automation Target, Lead Gen Target, 11-25 Reviews, Childcare / Daycare",Google Places,Childcare / Daycare,,22,4.2
,,,+13256736769,Ready Steps Preschool Ministry,Abilene,TX,https://www.fmcabilenetx.com/ready-steps,"Digital Desert, Review Automation Target, Lead Gen Target, 1-5 Reviews, Childcare / Daycare",Google Places,Childcare / Daycare,,2,5
,,,+13255147956,Rest & Relocation Professional Moving/advertising,Abilene,TX,,"Digital Desert, Review Automation Target, Lead Gen Target, 6-10 Reviews, Moving & Storage",Google Places,Moving & Storage,,8,4
,,,+13256951684,Andy Anderson Van Lines,Abilene,TX,,"Digital Desert, Review Automation Target, Lead Gen Target, 1-5 Reviews, Moving & Storage",Google Places,Moving & Storage,,5,4.2
,,,+13255133116,Cherryl Scott Alterations,Abilene,TX,,"Digital Desert, Review Automation Target, Lead Gen Target, 11-25 Reviews, Retail / Alterations",Google Places,Retail / Alterations,,20,4.8
,,,+13256954310,Yang's Alterations,Abilene,TX,,"Digital Desert, Review Automation Target, Lead Gen Target, 11-25 Reviews, Retail / Alterations",Google Places,Retail / Alterations,,17,4.4
,,,+13254378431,Brass & Classy Boutique,Abilene,TX,,"Digital Desert, Review Automation Target, Lead Gen Target, 6-10 Reviews, Retail / Alterations",Google Places,Retail / Alterations,,9,4.6
,,,+13256922826,Chin's Alteration Shop,Abilene,TX,,"Digital Desert, Review Automation Target, Lead Gen Target, 1-5 Reviews, Retail / Alterations",Google Places,Retail / Alterations,,2,2.5
,,,,LAUNDROMAT,Abilene,TX,,"Digital Desert, Review Automation Target, Lead Gen Target, 1-5 Reviews, Retail / Laundromat",Google Places,Retail / Laundromat,,1,5
,,,+13252322636,Phillips Loan Signing & Notary,Abilene,TX,,"Digital Desert, Review Automation Target, Lead Gen Target, 0 Reviews - Highest Priority, Professional / Notary",Google Places,Professional / Notary,,0,
,,,+13257211923,Action Notary Service,Abilene,TX,,"Digital Desert, Review Automation Target, Lead Gen Target, 0 Reviews - Highest Priority, Professional / Notary",Google Places,Professional / Notary,,0,
,,,+13256766208,City Secretary,Abilene,TX,,"Digital Desert, Review Automation Target, Lead Gen Target, 1-5 Reviews, Professional / Notary",Google Places,Professional / Notary,,1,5
,,,,ABC Mobile Public Notary,Abilene,TX,,"Digital Desert, Review Automation Target, Lead Gen Target, 0 Reviews - Highest Priority, Professional / Notary",Google Places,Professional / Notary,,0,
,,,+13256723911,Rescue Bail Bond,Abilene,TX,,"Digital Desert, Review Automation Target, Lead Gen Target, 6-10 Reviews, Professional / Notary",Google Places,Professional / Notary,,10,3.7
,,,+13035658490,Minute Key,Abilene,TX,,"Digital Desert, Review Automation Target, Lead Gen Target, 1-5 Reviews, Home Services / Locksmith",Google Places,Home Services / Locksmith,,1,5
,,,+12146411512,Aurora Studio Arts,Abilene,TX,,"Digital Desert, Review Automation Target, Lead Gen Target, 1-5 Reviews, Creative / Photography",Google Places,Creative / Photography,,3,4.3
,,,+13256958140,Photo Image Center,Abilene,TX,,"Digital Desert, Review Automation Target, Lead Gen Target, 11-25 Reviews, Creative / Photography",Google Places,Creative / Photography,,12,4.8
,,,,Doggone Good Coffee,Abilene,TX,http://www.doggonegoodcoffeetx.com/,"Digital Desert, Review Automation Target, Lead Gen Target, 11-25 Reviews, Food & Beverage / Catering",Google Places,Food & Beverage / Catering,,20,5
,,,+13252667796,Canine District,Abilene,TX,,"Digital Desert, Review Automation Target, Lead Gen Target, 11-25 Reviews, Pet Services / Grooming",Google Places,Pet Services / Grooming,,21,5
,,,+13252805122,Kute Kuts by Gayle,Abilene,TX,,"Digital Desert, Review Automation Target, Lead Gen Target, 6-10 Reviews, Pet Services / Grooming",Google Places,Pet Services / Grooming,,9,4.9
,,,+13255547676,Happy Feet Pet Lodge,Abilene,TX,,"Digital Desert, Review Automation Target, Lead Gen Target, 6-10 Reviews, Pet Services / Boarding",Google Places,Pet Services / Boarding,,7,5
,,,+19564231208,Roman's Plumbing,Harlingen,TX,,"Digital Desert, Review Automation Target, Lead Gen Target, 1-5 Reviews, Home Services / Plumbing",Google Places,Home Services / Plumbing,,4,5
,,,+19566861353,Mike's Plumbing Electrical Inc.,Harlingen,TX,,"Digital Desert, Review Automation Target, Lead Gen Target, 1-5 Reviews, Home Services / Plumbing",Google Places,Home Services / Plumbing,,1,5
,,,+19564257378,Allstar Plumbing,Harlingen,TX,,"Digital Desert, Review Automation Target, Lead Gen Target, 11-25 Reviews, Home Services / Plumbing",Google Places,Home Services / Plumbing,,18,3.5
,,,+19564408026,Asbury's Master Plumbing Inc,Harlingen,TX,,"Digital Desert, Review Automation Target, Lead Gen Target, 1-5 Reviews, Home Services / Plumbing",Google Places,Home Services / Plumbing,,2,3
,,,+19567929372,Martin's Sewer & Drain Clean,Harlingen,TX,,"Digital Desert, Review Automation Target, Lead Gen Target, 6-10 Reviews, Home Services / Plumbing",Google Places,Home Services / Plumbing,,9,4.6
,,,+19564409003,Payless Plumbing Services,Harlingen,TX,,"Digital Desert, Review Automation Target, Lead Gen Target, 0 Reviews - Highest Priority, Home Services / Plumbing",Google Places,Home Services / Plumbing,,0,
,,,+19565775458,Resaca City Electric,Harlingen,TX,,"Digital Desert, Review Automation Target, Lead Gen Target, 11-25 Reviews, Home Services / Electrical",Google Places,Home Services / Electrical,,22,5
,,,+19564433004,RGV Electric,Harlingen,TX,,"Digital Desert, Review Automation Target, Lead Gen Target, 1-5 Reviews, Home Services / Electrical",Google Places,Home Services / Electrical,,2,3
,,,+19564212078,#1 Quality Electric,Harlingen,TX,,"Digital Desert, Review Automation Target, Lead Gen Target, 1-5 Reviews, Home Services / Electrical",Google Places,Home Services / Electrical,,2,3
,,,+19564233042,Pena's Electric Inc,Harlingen,TX,,"Digital Desert, Review Automation Target, Lead Gen Target, 6-10 Reviews, Home Services / Electrical",Google Places,Home Services / Electrical,,7,3.3
,,,,Harlingen Commercial Electric,Harlingen,TX,,"Digital Desert, Review Automation Target, Lead Gen Target, 6-10 Reviews, Home Services / Electrical",Google Places,Home Services / Electrical,,7,4.4
,,,+19564282458,J R's Electric,Harlingen,TX,,"Digital Desert, Review Automation Target, Lead Gen Target, 1-5 Reviews, Home Services / Electrical",Google Places,Home Services / Electrical,,1,5
,,,+19564255687,Borchers Electric,Harlingen,TX,,"Digital Desert, Review Automation Target, Lead Gen Target, 6-10 Reviews, Home Services / Electrical",Google Places,Home Services / Electrical,,10,3.8
,,,+19563993231,Goode Electric Co.,Harlingen,TX,,"Digital Desert, Review Automation Target, Lead Gen Target, 1-5 Reviews, Home Services / Electrical",Google Places,Home Services / Electrical,,1,5
,,,+19566543239,Quality HVAC Repair Harlingen TX,Harlingen,TX,,"Digital Desert, Review Automation Target, Lead Gen Target, 6-10 Reviews, Home Services / HVAC",Google Places,Home Services / HVAC,,7,5
,,,+19565360649,JB Aire Cooling & Heating LLC,Harlingen,TX,,"Digital Desert, Review Automation Target, Lead Gen Target, 11-25 Reviews, Home Services / HVAC",Google Places,Home Services / HVAC,,23,5
,,,+19563642829,Economy Roofing,Harlingen,TX,,"Digital Desert, Review Automation Target, Lead Gen Target, 1-5 Reviews, Home Services / Roofing",Google Places,Home Services / Roofing,,1,5
,,,+19564255317,Barron Professional Painting,Harlingen,TX,,"Digital Desert, Review Automation Target, Lead Gen Target, 1-5 Reviews, Home Services / Painting",Google Places,Home Services / Painting,,1,5
,,,+19562644256,Prestige Painting,Harlingen,TX,,"Digital Desert, Review Automation Target, Lead Gen Target, 0 Reviews - Highest Priority, Home Services / Painting",Google Places,Home Services / Painting,,0,
,,,+19565361301,De La Cruz Construction And Renovation Llc,Harlingen,TX,,"Digital Desert, Review Automation Target, Lead Gen Target, 11-25 Reviews, Home Services / Painting",Google Places,Home Services / Painting,,15,4.3
,,,+13035888517,Colunga services,Harlingen,TX,,"Digital Desert, Review Automation Target, Lead Gen Target, 1-5 Reviews, Home Services / Handyman",Google Places,Home Services / Handyman,,1,5
,,,+19564560193,Steves Helpful Handyman,Harlingen,TX,,"Digital Desert, Review Automation Target, Lead Gen Target, 1-5 Reviews, Home Services / Handyman",Google Places,Home Services / Handyman,,5,2.8
,,,+19566365226,Fix-ALL-ogy,Harlingen,TX,,"Digital Desert, Review Automation Target, Lead Gen Target, 0 Reviews - Highest Priority, Home Services / Handyman",Google Places,Home Services / Handyman,,0,
,,,+19562457957,Massive Flooring & Construction,Harlingen,TX,,"Digital Desert, Review Automation Target, Lead Gen Target, 0 Reviews - Highest Priority, Home Services / Handyman",Google Places,Home Services / Handyman,,0,
,,,+19566284855,ABASH INSECT CONTROL SERVICE,Harlingen,TX,,"Digital Desert, Review Automation Target, Lead Gen Target, 0 Reviews - Highest Priority, Home Services / Pest Control",Google Places,Home Services / Pest Control,,0,
,,,+19563836011,Harlingen Door Co,Harlingen,TX,,"Digital Desert, Review Automation Target, Lead Gen Target, 1-5 Reviews, Home Services / Garage Door",Google Places,Home Services / Garage Door,,4,5
,,,+19564255122,M & S Fence,Harlingen,TX,,"Digital Desert, Review Automation Target, Lead Gen Target, 1-5 Reviews, Home Services / Fencing",Google Places,Home Services / Fencing,,3,5
,,,+19569909606,JC & J Pools & Remodeling Cleaning Services,Harlingen,TX,,"Digital Desert, Review Automation Target, Lead Gen Target, 6-10 Reviews, Home Services / Pool",Google Places,Home Services / Pool,,8,3.5
,,,+19563673329,Coastal Pool & Spa Repair,Harlingen,TX,,"Digital Desert, Review Automation Target, Lead Gen Target, 1-5 Reviews, Home Services / Pool",Google Places,Home Services / Pool,,4,3.3
,,,+19567789650,Leisure Pools and Spas,Harlingen,TX,,"Digital Desert, Review Automation Target, Lead Gen Target, 1-5 Reviews, Home Services / Pool",Google Places,Home Services / Pool,,1,5
,,,+19564239436,H A Perez Appliance Repair,Harlingen,TX,,"Digital Desert, Review Automation Target, Lead Gen Target, 11-25 Reviews, Home Services / Appliance Repair",Google Places,Home Services / Appliance Repair,,12,4.4
,,,+19564123546,Ramiro's Appliance LLC,Harlingen,TX,,"Digital Desert, Review Automation Target, Lead Gen Target, 6-10 Reviews, Home Services / Appliance Repair",Google Places,Home Services / Appliance Repair,,10,2.8
,,,,Almas Appliance,Harlingen,TX,,"Digital Desert, Review Automation Target, Lead Gen Target, 1-5 Reviews, Home Services / Appliance Repair",Google Places,Home Services / Appliance Repair,,3,2.3
,,,+19562027641,Whales Tail Powerwash,Harlingen,TX,,"Digital Desert, Review Automation Target, Lead Gen Target, 1-5 Reviews, Home Services / Gutters",Google Places,Home Services / Gutters,,1,5
,,,+19562440864,Salon Suites,Harlingen,TX,,"Digital Desert, Review Automation Target, Lead Gen Target, 6-10 Reviews, Beauty / Hair Salon",Google Places,Beauty / Hair Salon,,7,5
,,,+19562440864,Salon Suites,Harlingen,TX,,"Digital Desert, Review Automation Target, Lead Gen Target, 6-10 Reviews, Beauty / Hair Salon",Google Places,Beauty / Hair Salon,,6,4.8
,,,+19562264830,Adagio's Barbershop,Harlingen,TX,https://www.facebook.com/people/Adagios-Barbershop/61591471751872/,"Digital Desert, Review Automation Target, Lead Gen Target, 6-10 Reviews, Beauty / Barber",Google Places,Beauty / Barber,,7,5
,,,+19567062028,Barbershop DG & Co.,Harlingen,TX,,"Digital Desert, Review Automation Target, Lead Gen Target, 11-25 Reviews, Beauty / Barber",Google Places,Beauty / Barber,,16,4.8
,,,+19564962031,Who's Next Barbershop,Harlingen,TX,,"Digital Desert, Review Automation Target, Lead Gen Target, 11-25 Reviews, Beauty / Barber",Google Places,Beauty / Barber,,24,4.2
,,,+19562300391,RGV Luxury Nails II,Harlingen,TX,,"Digital Desert, Review Automation Target, Lead Gen Target, 11-25 Reviews, Beauty / Nail Salon",Google Places,Beauty / Nail Salon,,21,4.8
,,,+19568737724,Arianna's Nail Spa,Harlingen,TX,,"Digital Desert, Review Automation Target, Lead Gen Target, 11-25 Reviews, Beauty / Nail Salon",Google Places,Beauty / Nail Salon,,17,4.8
,,,+19568328012,Massage By Erica,Harlingen,TX,https://www.facebook.com/share/1BmSwZsrLZ/?mibextid=wwXIfr,"Digital Desert, Review Automation Target, Lead Gen Target, 6-10 Reviews, Beauty / Massage",Google Places,Beauty / Massage,,7,5
,,,+19564564592,Massage By Lily,Harlingen,TX,,"Digital Desert, Review Automation Target, Lead Gen Target, 11-25 Reviews, Beauty / Massage",Google Places,Beauty / Massage,,25,4.9
,,,+19568650199,M&M Massage Therapeutics,Harlingen,TX,,"Digital Desert, Review Automation Target, Lead Gen Target, 11-25 Reviews, Beauty / Massage",Google Places,Beauty / Massage,,19,5
,,,+19564401190,JenaBeth Adkins Massage Therapy,Harlingen,TX,,"Digital Desert, Review Automation Target, Lead Gen Target, 1-5 Reviews, Beauty / Massage",Google Places,Beauty / Massage,,2,5
,,,+19563207425,Hello Brandy,Harlingen,TX,,"Digital Desert, Review Automation Target, Lead Gen Target, 11-25 Reviews, Beauty / Salon",Google Places,Beauty / Salon,,14,5
,,,+19566598650,Glow Hair and Beauty Bar,Harlingen,TX,,"Digital Desert, Review Automation Target, Lead Gen Target, 11-25 Reviews, Beauty / Salon",Google Places,Beauty / Salon,,20,5
,,,+19562002002,Bella's Beautique,Harlingen,TX,,"Digital Desert, Review Automation Target, Lead Gen Target, 11-25 Reviews, Beauty / Lash Studio",Google Places,Beauty / Lash Studio,,12,5
,,,+19562303168,Serenity Salon Spa and Wellness,Harlingen,TX,,"Digital Desert, Review Automation Target, Lead Gen Target, 11-25 Reviews, Beauty / Waxing",Google Places,Beauty / Waxing,,18,4.6
,,,+19562033412,Tinta Eterna tattoo studio,Harlingen,TX,,"Digital Desert, Review Automation Target, Lead Gen Target, 11-25 Reviews, Beauty / Tattoo",Google Places,Beauty / Tattoo,,20,5
,,,,Ballistic Ink Tattoo,Harlingen,TX,,"Digital Desert, Review Automation Target, Lead Gen Target, 11-25 Reviews, Beauty / Tattoo",Google Places,Beauty / Tattoo,,20,4.9
,,,+19567307530,Southern Comfort Tattoo,Harlingen,TX,,"Digital Desert, Review Automation Target, Lead Gen Target, 11-25 Reviews, Beauty / Tattoo",Google Places,Beauty / Tattoo,,21,4.8
,,,+19563571073,Semper Fi Tattoos,Harlingen,TX,https://www.facebook.com/Semper-FI-Tattoos-323512577822380/about/?ref=page_internal,"Digital Desert, Review Automation Target, Lead Gen Target, 11-25 Reviews, Beauty / Tattoo",Google Places,Beauty / Tattoo,,20,4.7
,,,+19563574282,Strangle Tattoo Studio,Harlingen,TX,https://www.instagram.com/pokes_n_strangles?igsh=MXN6N2RhNGYyMTgyMw==&utm_source=qr,"Digital Desert, Review Automation Target, Lead Gen Target, 6-10 Reviews, Beauty / Tattoo",Google Places,Beauty / Tattoo,,9,5
,,,,Tattoos,Harlingen,TX,,"Digital Desert, Review Automation Target, Lead Gen Target, 0 Reviews - Highest Priority, Beauty / Tattoo",Google Places,Beauty / Tattoo,,0,
,,,+19564280256,T & T Car Care Center,Harlingen,TX,,"Digital Desert, Review Automation Target, Lead Gen Target, 11-25 Reviews, Auto Services / Repair",Google Places,Auto Services / Repair,,25,4.7
,,,+19562005668,Palencia's Mechanic shop,Harlingen,TX,,"Digital Desert, Review Automation Target, Lead Gen Target, 1-5 Reviews, Auto Services / Repair",Google Places,Auto Services / Repair,,1,5
,,,+19564120404,Jack's Automotive,Harlingen,TX,,"Digital Desert, Review Automation Target, Lead Gen Target, 11-25 Reviews, Auto Services / Repair",Google Places,Auto Services / Repair,,15,5
,,,+19564561057,TnJ Automotive,Harlingen,TX,,"Digital Desert, Review Automation Target, Lead Gen Target, 1-5 Reviews, Auto Services / Repair",Google Places,Auto Services / Repair,,3,5
,,,+19564128633,Auto AC,Harlingen,TX,,"Digital Desert, Review Automation Target, Lead Gen Target, 11-25 Reviews, Auto Services / Repair",Google Places,Auto Services / Repair,,15,4.7
,,,+19565777636,Maldonado Automotive Repair,Harlingen,TX,,"Digital Desert, Review Automation Target, Lead Gen Target, 11-25 Reviews, Auto Services / Repair",Google Places,Auto Services / Repair,,16,4.9
,,,+19569703435,El Tigre Tire Shop,Harlingen,TX,,"Digital Desert, Review Automation Target, Lead Gen Target, 11-25 Reviews, Auto Services / Tires",Google Places,Auto Services / Tires,,13,4.2
,,,+19562395893,Romero's Tire Shop,Harlingen,TX,,"Digital Desert, Review Automation Target, Lead Gen Target, 11-25 Reviews, Auto Services / Tires",Google Places,Auto Services / Tires,,13,4.7
,,,,Right Touch Handwash,Harlingen,TX,,"Digital Desert, Review Automation Target, Lead Gen Target, 11-25 Reviews, Auto Services / Car Wash",Google Places,Auto Services / Car Wash,,16,4.8
,,,,Car Wash & Auto Detailing,Harlingen,TX,,"Digital Desert, Review Automation Target, Lead Gen Target, 6-10 Reviews, Auto Services / Car Wash",Google Places,Auto Services / Car Wash,,8,3.8
,,,,Sanchez Body Shop,Harlingen,TX,https://www.facebook.com/SanvhezBodyShop,"Digital Desert, Review Automation Target, Lead Gen Target, 6-10 Reviews, Auto Services / Body Shop",Google Places,Auto Services / Body Shop,,10,4.9
,,,+19566262291,"MVP Body & Paint, LLC",Harlingen,TX,,"Digital Desert, Review Automation Target, Lead Gen Target, 11-25 Reviews, Auto Services / Body Shop",Google Places,Auto Services / Body Shop,,17,4.8
,,,+19567429453,Winger Automotives,Harlingen,TX,,"Digital Desert, Review Automation Target, Lead Gen Target, 1-5 Reviews, Auto Services / Body Shop",Google Places,Auto Services / Body Shop,,1,5
,,,+19567065872,Los Tres Tacos,Harlingen,TX,,"Digital Desert, Review Automation Target, Lead Gen Target, 6-10 Reviews, Food & Beverage / Taqueria",Google Places,Food & Beverage / Taqueria,,6,3.7
,,,+19565773433,Charlie’s Food Truck,Harlingen,TX,,"Digital Desert, Review Automation Target, Lead Gen Target, 11-25 Reviews, Food & Beverage / Food Truck",Google Places,Food & Beverage / Food Truck,,13,4.8
,,,+19565302400,Valley Flavor Hotdog Co,Harlingen,TX,https://www.facebook.com/ValleyFlavorHotdogCo,"Digital Desert, Review Automation Target, Lead Gen Target, 11-25 Reviews, Food & Beverage / Food Truck",Google Places,Food & Beverage / Food Truck,,25,4
,,,+19564213208,Alejandro's Tortilla Factory & Bakery,Harlingen,TX,,"Digital Desert, Review Automation Target, Lead Gen Target, 11-25 Reviews, Food & Beverage / Bakery",Google Places,Food & Beverage / Bakery,,24,3.7
,,,+19567303010,Panaderia La Esquina,Harlingen,TX,,"Digital Desert, Review Automation Target, Lead Gen Target, 11-25 Reviews, Food & Beverage / Bakery",Google Places,Food & Beverage / Bakery,,25,4.5
,,,+19562300959,Los 3 Garcia's,Harlingen,TX,,"Digital Desert, Review Automation Target, Lead Gen Target, 11-25 Reviews, Food & Beverage / Restaurant",Google Places,Food & Beverage / Restaurant,,11,4.6
,,,+19566741678,Yummy's,Harlingen,TX,,"Digital Desert, Review Automation Target, Lead Gen Target, 11-25 Reviews, Food & Beverage / Donut",Google Places,Food & Beverage / Donut,,13,3.8
,,,+19567527520,Sugar Blast Harlingen,Harlingen,TX,,"Digital Desert, Review Automation Target, Lead Gen Target, 6-10 Reviews, Food & Beverage / Ice Cream",Google Places,Food & Beverage / Ice Cream,,6,3
,,,,Harlingen tx,Harlingen,TX,,"Digital Desert, Review Automation Target, Lead Gen Target, 6-10 Reviews, Food & Beverage / Ice Cream",Google Places,Food & Beverage / Ice Cream,,9,4.9
,,,,Marquez snow ocnes,Harlingen,TX,,"Digital Desert, Review Automation Target, Lead Gen Target, 11-25 Reviews, Food & Beverage / Ice Cream",Google Places,Food & Beverage / Ice Cream,,11,4.8
,,,,Romy's Icecream,Harlingen,TX,,"Digital Desert, Review Automation Target, Lead Gen Target, 1-5 Reviews, Food & Beverage / Ice Cream",Google Places,Food & Beverage / Ice Cream,,5,4.2
,,,,Jolly Time Snow Cones & More,Harlingen,TX,,"Digital Desert, Review Automation Target, Lead Gen Target, 6-10 Reviews, Food & Beverage / Ice Cream",Google Places,Food & Beverage / Ice Cream,,7,4.4
,,,,Roselin’s Cleaning Services LLC,Harlingen,TX,,"Digital Desert, Review Automation Target, Lead Gen Target, 1-5 Reviews, Cleaning / Residential",Google Places,Cleaning / Residential,,2,5
,,,+19564071435,Housekeeping/Babysitter/Office Cleaning,Harlingen,TX,,"Digital Desert, Review Automation Target, Lead Gen Target, 1-5 Reviews, Cleaning / Residential",Google Places,Cleaning / Residential,,1,5
,,,+19569038221,Bright Cleaning Services,Harlingen,TX,https://apexcleaningtx.com/,"Digital Desert, Review Automation Target, Lead Gen Target, 11-25 Reviews, Cleaning / Residential",Google Places,Cleaning / Residential,,14,3.9
,,,+19567347958,Lories cleaning services,Harlingen,TX,,"Digital Desert, Review Automation Target, Lead Gen Target, 6-10 Reviews, Cleaning / Residential",Google Places,Cleaning / Residential,,9,3.4
,,,+19563991550,PREMIER MAIDS HOUSEKEEPING,Harlingen,TX,,"Digital Desert, Review Automation Target, Lead Gen Target, 1-5 Reviews, Cleaning / Residential",Google Places,Cleaning / Residential,,3,3.7
,,,+19564122501,ABM Janitorial Services,Harlingen,TX,,"Digital Desert, Review Automation Target, Lead Gen Target, 1-5 Reviews, Cleaning / Commercial",Google Places,Cleaning / Commercial,,1,3
,,,+19568675857,carpet busters,Harlingen,TX,,"Digital Desert, Review Automation Target, Lead Gen Target, 6-10 Reviews, Cleaning / Carpet",Google Places,Cleaning / Carpet,,9,5
,,,+19564064042,Johnny and Sud’s LLC,Harlingen,TX,,"Digital Desert, Review Automation Target, Lead Gen Target, 1-5 Reviews, Cleaning / Pressure Washing",Google Places,Cleaning / Pressure Washing,,3,4.7
,,,+19564405317,El Guero pressure washing,Harlingen,TX,,"Digital Desert, Review Automation Target, Lead Gen Target, 0 Reviews - Highest Priority, Cleaning / Pressure Washing",Google Places,Cleaning / Pressure Washing,,0,
,,,+19567929677,Green Top Landscape-Irrigation,Harlingen,TX,https://www.facebook.com/greentoplandscape/,"Digital Desert, Review Automation Target, Lead Gen Target, 1-5 Reviews, Landscaping",Google Places,Landscaping,,1,5
,,,+19565361301,3 Tree Lawn Service & Landscaping Llc,Harlingen,TX,,"Digital Desert, Review Automation Target, Lead Gen Target, 1-5 Reviews, Landscaping",Google Places,Landscaping,,4,5
,,,+19569707629,E-Z Lawn Service Inc.,Harlingen,TX,,"Digital Desert, Review Automation Target, Lead Gen Target, 1-5 Reviews, Landscaping",Google Places,Landscaping,,1,5
,,,+19563513485,Gonzalez Landscaping,Harlingen,TX,https://www.facebook.com/share/17SQHKuRu2/,"Digital Desert, Review Automation Target, Lead Gen Target, 0 Reviews - Highest Priority, Landscaping",Google Places,Landscaping,,0,
,,,+19568053426,J & M Lawn Care Services,Harlingen,TX,,"Digital Desert, Review Automation Target, Lead Gen Target, 1-5 Reviews, Landscaping / Lawn Care",Google Places,Landscaping / Lawn Care,,1,5
,,,+19562812282,Goats lawn care,Harlingen,TX,,"Digital Desert, Review Automation Target, Lead Gen Target, 11-25 Reviews, Landscaping / Lawn Care",Google Places,Landscaping / Lawn Care,,20,5
,,,+19562452023,De Leon's Lawn Care & Tree Trimming Services,Harlingen,TX,,"Digital Desert, Review Automation Target, Lead Gen Target, 6-10 Reviews, Landscaping / Lawn Care",Google Places,Landscaping / Lawn Care,,6,5
,,,+19566226065,John's lawn services,Harlingen,TX,,"Digital Desert, Review Automation Target, Lead Gen Target, 1-5 Reviews, Landscaping / Lawn Care",Google Places,Landscaping / Lawn Care,,1,5
,,,+19562447697,B.R. Tree and Palm Service,Harlingen,TX,,"Digital Desert, Review Automation Target, Lead Gen Target, 1-5 Reviews, Landscaping / Tree",Google Places,Landscaping / Tree,,1,5
,,,+19563683162,Cesar Tree Service,Harlingen,TX,,"Digital Desert, Review Automation Target, Lead Gen Target, 0 Reviews - Highest Priority, Landscaping / Tree",Google Places,Landscaping / Tree,,0,
,,,+19564232283,Bumble Bees Learning Center,Harlingen,TX,https://www.facebook.com/bumblebeescc/,"Digital Desert, Review Automation Target, Lead Gen Target, 11-25 Reviews, Childcare / Daycare",Google Places,Childcare / Daycare,,24,4.3
,,,+19563685028,Lunas Childcare Academy,Harlingen,TX,,"Digital Desert, Review Automation Target, Lead Gen Target, 1-5 Reviews, Childcare / Daycare",Google Places,Childcare / Daycare,,2,5
,,,+19563643177,Little Bloomers Daycare,Harlingen,TX,,"Digital Desert, Review Automation Target, Lead Gen Target, 11-25 Reviews, Childcare / Daycare",Google Places,Childcare / Daycare,,17,4.3
,,,+19564230753,Martha's Playschool,Harlingen,TX,,"Digital Desert, Review Automation Target, Lead Gen Target, 11-25 Reviews, Childcare / Daycare",Google Places,Childcare / Daycare,,20,4.6
,,,,Blue Ocean Learning Center,Harlingen,TX,,"Digital Desert, Review Automation Target, Lead Gen Target, 1-5 Reviews, Childcare / Daycare",Google Places,Childcare / Daycare,,4,5
,,,+19564233006,Valley Learning Center For Kids,Harlingen,TX,,"Digital Desert, Review Automation Target, Lead Gen Target, 6-10 Reviews, Childcare / Daycare",Google Places,Childcare / Daycare,,7,4.3
,,,+19564232550,Harlingen Child Development Center,Harlingen,TX,,"Digital Desert, Review Automation Target, Lead Gen Target, 6-10 Reviews, Childcare / Daycare",Google Places,Childcare / Daycare,,7,3.9
,,,,Harlingen Adult Daycare,Harlingen,TX,,"Digital Desert, Review Automation Target, Lead Gen Target, 6-10 Reviews, Childcare / Daycare",Google Places,Childcare / Daycare,,10,4.6
,,,+19564252929,Jellybeans Educational Daycare Center,Harlingen,TX,,"Digital Desert, Review Automation Target, Lead Gen Target, 6-10 Reviews, Childcare / Daycare",Google Places,Childcare / Daycare,,7,3.9
,,,+19564234317,Chon's Transfer & Storage,Harlingen,TX,,"Digital Desert, Review Automation Target, Lead Gen Target, 11-25 Reviews, Moving & Storage",Google Places,Moving & Storage,,15,4
,,,+18006843894,Mexico Forwarding Inc,Harlingen,TX,,"Digital Desert, Review Automation Target, Lead Gen Target, 1-5 Reviews, Moving & Storage",Google Places,Moving & Storage,,2,3
,,,,CityWide Experts Mover's,Harlingen,TX,,"Digital Desert, Review Automation Target, Lead Gen Target, 0 Reviews - Highest Priority, Moving & Storage",Google Places,Moving & Storage,,0,
,,,+19564540939,P&A Transport,Harlingen,TX,,"Digital Desert, Review Automation Target, Lead Gen Target, 6-10 Reviews, Moving & Storage",Google Places,Moving & Storage,,8,4.8
,,,+18664123190,Medina Transport LLC,Harlingen,TX,,"Digital Desert, Review Automation Target, Lead Gen Target, 1-5 Reviews, Moving & Storage",Google Places,Moving & Storage,,5,4.4
,,,,Coin Laundry,Harlingen,TX,,"Digital Desert, Review Automation Target, Lead Gen Target, 11-25 Reviews, Retail / Laundromat",Google Places,Retail / Laundromat,,12,1.7
,,,+19566398899,Torres and Torres Notary Services,Harlingen,TX,,"Digital Desert, Review Automation Target, Lead Gen Target, 1-5 Reviews, Professional / Notary",Google Places,Professional / Notary,,1,5
,,,+19565180682,J&A Notary Services,Harlingen,TX,https://www.facebook.com/profile.php?id=61588798187568,"Digital Desert, Review Automation Target, Lead Gen Target, 11-25 Reviews, Professional / Notary",Google Places,Professional / Notary,,23,5
,,,+19562417225,Mobile Notary Public Veronica Reyes,Harlingen,TX,,"Digital Desert, Review Automation Target, Lead Gen Target, 11-25 Reviews, Professional / Notary",Google Places,Professional / Notary,,14,5
,,,,M R Elizalde Office Center,Harlingen,TX,,"Digital Desert, Review Automation Target, Lead Gen Target, 0 Reviews - Highest Priority, Professional / Notary",Google Places,Professional / Notary,,0,
,,,+12034906206,Minute Key,Harlingen,TX,,"Digital Desert, Review Automation Target, Lead Gen Target, 0 Reviews - Highest Priority, Home Services / Locksmith",Google Places,Home Services / Locksmith,,0,
,,,+19562957537,C&C Photography,Harlingen,TX,https://www.facebook.com/CCphotography23/,"Digital Desert, Review Automation Target, Lead Gen Target, 11-25 Reviews, Creative / Photography",Google Places,Creative / Photography,,20,5
,,,+19562415582,NoirX Studio,Harlingen,TX,,"Digital Desert, Review Automation Target, Lead Gen Target, 1-5 Reviews, Creative / Photography",Google Places,Creative / Photography,,2,5
,,,+19563209229,Vee photography,Harlingen,TX,,"Digital Desert, Review Automation Target, Lead Gen Target, 6-10 Reviews, Creative / Photography",Google Places,Creative / Photography,,6,5
,,,+19562301772,Valley Photographic Services,Harlingen,TX,,"Digital Desert, Review Automation Target, Lead Gen Target, 11-25 Reviews, Creative / Photography",Google Places,Creative / Photography,,22,3.7
,,,+19564234161,Clix Portrait Studio,Harlingen,TX,,"Digital Desert, Review Automation Target, Lead Gen Target, 6-10 Reviews, Creative / Photography",Google Places,Creative / Photography,,8,2.8
,,,+19568730456,Noonday studio,Harlingen,TX,,"Digital Desert, Review Automation Target, Lead Gen Target, 6-10 Reviews, Creative / Photography",Google Places,Creative / Photography,,10,5
,,,+19567421928,April's Photography & Designs LLC,Harlingen,TX,,"Digital Desert, Review Automation Target, Lead Gen Target, 6-10 Reviews, Creative / Photography",Google Places,Creative / Photography,,6,4.3
,,,,Jeanette G. Zapata Photography,Harlingen,TX,,"Digital Desert, Review Automation Target, Lead Gen Target, 1-5 Reviews, Creative / Photography",Google Places,Creative / Photography,,1,5
,,,+19562005083,"You order, I cook",Harlingen,TX,,"Digital Desert, Review Automation Target, Lead Gen Target, 11-25 Reviews, Food & Beverage / Catering",Google Places,Food & Beverage / Catering,,12,4.9
,,,+19565640859,Diamond Moon Events LLC,Harlingen,TX,,"Digital Desert, Review Automation Target, Lead Gen Target, 6-10 Reviews, Food & Beverage / Catering",Google Places,Food & Beverage / Catering,,6,4.3
,,,+19563685009,Americas Events & Catering LLC.,Harlingen,TX,,"Digital Desert, Review Automation Target, Lead Gen Target, 11-25 Reviews, Food & Beverage / Catering",Google Places,Food & Beverage / Catering,,18,4.4
,,,+19563571335,Prime Thyme Catering,Harlingen,TX,,"Digital Desert, Review Automation Target, Lead Gen Target, 1-5 Reviews, Food & Beverage / Catering",Google Places,Food & Beverage / Catering,,1,5
,,,,Elegant Events Decorations,Harlingen,TX,,"Digital Desert, Review Automation Target, Lead Gen Target, 1-5 Reviews, Food & Beverage / Catering",Google Places,Food & Beverage / Catering,,4,4.5
,,,+19565742392,Braian's Pet Grooming,Harlingen,TX,,"Digital Desert, Review Automation Target, Lead Gen Target, 6-10 Reviews, Pet Services / Grooming",Google Places,Pet Services / Grooming,,9,5
,,,+19562041645,A&S Plumbing,Brownsville,TX,,"Digital Desert, Review Automation Target, Lead Gen Target, 11-25 Reviews, Home Services / Plumbing",Google Places,Home Services / Plumbing,,20,4.9
,,,+19565215906,LOPEZ PLUMBING,Brownsville,TX,,"Digital Desert, Review Automation Target, Lead Gen Target, 11-25 Reviews, Home Services / Plumbing",Google Places,Home Services / Plumbing,,15,3.9
,,,+19564666638,Ramirez Plumbing,Brownsville,TX,,"Digital Desert, Review Automation Target, Lead Gen Target, 11-25 Reviews, Home Services / Plumbing",Google Places,Home Services / Plumbing,,23,2.9
,,,+19565427243,Torres Plumbing,Brownsville,TX,,"Digital Desert, Review Automation Target, Lead Gen Target, 6-10 Reviews, Home Services / Plumbing",Google Places,Home Services / Plumbing,,10,2.4
,,,+19568319212,Angel Chronis Plumbing,Brownsville,TX,,"Digital Desert, Review Automation Target, Lead Gen Target, 1-5 Reviews, Home Services / Plumbing",Google Places,Home Services / Plumbing,,4,3
,,,+19565921207,North Star Electric Llc,Brownsville,TX,,"Digital Desert, Review Automation Target, Lead Gen Target, 1-5 Reviews, Home Services / Electrical",Google Places,Home Services / Electrical,,1,5
,,,+19565540095,Gamma Electric,Brownsville,TX,,"Digital Desert, Review Automation Target, Lead Gen Target, 1-5 Reviews, Home Services / Electrical",Google Places,Home Services / Electrical,,2,4.5
,,,+19563509919,Jesse's Enterprise Electric,Brownsville,TX,,"Digital Desert, Review Automation Target, Lead Gen Target, 1-5 Reviews, Home Services / Electrical",Google Places,Home Services / Electrical,,2,5
,,,+19569832977,Leos remodeling & glass,Brownsville,TX,,"Digital Desert, Review Automation Target, Lead Gen Target, 11-25 Reviews, Home Services / Electrical",Google Places,Home Services / Electrical,,11,4.6
,,,+19568313269,Garcia's Electric,Brownsville,TX,,"Digital Desert, Review Automation Target, Lead Gen Target, 1-5 Reviews, Home Services / Electrical",Google Places,Home Services / Electrical,,2,3
,,,+19566858615,Lyonempireleds,Brownsville,TX,,"Digital Desert, Review Automation Target, Lead Gen Target, 0 Reviews - Highest Priority, Home Services / Electrical",Google Places,Home Services / Electrical,,0,
,,,+19564666236,Everest Air Conditioning and Heating,Brownsville,TX,,"Digital Desert, Review Automation Target, Lead Gen Target, 11-25 Reviews, Home Services / HVAC",Google Places,Home Services / HVAC,,21,4.8
,,,+19564748224,Best HVAC Service: Heating & Air Conditioning,Brownsville,TX,,"Digital Desert, Review Automation Target, Lead Gen Target, 11-25 Reviews, Home Services / HVAC",Google Places,Home Services / HVAC,,23,4.8
,,,+19565978727,Heating and Air Conditioning,Brownsville,TX,,"Digital Desert, Review Automation Target, Lead Gen Target, 11-25 Reviews, Home Services / HVAC",Google Places,Home Services / HVAC,,12,4.9
,,,+19565798677,All Climate Control LLC,Brownsville,TX,,"Digital Desert, Review Automation Target, Lead Gen Target, 11-25 Reviews, Home Services / HVAC",Google Places,Home Services / HVAC,,18,5
,,,+19564312664,Alien Roofing,Brownsville,TX,https://www.alienroofingtx.com/,"Digital Desert, Review Automation Target, Lead Gen Target, 11-25 Reviews, Home Services / Roofing",Google Places,Home Services / Roofing,,15,4.7
,,,+19568329970,Salazar Painting Services,Brownsville,TX,https://paintingservicestx.com/,"Digital Desert, Review Automation Target, Lead Gen Target, 1-5 Reviews, Home Services / Painting",Google Places,Home Services / Painting,,1,5
,,,,A&L painting & remolding.,Brownsville,TX,,"Digital Desert, Review Automation Target, Lead Gen Target, 0 Reviews - Highest Priority, Home Services / Painting",Google Places,Home Services / Painting,,0,
,,,+19565188735,Pedritos Painting & Remodeling,Brownsville,TX,,"Digital Desert, Review Automation Target, Lead Gen Target, 1-5 Reviews, Home Services / Painting",Google Places,Home Services / Painting,,1,5
,,,+19564109526,B & E Art Studio,Brownsville,TX,http://facebook.com/bandeartstudio,"Digital Desert, Review Automation Target, Lead Gen Target, 11-25 Reviews, Home Services / Painting",Google Places,Home Services / Painting,,14,5
,,,,Puente Art Studio,Brownsville,TX,,"Digital Desert, Review Automation Target, Lead Gen Target, 11-25 Reviews, Home Services / Painting",Google Places,Home Services / Painting,,12,4.3
,,,+19565410281,Fernando Garcia Paint-Drywall,Brownsville,TX,,"Digital Desert, Review Automation Target, Lead Gen Target, 1-5 Reviews, Home Services / Painting",Google Places,Home Services / Painting,,2,2
